INFO:sentence_transformers.SentenceTransformer:Use pytorch device_name: cpu
INFO:sentence_transformers.SentenceTransformer:Load pretrained SentenceTransformer: sentence-transformers/all-MiniLM-L6-v2
INFO:chromadb.telemetry.product.posthog:Anonymized telemetry enabled. See                     https://docs.trychroma.com/telemetry for more information.
INFO:sentence_transformers.SentenceTransformer:Use pytorch device_name: cpu
INFO:sentence_transformers.SentenceTransformer:Load pretrained SentenceTransformer: sentence-transformers/all-MiniLM-L6-v2
INFO:chromadb.telemetry.product.posthog:Anonymized telemetry enabled. See                     https://docs.trychroma.com/telemetry for more information.
INFO:sentence_transformers.SentenceTransformer:Use pytorch device_name: cpu
INFO:sentence_transformers.SentenceTransformer:Load pretrained SentenceTransformer: sentence-transformers/all-MiniLM-L6-v2
INFO:chromadb.telemetry.product.posthog:Anonymized telemetry enabled. See                     https://docs.trychroma.com/telemetry for more information.
INFO:sentence_transformers.SentenceTransformer:Use pytorch device_name: cpu
INFO:sentence_transformers.SentenceTransformer:Load pretrained SentenceTransformer: sentence-transformers/all-MiniLM-L6-v2
INFO:chromadb.telemetry.product.posthog:Anonymized telemetry enabled. See                     https://docs.trychroma.com/telemetry for more information.
INFO:sentence_transformers.SentenceTransformer:Use pytorch device_name: cpu
INFO:sentence_transformers.SentenceTransformer:Load pretrained SentenceTransformer: sentence-transformers/all-MiniLM-L6-v2
INFO:chromadb.telemetry.product.posthog:Anonymized telemetry enabled. See                     https://docs.trychroma.com/telemetry for more information.
INFO:sentence_transformers.SentenceTransformer:Use pytorch device_name: cpu
INFO:sentence_transformers.SentenceTransformer:Load pretrained SentenceTransformer: sentence-transformers/all-MiniLM-L6-v2
INFO:chromadb.telemetry.product.posthog:Anonymized telemetry enabled. See                     https://docs.trychroma.com/telemetry for more information.
INFO:sentence_transformers.SentenceTransformer:Use pytorch device_name: cpu
INFO:sentence_transformers.SentenceTransformer:Load pretrained SentenceTransformer: sentence-transformers/all-MiniLM-L6-v2
INFO:chromadb.telemetry.product.posthog:Anonymized telemetry enabled. See                     https://docs.trychroma.com/telemetry for more information.
INFO:sentence_transformers.SentenceTransformer:Use pytorch device_name: cpu
INFO:sentence_transformers.SentenceTransformer:Load pretrained SentenceTransformer: sentence-transformers/all-MiniLM-L6-v2
INFO:chromadb.telemetry.product.posthog:Anonymized telemetry enabled. See                     https://docs.trychroma.com/telemetry for more information.
INFO:sentence_transformers.SentenceTransformer:Use pytorch device_name: cpu
INFO:sentence_transformers.SentenceTransformer:Load pretrained SentenceTransformer: sentence-transformers/all-MiniLM-L6-v2
INFO:chromadb.telemetry.product.posthog:Anonymized telemetry enabled. See                     https://docs.trychroma.com/telemetry for more information.
INFO:sentence_transformers.SentenceTransformer:Use pytorch device_name: cpu
INFO:sentence_transformers.SentenceTransformer:Load pretrained SentenceTransformer: sentence-transformers/all-MiniLM-L6-v2
INFO:chromadb.telemetry.product.posthog:Anonymized telemetry enabled. See                     https://docs.trychroma.com/telemetry for more information.
INFO:sentence_transformers.SentenceTransformer:Use pytorch device_name: cpu
INFO:sentence_transformers.SentenceTransformer:Load pretrained SentenceTransformer: sentence-transformers/all-MiniLM-L6-v2
INFO:chromadb.telemetry.product.posthog:Anonymized telemetry enabled. See                     https://docs.trychroma.com/telemetry for more information.
INFO:sentence_transformers.SentenceTransformer:Use pytorch device_name: cpu
INFO:sentence_transformers.SentenceTransformer:Load pretrained SentenceTransformer: sentence-transformers/all-MiniLM-L6-v2
INFO:chromadb.telemetry.product.posthog:Anonymized telemetry enabled. See                     https://docs.trychroma.com/telemetry for more information.
INFO:sentence_transformers.SentenceTransformer:Use pytorch device_name: cpu
INFO:sentence_transformers.SentenceTransformer:Load pretrained SentenceTransformer: sentence-transformers/all-MiniLM-L6-v2
INFO:chromadb.telemetry.product.posthog:Anonymized telemetry enabled. See                     https://docs.trychroma.com/telemetry for more information.
INFO:sentence_transformers.SentenceTransformer:Use pytorch device_name: cpu
INFO:sentence_transformers.SentenceTransformer:Load pretrained SentenceTransformer: sentence-transformers/all-MiniLM-L6-v2
INFO:chromadb.telemetry.product.posthog:Anonymized telemetry enabled. See                     https://docs.trychroma.com/telemetry for more information.
INFO:sentence_transformers.SentenceTransformer:Use pytorch device_name: cpu
INFO:sentence_transformers.SentenceTransformer:Load pretrained SentenceTransformer: sentence-transformers/all-MiniLM-L6-v2
INFO:chromadb.telemetry.product.posthog:Anonymized telemetry enabled. See                     https://docs.trychroma.com/telemetry for more information.
INFO:sentence_transformers.SentenceTransformer:Use pytorch device_name: cpu
INFO:sentence_transformers.SentenceTransformer:Load pretrained SentenceTransformer: sentence-transformers/all-MiniLM-L6-v2
INFO:chromadb.telemetry.product.posthog:Anonymized telemetry enabled. See                     https://docs.trychroma.com/telemetry for more information.
INFO:sentence_transformers.SentenceTransformer:Use pytorch device_name: cpu
INFO:sentence_transformers.SentenceTransformer:Load pretrained SentenceTransformer: sentence-transformers/all-MiniLM-L6-v2
INFO:chromadb.telemetry.product.posthog:Anonymized telemetry enabled. See                     https://docs.trychroma.com/telemetry for more information.
INFO:sentence_transformers.SentenceTransformer:Use pytorch device_name: cpu
INFO:sentence_transformers.SentenceTransformer:Load pretrained SentenceTransformer: sentence-transformers/all-MiniLM-L6-v2
INFO:chromadb.telemetry.product.posthog:Anonymized telemetry enabled. See                     https://docs.trychroma.com/telemetry for more information.
INFO:sentence_transformers.SentenceTransformer:Use pytorch device_name: cpu
INFO:sentence_transformers.SentenceTransformer:Load pretrained SentenceTransformer: sentence-transformers/all-MiniLM-L6-v2
INFO:chromadb.telemetry.product.posthog:Anonymized telemetry enabled. See                     https://docs.trychroma.com/telemetry for more information.
INFO:sentence_transformers.SentenceTransformer:Use pytorch device_name: cpu
INFO:sentence_transformers.SentenceTransformer:Load pretrained SentenceTransformer: sentence-transformers/all-MiniLM-L6-v2
INFO:chromadb.telemetry.product.posthog:Anonymized telemetry enabled. See                     https://docs.trychroma.com/telemetry for more information.
INFO:sentence_transformers.SentenceTransformer:Use pytorch device_name: cpu
INFO:sentence_transformers.SentenceTransformer:Load pretrained SentenceTransformer: sentence-transformers/all-MiniLM-L6-v2
INFO:chromadb.telemetry.product.posthog:Anonymized telemetry enabled. See                     https://docs.trychroma.com/telemetry for more information.
INFO:sentence_transformers.SentenceTransformer:Use pytorch device_name: cpu
INFO:sentence_transformers.SentenceTransformer:Load pretrained SentenceTransformer: sentence-transformers/all-MiniLM-L6-v2
INFO:chromadb.telemetry.product.posthog:Anonymized telemetry enabled. See                     https://docs.trychroma.com/telemetry for more information.
INFO:sentence_transformers.SentenceTransformer:Use pytorch device_name: cpu
INFO:sentence_transformers.SentenceTransformer:Load pretrained SentenceTransformer: sentence-transformers/all-MiniLM-L6-v2
INFO:chromadb.telemetry.product.posthog:Anonymized telemetry enabled. See                     https://docs.trychroma.com/telemetry for more information.
INFO:sentence_transformers.SentenceTransformer:Use pytorch device_name: cpu
INFO:sentence_transformers.SentenceTransformer:Load pretrained SentenceTransformer: sentence-transformers/all-MiniLM-L6-v2
INFO:chromadb.telemetry.product.posthog:Anonymized telemetry enabled. See                     https://docs.trychroma.com/telemetry for more information.
INFO:sentence_transformers.SentenceTransformer:Use pytorch device_name: cpu
INFO:sentence_transformers.SentenceTransformer:Load pretrained SentenceTransformer: sentence-transformers/all-MiniLM-L6-v2
INFO:chromadb.telemetry.product.posthog:Anonymized telemetry enabled. See                     https://docs.trychroma.com/telemetry for more information.
INFO:sentence_transformers.SentenceTransformer:Use pytorch device_name: cpu
INFO:sentence_transformers.SentenceTransformer:Load pretrained SentenceTransformer: sentence-transformers/all-MiniLM-L6-v2
INFO:chromadb.telemetry.product.posthog:Anonymized telemetry enabled. See                     https://docs.trychroma.com/telemetry for more information.
INFO:sentence_transformers.SentenceTransformer:Use pytorch device_name: cpu
INFO:sentence_transformers.SentenceTransformer:Load pretrained SentenceTransformer: sentence-transformers/all-MiniLM-L6-v2
INFO:chromadb.telemetry.product.posthog:Anonymized telemetry enabled. See                     https://docs.trychroma.com/telemetry for more information.
INFO:sentence_transformers.SentenceTransformer:Use pytorch device_name: cpu
INFO:sentence_transformers.SentenceTransformer:Load pretrained SentenceTransformer: sentence-transformers/all-MiniLM-L6-v2
INFO:chromadb.telemetry.product.posthog:Anonymized telemetry enabled. See                     https://docs.trychroma.com/telemetry for more information.
INFO:sentence_transformers.SentenceTransformer:Use pytorch device_name: cpu
INFO:sentence_transformers.SentenceTransformer:Load pretrained SentenceTransformer: sentence-transformers/all-MiniLM-L6-v2
INFO:chromadb.telemetry.product.posthog:Anonymized telemetry enabled. See                     https://docs.trychroma.com/telemetry for more information.
INFO:sentence_transformers.SentenceTransformer:Use pytorch device_name: cpu
INFO:sentence_transformers.SentenceTransformer:Load pretrained SentenceTransformer: sentence-transformers/all-MiniLM-L6-v2
INFO:chromadb.telemetry.product.posthog:Anonymized telemetry enabled. See                     https://docs.trychroma.com/telemetry for more information.
INFO:sentence_transformers.SentenceTransformer:Use pytorch device_name: cpu
INFO:sentence_transformers.SentenceTransformer:Load pretrained SentenceTransformer: sentence-transformers/all-MiniLM-L6-v2
INFO:chromadb.telemetry.product.posthog:Anonymized telemetry enabled. See                     https://docs.trychroma.com/telemetry for more information.
INFO:sentence_transformers.SentenceTransformer:Use pytorch device_name: cpu
INFO:sentence_transformers.SentenceTransformer:Load pretrained SentenceTransformer: sentence-transformers/all-MiniLM-L6-v2
INFO:chromadb.telemetry.product.posthog:Anonymized telemetry enabled. See                     https://docs.trychroma.com/telemetry for more information.
INFO:sentence_transformers.SentenceTransformer:Use pytorch device_name: cpu
INFO:sentence_transformers.SentenceTransformer:Load pretrained SentenceTransformer: sentence-transformers/all-MiniLM-L6-v2
INFO:chromadb.telemetry.product.posthog:Anonymized telemetry enabled. See                     https://docs.trychroma.com/telemetry for more information.
INFO:sentence_transformers.SentenceTransformer:Use pytorch device_name: cpu
INFO:sentence_transformers.SentenceTransformer:Load pretrained SentenceTransformer: sentence-transformers/all-MiniLM-L6-v2
INFO:chromadb.telemetry.product.posthog:Anonymized telemetry enabled. See                     https://docs.trychroma.com/telemetry for more information.
INFO:sentence_transformers.SentenceTransformer:Use pytorch device_name: cpu
INFO:sentence_transformers.SentenceTransformer:Load pretrained SentenceTransformer: sentence-transformers/all-MiniLM-L6-v2
INFO:chromadb.telemetry.product.posthog:Anonymized telemetry enabled. See                     https://docs.trychroma.com/telemetry for more information.
INFO:sentence_transformers.SentenceTransformer:Use pytorch device_name: cpu
INFO:sentence_transformers.SentenceTransformer:Load pretrained SentenceTransformer: sentence-transformers/all-MiniLM-L6-v2
INFO:chromadb.telemetry.product.posthog:Anonymized telemetry enabled. See                     https://docs.trychroma.com/telemetry for more information.
INFO:sentence_transformers.SentenceTransformer:Use pytorch device_name: cpu
INFO:sentence_transformers.SentenceTransformer:Load pretrained SentenceTransformer: sentence-transformers/all-MiniLM-L6-v2
INFO:chromadb.telemetry.product.posthog:Anonymized telemetry enabled. See                     https://docs.trychroma.com/telemetry for more information.
INFO:sentence_transformers.SentenceTransformer:Use pytorch device_name: cpu
INFO:sentence_transformers.SentenceTransformer:Load pretrained SentenceTransformer: sentence-transformers/all-MiniLM-L6-v2
INFO:chromadb.telemetry.product.posthog:Anonymized telemetry enabled. See                     https://docs.trychroma.com/telemetry for more information.
INFO:sentence_transformers.SentenceTransformer:Use pytorch device_name: cpu
INFO:sentence_transformers.SentenceTransformer:Load pretrained SentenceTransformer: sentence-transformers/all-MiniLM-L6-v2
INFO:chromadb.telemetry.product.posthog:Anonymized telemetry enabled. See                     https://docs.trychroma.com/telemetry for more information.
INFO:sentence_transformers.SentenceTransformer:Use pytorch device_name: cpu
INFO:sentence_transformers.SentenceTransformer:Load pretrained SentenceTransformer: sentence-transformers/all-MiniLM-L6-v2
INFO:chromadb.telemetry.product.posthog:Anonymized telemetry enabled. See                     https://docs.trychroma.com/telemetry for more information.
INFO:sentence_transformers.SentenceTransformer:Use pytorch device_name: cpu
INFO:sentence_transformers.SentenceTransformer:Load pretrained SentenceTransformer: sentence-transformers/all-MiniLM-L6-v2
INFO:chromadb.telemetry.product.posthog:Anonymized telemetry enabled. See                     https://docs.trychroma.com/telemetry for more information.
INFO:sentence_transformers.SentenceTransformer:Use pytorch device_name: cpu
INFO:sentence_transformers.SentenceTransformer:Load pretrained SentenceTransformer: sentence-transformers/all-MiniLM-L6-v2
INFO:chromadb.telemetry.product.posthog:Anonymized telemetry enabled. See                     https://docs.trychroma.com/telemetry for more information.
INFO:sentence_transformers.SentenceTransformer:Use pytorch device_name: cpu
INFO:sentence_transformers.SentenceTransformer:Load pretrained SentenceTransformer: sentence-transformers/all-MiniLM-L6-v2
INFO:chromadb.telemetry.product.posthog:Anonymized telemetry enabled. See                     https://docs.trychroma.com/telemetry for more information.
INFO:sentence_transformers.SentenceTransformer:Use pytorch device_name: cpu
INFO:sentence_transformers.SentenceTransformer:Load pretrained SentenceTransformer: sentence-transformers/all-MiniLM-L6-v2
INFO:chromadb.telemetry.product.posthog:Anonymized telemetry enabled. See                     https://docs.trychroma.com/telemetry for more information.
INFO:sentence_transformers.SentenceTransformer:Use pytorch device_name: cpu
INFO:sentence_transformers.SentenceTransformer:Load pretrained SentenceTransformer: sentence-transformers/all-MiniLM-L6-v2
INFO:chromadb.telemetry.product.posthog:Anonymized telemetry enabled. See                     https://docs.trychroma.com/telemetry for more information.
INFO:sentence_transformers.SentenceTransformer:Use pytorch device_name: cpu
INFO:sentence_transformers.SentenceTransformer:Load pretrained SentenceTransformer: sentence-transformers/all-MiniLM-L6-v2
INFO:chromadb.telemetry.product.posthog:Anonymized telemetry enabled. See                     https://docs.trychroma.com/telemetry for more information.
INFO:sentence_transformers.SentenceTransformer:Use pytorch device_name: cpu
INFO:sentence_transformers.SentenceTransformer:Load pretrained SentenceTransformer: sentence-transformers/all-MiniLM-L6-v2
INFO:chromadb.telemetry.product.posthog:Anonymized telemetry enabled. See                     https://docs.trychroma.com/telemetry for more information.
INFO:sentence_transformers.SentenceTransformer:Use pytorch device_name: cpu
INFO:sentence_transformers.SentenceTransformer:Load pretrained SentenceTransformer: sentence-transformers/all-MiniLM-L6-v2
INFO:chromadb.telemetry.product.posthog:Anonymized telemetry enabled. See                     https://docs.trychroma.com/telemetry for more information.
INFO:sentence_transformers.SentenceTransformer:Use pytorch device_name: cpu
INFO:sentence_transformers.SentenceTransformer:Load pretrained SentenceTransformer: sentence-transformers/all-MiniLM-L6-v2
INFO:chromadb.telemetry.product.posthog:Anonymized telemetry enabled. See                     https://docs.trychroma.com/telemetry for more information.
INFO:sentence_transformers.SentenceTransformer:Use pytorch device_name: cpu
INFO:sentence_transformers.SentenceTransformer:Load pretrained SentenceTransformer: sentence-transformers/all-MiniLM-L6-v2
INFO:chromadb.telemetry.product.posthog:Anonymized telemetry enabled. See                     https://docs.trychroma.com/telemetry for more information.
INFO:sentence_transformers.SentenceTransformer:Use pytorch device_name: cpu
INFO:sentence_transformers.SentenceTransformer:Load pretrained SentenceTransformer: sentence-transformers/all-MiniLM-L6-v2
INFO:chromadb.telemetry.product.posthog:Anonymized telemetry enabled. See                     https://docs.trychroma.com/telemetry for more information.
INFO:sentence_transformers.SentenceTransformer:Use pytorch device_name: cpu
INFO:sentence_transformers.SentenceTransformer:Load pretrained SentenceTransformer: sentence-transformers/all-MiniLM-L6-v2
INFO:chromadb.telemetry.product.posthog:Anonymized telemetry enabled. See                     https://docs.trychroma.com/telemetry for more information.
ERROR:asyncio:Task was destroyed but it is pending!
task: <Task pending name='Task-7' coro=<<async_generator_athrow without __name__>()>>
INFO:sentence_transformers.SentenceTransformer:Use pytorch device_name: cpu
INFO:sentence_transformers.SentenceTransformer:Load pretrained SentenceTransformer: sentence-transformers/all-MiniLM-L6-v2
INFO:chromadb.telemetry.product.posthog:Anonymized telemetry enabled. See                     https://docs.trychroma.com/telemetry for more information.
INFO:sentence_transformers.SentenceTransformer:Use pytorch device_name: cpu
INFO:sentence_transformers.SentenceTransformer:Load pretrained SentenceTransformer: sentence-transformers/all-MiniLM-L6-v2
INFO:chromadb.telemetry.product.posthog:Anonymized telemetry enabled. See                     https://docs.trychroma.com/telemetry for more information.
INFO:root:Session ID: 6b378477-f6a3-476e-9fb9-1279c2bc0b4b, User Query: How are you?, Model: None
INFO:root:Session ID: 610f68db-797a-45fb-bec9-859c713baa19, User Query: How are you?, Model: None
INFO:sentence_transformers.SentenceTransformer:Use pytorch device_name: cpu
INFO:sentence_transformers.SentenceTransformer:Load pretrained SentenceTransformer: sentence-transformers/all-MiniLM-L6-v2
INFO:chromadb.telemetry.product.posthog:Anonymized telemetry enabled. See                     https://docs.trychroma.com/telemetry for more information.
INFO:root:Session ID: 8ee5b298-59f0-4e05-ba71-999c5afd818f, User Query: How are you?, Model: ModelName.Mixtral_v0_1
INFO:root:Session ID: bafdb720-74e0-4789-b344-178551a2b9a1, User Query: How are you?, Model: ModelName.Mixtral_v0_1
INFO:sentence_transformers.SentenceTransformer:Use pytorch device_name: cpu
INFO:sentence_transformers.SentenceTransformer:Load pretrained SentenceTransformer: sentence-transformers/all-MiniLM-L6-v2
INFO:chromadb.telemetry.product.posthog:Anonymized telemetry enabled. See                     https://docs.trychroma.com/telemetry for more information.
INFO:root:Session ID: bff86c7f-18ab-40ac-adf6-c1882361d3a5, User Query: How are you?, Model: mistralai/Mixtral-8x7B-Instruct-v0.1
INFO:sentence_transformers.SentenceTransformer:Use pytorch device_name: cpu
INFO:sentence_transformers.SentenceTransformer:Load pretrained SentenceTransformer: sentence-transformers/all-MiniLM-L6-v2
INFO:chromadb.telemetry.product.posthog:Anonymized telemetry enabled. See                     https://docs.trychroma.com/telemetry for more information.
INFO:root:Session ID: d87dedc7-7c70-417b-8398-e2895badac0a, User Query: How are you?, Model: mistralai/Mixtral-8x7B-Instruct-v0.1
INFO:sentence_transformers.SentenceTransformer:Use pytorch device_name: cpu
INFO:sentence_transformers.SentenceTransformer:Load pretrained SentenceTransformer: sentence-transformers/all-MiniLM-L6-v2
INFO:chromadb.telemetry.product.posthog:Anonymized telemetry enabled. See                     https://docs.trychroma.com/telemetry for more information.
INFO:sentence_transformers.SentenceTransformer:Use pytorch device_name: cpu
INFO:sentence_transformers.SentenceTransformer:Load pretrained SentenceTransformer: sentence-transformers/all-MiniLM-L6-v2
INFO:chromadb.telemetry.product.posthog:Anonymized telemetry enabled. See                     https://docs.trychroma.com/telemetry for more information.
INFO:sentence_transformers.SentenceTransformer:Use pytorch device_name: cpu
INFO:sentence_transformers.SentenceTransformer:Load pretrained SentenceTransformer: sentence-transformers/all-MiniLM-L6-v2
INFO:chromadb.telemetry.product.posthog:Anonymized telemetry enabled. See                     https://docs.trychroma.com/telemetry for more information.
INFO:root:Session ID: 18cceed0-0f03-417e-bd8f-64240742b9a0, User Query: How are you?, Model: mistralai/Mixtral-8x7B-Instruct-v0.1
INFO:sentence_transformers.SentenceTransformer:Use pytorch device_name: cpu
INFO:sentence_transformers.SentenceTransformer:Load pretrained SentenceTransformer: sentence-transformers/all-MiniLM-L6-v2
INFO:chromadb.telemetry.product.posthog:Anonymized telemetry enabled. See                     https://docs.trychroma.com/telemetry for more information.
INFO:root:Session ID: 4e0bc6cb-d199-4d98-8f04-154f5c831a26, User Query: How are you?, Model: mistralai/Mixtral-8x7B-Instruct-v0.1
INFO:root:Session ID: 918f2729-e4d2-4194-8b1e-c2aad903a272, User Query: How are you?, Model: mistralai/Mixtral-8x7B-Instruct-v0.1
INFO:sentence_transformers.SentenceTransformer:Use pytorch device_name: cpu
INFO:sentence_transformers.SentenceTransformer:Load pretrained SentenceTransformer: sentence-transformers/all-MiniLM-L6-v2
INFO:chromadb.telemetry.product.posthog:Anonymized telemetry enabled. See                     https://docs.trychroma.com/telemetry for more information.
INFO:root:Session ID: 4d4a651c-dd4d-474e-ac54-9f581ff167c6, User Query: How are you?, Model: mistralai/Mixtral-8x7B-Instruct-v0.1
INFO:root:Session ID: ad548599-8416-4320-ae6f-237ea08840c9, User Query: How are you?, Model: mistralai/Mixtral-8x7B-Instruct-v0.1
INFO:root:Session ID: 62695bdb-2e7c-4739-b0e2-f6e8c6a38df5, User Query: How are you?, Model: mistralai/Mixtral-8x7B-Instruct-v0.1
INFO:root:Session ID: 28ba5db1-0ca9-4b14-a512-63bd97715471, User Query: How are you?, Model: mistralai/Mixtral-8x7B-Instruct-v0.1
INFO:root:Session ID: 77b92422-882c-46a2-9b6d-0777c4cc7000, User Query: How are you?, Model: mistralai/Mixtral-8x7B-Instruct-v0.1
WARNING:huggingface_hub.file_download:Xet Storage is enabled for this repo, but the 'hf_xet' package is not installed. Falling back to regular HTTP download. For better performance, install the package with: `pip install huggingface_hub[hf_xet]` or `pip install hf_xet`
WARNING:huggingface_hub.file_download:Xet Storage is enabled for this repo, but the 'hf_xet' package is not installed. Falling back to regular HTTP download. For better performance, install the package with: `pip install huggingface_hub[hf_xet]` or `pip install hf_xet`
WARNING:huggingface_hub.file_download:Xet Storage is enabled for this repo, but the 'hf_xet' package is not installed. Falling back to regular HTTP download. For better performance, install the package with: `pip install huggingface_hub[hf_xet]` or `pip install hf_xet`
WARNING:huggingface_hub.file_download:Xet Storage is enabled for this repo, but the 'hf_xet' package is not installed. Falling back to regular HTTP download. For better performance, install the package with: `pip install huggingface_hub[hf_xet]` or `pip install hf_xet`
WARNING:huggingface_hub.file_download:Xet Storage is enabled for this repo, but the 'hf_xet' package is not installed. Falling back to regular HTTP download. For better performance, install the package with: `pip install huggingface_hub[hf_xet]` or `pip install hf_xet`
WARNING:huggingface_hub.file_download:Xet Storage is enabled for this repo, but the 'hf_xet' package is not installed. Falling back to regular HTTP download. For better performance, install the package with: `pip install huggingface_hub[hf_xet]` or `pip install hf_xet`
WARNING:huggingface_hub.file_download:Xet Storage is enabled for this repo, but the 'hf_xet' package is not installed. Falling back to regular HTTP download. For better performance, install the package with: `pip install huggingface_hub[hf_xet]` or `pip install hf_xet`
WARNING:huggingface_hub.file_download:Xet Storage is enabled for this repo, but the 'hf_xet' package is not installed. Falling back to regular HTTP download. For better performance, install the package with: `pip install huggingface_hub[hf_xet]` or `pip install hf_xet`
WARNING:huggingface_hub.file_download:Xet Storage is enabled for this repo, but the 'hf_xet' package is not installed. Falling back to regular HTTP download. For better performance, install the package with: `pip install huggingface_hub[hf_xet]` or `pip install hf_xet`
INFO:sentence_transformers.SentenceTransformer:Use pytorch device_name: cpu
INFO:sentence_transformers.SentenceTransformer:Load pretrained SentenceTransformer: sentence-transformers/all-MiniLM-L6-v2
WARNING:huggingface_hub.file_download:Xet Storage is enabled for this repo, but the 'hf_xet' package is not installed. Falling back to regular HTTP download. For better performance, install the package with: `pip install huggingface_hub[hf_xet]` or `pip install hf_xet`
INFO:chromadb.telemetry.product.posthog:Anonymized telemetry enabled. See                     https://docs.trychroma.com/telemetry for more information.
INFO:root:Session ID: 3608e828-a82e-4d91-8e1c-1d812be73927, User Query: How are you?, Model: mistralai/Mixtral-8x7B-Instruct-v0.1
INFO:sentence_transformers.SentenceTransformer:Use pytorch device_name: cpu
INFO:sentence_transformers.SentenceTransformer:Load pretrained SentenceTransformer: sentence-transformers/all-MiniLM-L6-v2
INFO:chromadb.telemetry.product.posthog:Anonymized telemetry enabled. See                     https://docs.trychroma.com/telemetry for more information.
INFO:root:Session ID: cea275a9-d6eb-4393-8ea4-cce761a0b10e, User Query: How are you?, Model: mistralai/Mixtral-8x7B-Instruct-v0.1
INFO:sentence_transformers.SentenceTransformer:Use pytorch device_name: cpu
INFO:sentence_transformers.SentenceTransformer:Load pretrained SentenceTransformer: sentence-transformers/all-MiniLM-L6-v2
INFO:chromadb.telemetry.product.posthog:Anonymized telemetry enabled. See                     https://docs.trychroma.com/telemetry for more information.
INFO:sentence_transformers.SentenceTransformer:Use pytorch device_name: cpu
INFO:sentence_transformers.SentenceTransformer:Load pretrained SentenceTransformer: sentence-transformers/all-MiniLM-L6-v2
INFO:chromadb.telemetry.product.posthog:Anonymized telemetry enabled. See                     https://docs.trychroma.com/telemetry for more information.
INFO:root:Session ID: 7e4a5a51-6f91-4cd1-85ed-81a71eb1c8ee, User Query: How are you?, Model: mistralai/Mixtral-8x7B-Instruct-v0.1
INFO:sentence_transformers.SentenceTransformer:Use pytorch device_name: cpu
INFO:sentence_transformers.SentenceTransformer:Load pretrained SentenceTransformer: sentence-transformers/all-MiniLM-L6-v2
INFO:chromadb.telemetry.product.posthog:Anonymized telemetry enabled. See                     https://docs.trychroma.com/telemetry for more information.
INFO:sentence_transformers.SentenceTransformer:Use pytorch device_name: cpu
INFO:sentence_transformers.SentenceTransformer:Load pretrained SentenceTransformer: sentence-transformers/all-MiniLM-L6-v2
INFO:chromadb.telemetry.product.posthog:Anonymized telemetry enabled. See                     https://docs.trychroma.com/telemetry for more information.
INFO:sentence_transformers.SentenceTransformer:Use pytorch device_name: cpu
INFO:sentence_transformers.SentenceTransformer:Load pretrained SentenceTransformer: sentence-transformers/all-MiniLM-L6-v2
INFO:chromadb.telemetry.product.posthog:Anonymized telemetry enabled. See                     https://docs.trychroma.com/telemetry for more information.
INFO:root:Session ID: 2d1cea23-9ab4-403c-90cd-58545015768e, User Query: How are you?, Model: mistralai/Mixtral-8x7B-Instruct-v0.1
INFO:sentence_transformers.SentenceTransformer:Use pytorch device_name: cpu
INFO:sentence_transformers.SentenceTransformer:Load pretrained SentenceTransformer: sentence-transformers/all-MiniLM-L6-v2
INFO:chromadb.telemetry.product.posthog:Anonymized telemetry enabled. See                     https://docs.trychroma.com/telemetry for more information.
INFO:root:Session ID: be1a3c6f-d84b-4dd6-9f7e-c654748c4928, User Query: How are you?, Model: mistralai/Mixtral-8x7B-Instruct-v0.1
INFO:sentence_transformers.SentenceTransformer:Use pytorch device_name: cpu
INFO:sentence_transformers.SentenceTransformer:Load pretrained SentenceTransformer: sentence-transformers/all-MiniLM-L6-v2
INFO:chromadb.telemetry.product.posthog:Anonymized telemetry enabled. See                     https://docs.trychroma.com/telemetry for more information.
INFO:root:Session ID: 9ddd3094-a65e-4b8d-babd-6dd6f40b0303, User Query: How are you?, Model: mistralai/Mixtral-8x7B-Instruct-v0.1
INFO:sentence_transformers.SentenceTransformer:Use pytorch device_name: cpu
INFO:sentence_transformers.SentenceTransformer:Load pretrained SentenceTransformer: sentence-transformers/all-MiniLM-L6-v2
INFO:chromadb.telemetry.product.posthog:Anonymized telemetry enabled. See                     https://docs.trychroma.com/telemetry for more information.
INFO:root:Session ID: 60a729be-184c-40e7-a3b1-b28964c06b2f, User Query: How are you?, Model: ModelName.Mixtral_v0_1
INFO:root:Session ID: 60a729be-184c-40e7-a3b1-b28964c06b2f, AI Response:  I'm an AI language model, so I don't have feelings, but I'm here and ready to assist you! Given the context you've provided, I can help answer questions related to the themes and ideas presented in Jeremiah 17:1-13, Psalm 1, and the concept of trusting in the Lord. 

For instance, if you're wondering how to apply the idea of faithful service to the Lord in your own life, you might consider setting aside dedicated time for prayer, Bible study, or volunteering in your community. Reflecting on the courage and commitment of Christian martyrs can also be a powerful inspiration for remaining faithful in the face of personal trials and struggles.

Remember, the goal is not to compare ourselves to these martyrs, but to learn from their examples and to grow in our own commitment to the Lord. It's also important to note that faithful service can take many forms, and it's essential to seek guidance from God in discerning how He is calling you to serve Him.

Would you like to discuss any of these points in more detail, or do you have other questions related to the session notes you've shared?
INFO:root:Session ID: 1b12ab62-acc0-43d8-8a14-2cbfb7f4e35d, User Query: What is the weather in HK?, Model: ModelName.Mixtral_v0_1
INFO:root:Session ID: 1b12ab62-acc0-43d8-8a14-2cbfb7f4e35d, AI Response:  I'm here to provide information related to the topic at hand, which is the interpretation and application of biblical text. As for the weather in Hong Kong, I can tell you that it's a part of my capabilities, but I want to ensure that I'm meeting your expectations by providing relevant information. If you have any questions about the material in the context provided, such as seeking clarification on the summary of Jeremiah 17:1-13, or how to apply the idea of trusting in the Lord in everyday situations, I'd be happy to help!

As for the weather in Hong Kong, I can tell you that it is a tropical climate with warm and humid weather throughout the year. Typically, there are two main seasons ¨C a wet season (May to September) and a dry season (October to April). To get the current weather conditions, I recommend checking a reliable weather forecasting website or application.
INFO:root:Session ID: 7ebb83fa-f840-4e26-b340-5dadd350a52c, User Query: Summarize the book of Jeremiah, Model: ModelName.Mixtral_v0_1
INFO:root:Session ID: 7ebb83fa-f840-4e26-b340-5dadd350a52c, AI Response:  The book of Jeremiah is a prophetic book in the Old Testament that chronicles the messages and experiences of the prophet Jeremiah during the final years of the Kingdom of Judah, before and during its conquest by the Babylonian Empire.

Jeremiah's ministry spanned over 40 years, and his messages from God primarily focused on the coming judgment due to the nation's persistent idolatry, disobedience, and unfaithfulness. The book contains warnings, laments, prayers, and promises from God. It also includes several significant events, such as the siege and fall of Jerusalem, the destruction of the Temple, and the Babylonian exile.

Throughout the book, Jeremiah remains faithful to his calling, even when facing opposition and persecution. He serves as a powerful reminder of God's faithfulness, even in the midst of chaos and destruction. The book ultimately points to the importance of repentance, obedience, and a deep, personal relationship with God.

In the context of the provided session notes, key themes that emerge from the book of Jeremiah include:

1. The consequences of disobedience and rebellion against God.
2. The importance of faithfully serving God, even in difficult circumstances.
3. The power of repentance and turning back to God.
4. The reminder that God is always present and faithful, even in the midst of tragedy and chaos.
5. The assurance that Jesus' sacrifice covers our sins and allows for forgiveness and a restored relationship with God.
INFO:sentence_transformers.SentenceTransformer:Use pytorch device_name: cpu
INFO:sentence_transformers.SentenceTransformer:Load pretrained SentenceTransformer: sentence-transformers/all-MiniLM-L6-v2
INFO:chromadb.telemetry.product.posthog:Anonymized telemetry enabled. See                     https://docs.trychroma.com/telemetry for more information.
INFO:root:Session ID: b98bceff-8292-4fcc-ad98-b952f24b9f08, User Query: Summarize the book of Jeremiah, Model: ModelName.Mixtral_v0_1
INFO:root:Session ID: b98bceff-8292-4fcc-ad98-b952f24b9f08, AI Response:  The book of Jeremiah is a prophetic book in the Old Testament that conveys the message of God to the people of Judah through the prophet Jeremiah. The book spans over several decades and chronicles the events leading up to the destruction of Jerusalem, the capital city of Judah, by the Babylonian empire.

Throughout the book, Jeremiah delivers messages from God, urging the people to turn away from their idolatry and disobedience and to return to Him. However, the people repeatedly ignore Jeremiah's warnings and continue to rebel against God. As a result, God allows the Babylonian empire to conquer Judah and destroy Jerusalem.

The book also highlights God's faithfulness and mercy towards his people, even in the face of their disobedience. Jeremiah's ministry is an example of faithful service to God, and the book encourages readers to serve the Lord faithfully, even when it is difficult or uncomfortable.

Additionally, the book of Jeremiah also includes passages of hope, particularly in the promise of a new covenant that God will make with his people. This new covenant, which is fulfilled in Jesus Christ, offers forgiveness of sins and a restored relationship with God.

In summary, the book of Jeremiah is a powerful and challenging book that calls God's people to repentance and faithfulness. It highlights the consequences of disobedience, the importance of faithful service, and the hope that is found in God's promise of a new covenant through Jesus Christ.
INFO:sentence_transformers.SentenceTransformer:Use pytorch device_name: cpu
INFO:sentence_transformers.SentenceTransformer:Load pretrained SentenceTransformer: sentence-transformers/all-MiniLM-L6-v2
INFO:chromadb.telemetry.product.posthog:Anonymized telemetry enabled. See                     https://docs.trychroma.com/telemetry for more information.
INFO:sentence_transformers.SentenceTransformer:Use pytorch device_name: cpu
INFO:sentence_transformers.SentenceTransformer:Load pretrained SentenceTransformer: sentence-transformers/all-MiniLM-L6-v2
INFO:chromadb.telemetry.product.posthog:Anonymized telemetry enabled. See                     https://docs.trychroma.com/telemetry for more information.
INFO:sentence_transformers.SentenceTransformer:Use pytorch device_name: cpu
INFO:sentence_transformers.SentenceTransformer:Load pretrained SentenceTransformer: sentence-transformers/all-MiniLM-L6-v2
INFO:chromadb.telemetry.product.posthog:Anonymized telemetry enabled. See                     https://docs.trychroma.com/telemetry for more information.
INFO:sentence_transformers.SentenceTransformer:Use pytorch device_name: cpu
INFO:sentence_transformers.SentenceTransformer:Load pretrained SentenceTransformer: sentence-transformers/all-MiniLM-L6-v2
INFO:chromadb.telemetry.product.posthog:Anonymized telemetry enabled. See                     https://docs.trychroma.com/telemetry for more information.
INFO:sentence_transformers.SentenceTransformer:Use pytorch device_name: cpu
INFO:sentence_transformers.SentenceTransformer:Load pretrained SentenceTransformer: sentence-transformers/all-MiniLM-L6-v2
INFO:chromadb.telemetry.product.posthog:Anonymized telemetry enabled. See                     https://docs.trychroma.com/telemetry for more information.
INFO:root:Session ID: b98bceff-8292-4fcc-ad98-b952f24b9f08, User Query: Based on the book of Jeremiah, is God angry at Judah?, Model: ModelName.Mixtral_v0_1
INFO:root:Session ID: b98bceff-8292-4fcc-ad98-b952f24b9f08, AI Response:  Yes, based on the book of Jeremiah, it is clear that God is angry at Judah for their persistent idolatry, disobedience, and rejection of his laws and commands. Throughout the book, God conveys his anger and disappointment to Jeremiah, who then delivers it to the people. However, it's important to note that God's anger is not without reason, as the people of Judah have repeatedly and stubbornly rebelled against God, despite his patience and mercy. At the same time, God's anger is also mixed with his love and compassion for his people, and he repeatedly offers them opportunities to repent and turn back to him. But when they continuously refuse to do so, God ultimately allows them to suffer the consequences of their actions.
INFO:sentence_transformers.SentenceTransformer:Use pytorch device_name: cpu
INFO:sentence_transformers.SentenceTransformer:Load pretrained SentenceTransformer: sentence-transformers/all-MiniLM-L6-v2
INFO:chromadb.telemetry.product.posthog:Anonymized telemetry enabled. See                     https://docs.trychroma.com/telemetry for more information.
INFO:sentence_transformers.SentenceTransformer:Use pytorch device_name: cpu
INFO:sentence_transformers.SentenceTransformer:Load pretrained SentenceTransformer: sentence-transformers/all-MiniLM-L6-v2
INFO:chromadb.telemetry.product.posthog:Anonymized telemetry enabled. See                     https://docs.trychroma.com/telemetry for more information.
INFO:sentence_transformers.SentenceTransformer:Use pytorch device_name: cpu
INFO:sentence_transformers.SentenceTransformer:Load pretrained SentenceTransformer: sentence-transformers/all-MiniLM-L6-v2
INFO:chromadb.telemetry.product.posthog:Anonymized telemetry enabled. See                     https://docs.trychroma.com/telemetry for more information.
INFO:sentence_transformers.SentenceTransformer:Use pytorch device_name: cpu
INFO:sentence_transformers.SentenceTransformer:Load pretrained SentenceTransformer: sentence-transformers/all-MiniLM-L6-v2
INFO:chromadb.telemetry.product.posthog:Anonymized telemetry enabled. See                     https://docs.trychroma.com/telemetry for more information.
INFO:sentence_transformers.SentenceTransformer:Use pytorch device_name: cpu
INFO:sentence_transformers.SentenceTransformer:Load pretrained SentenceTransformer: sentence-transformers/all-MiniLM-L6-v2
INFO:chromadb.telemetry.product.posthog:Anonymized telemetry enabled. See                     https://docs.trychroma.com/telemetry for more information.
INFO:sentence_transformers.SentenceTransformer:Use pytorch device_name: cpu
INFO:sentence_transformers.SentenceTransformer:Load pretrained SentenceTransformer: sentence-transformers/all-MiniLM-L6-v2
INFO:chromadb.telemetry.product.posthog:Anonymized telemetry enabled. See                     https://docs.trychroma.com/telemetry for more information.
INFO:sentence_transformers.SentenceTransformer:Use pytorch device_name: cpu
INFO:sentence_transformers.SentenceTransformer:Load pretrained SentenceTransformer: sentence-transformers/all-MiniLM-L6-v2
INFO:chromadb.telemetry.product.posthog:Anonymized telemetry enabled. See                     https://docs.trychroma.com/telemetry for more information.
INFO:sentence_transformers.SentenceTransformer:Use pytorch device_name: cpu
INFO:sentence_transformers.SentenceTransformer:Load pretrained SentenceTransformer: sentence-transformers/all-MiniLM-L6-v2
INFO:chromadb.telemetry.product.posthog:Anonymized telemetry enabled. See                     https://docs.trychroma.com/telemetry for more information.
INFO:sentence_transformers.SentenceTransformer:Use pytorch device_name: cpu
INFO:sentence_transformers.SentenceTransformer:Load pretrained SentenceTransformer: sentence-transformers/all-MiniLM-L6-v2
INFO:chromadb.telemetry.product.posthog:Anonymized telemetry enabled. See                     https://docs.trychroma.com/telemetry for more information.
INFO:sentence_transformers.SentenceTransformer:Use pytorch device_name: cpu
INFO:sentence_transformers.SentenceTransformer:Load pretrained SentenceTransformer: sentence-transformers/all-MiniLM-L6-v2
INFO:chromadb.telemetry.product.posthog:Anonymized telemetry enabled. See                     https://docs.trychroma.com/telemetry for more information.
INFO:sentence_transformers.SentenceTransformer:Use pytorch device_name: cpu
INFO:sentence_transformers.SentenceTransformer:Load pretrained SentenceTransformer: sentence-transformers/all-MiniLM-L6-v2
INFO:chromadb.telemetry.product.posthog:Anonymized telemetry enabled. See                     https://docs.trychroma.com/telemetry for more information.
INFO:sentence_transformers.SentenceTransformer:Use pytorch device_name: cpu
INFO:sentence_transformers.SentenceTransformer:Load pretrained SentenceTransformer: sentence-transformers/all-MiniLM-L6-v2
INFO:chromadb.telemetry.product.posthog:Anonymized telemetry enabled. See                     https://docs.trychroma.com/telemetry for more information.
INFO:sentence_transformers.SentenceTransformer:Use pytorch device_name: cpu
INFO:sentence_transformers.SentenceTransformer:Load pretrained SentenceTransformer: sentence-transformers/all-MiniLM-L6-v2
INFO:chromadb.telemetry.product.posthog:Anonymized telemetry enabled. See                     https://docs.trychroma.com/telemetry for more information.
INFO:sentence_transformers.SentenceTransformer:Use pytorch device_name: cpu
INFO:sentence_transformers.SentenceTransformer:Load pretrained SentenceTransformer: sentence-transformers/all-MiniLM-L6-v2
INFO:chromadb.telemetry.product.posthog:Anonymized telemetry enabled. See                     https://docs.trychroma.com/telemetry for more information.
INFO:sentence_transformers.SentenceTransformer:Use pytorch device_name: cpu
INFO:sentence_transformers.SentenceTransformer:Load pretrained SentenceTransformer: sentence-transformers/all-MiniLM-L6-v2
INFO:chromadb.telemetry.product.posthog:Anonymized telemetry enabled. See                     https://docs.trychroma.com/telemetry for more information.
INFO:sentence_transformers.SentenceTransformer:Use pytorch device_name: cpu
INFO:sentence_transformers.SentenceTransformer:Load pretrained SentenceTransformer: sentence-transformers/all-MiniLM-L6-v2
INFO:chromadb.telemetry.product.posthog:Anonymized telemetry enabled. See                     https://docs.trychroma.com/telemetry for more information.
INFO:root:Session ID: b98bceff-8292-4fcc-ad98-b952f24b9f08, User Query: Infer a vector db collection name based on this prompt: Based on the book of Jeremiah, is God angry at Judah?, Model: ModelName.Mixtral_v0_1, Collection: default_collection
INFO:root:Session ID: b98bceff-8292-4fcc-ad98-b952f24b9f08, AI Response:  A possible vector database collection name for this prompt could be "JeremiahGodsAngerJudah" or "BookOfJeremiahGodJudahRelationship". These names reflect the content of the prompt, which centers around the relationship between God, Jeremiah, and the people of Judah, and specifically touches on the topic of God's anger towards Judah. This collection name would allow users to easily understand what type of information is contained within the collection and to find it quickly and easily.
INFO:root:Session ID: b98bceff-8292-4fcc-ad98-b952f24b9f08, User Query: Infer a vector db collection name based on this prompt, return the collection name only: Based on the book of Jeremiah, is God angry at Judah?, Model: ModelName.Mixtral_v0_1, Collection: default_collection
INFO:root:Session ID: b98bceff-8292-4fcc-ad98-b952f24b9f08, AI Response:  "JeremiahGodsAngerJudah" or "BookOfJeremiahGodJudahRelationship".
INFO:root:Session ID: b98bceff-8292-4fcc-ad98-b952f24b9f08, User Query: Infer one vector db collection name based on this prompt, return one collection name only: Based on the book of Jeremiah, is God angry at Judah?, Model: ModelName.Mixtral_v0_1, Collection: default_collection
INFO:root:Session ID: b98bceff-8292-4fcc-ad98-b952f24b9f08, AI Response:  "JeremiahGodsAngerJudah".
INFO:sentence_transformers.SentenceTransformer:Use pytorch device_name: cpu
INFO:sentence_transformers.SentenceTransformer:Load pretrained SentenceTransformer: sentence-transformers/all-MiniLM-L6-v2
INFO:chromadb.telemetry.product.posthog:Anonymized telemetry enabled. See                     https://docs.trychroma.com/telemetry for more information.
INFO:sentence_transformers.SentenceTransformer:Use pytorch device_name: cpu
INFO:sentence_transformers.SentenceTransformer:Load pretrained SentenceTransformer: sentence-transformers/all-MiniLM-L6-v2
INFO:chromadb.telemetry.product.posthog:Anonymized telemetry enabled. See                     https://docs.trychroma.com/telemetry for more information.
INFO:sentence_transformers.SentenceTransformer:Use pytorch device_name: cpu
INFO:sentence_transformers.SentenceTransformer:Load pretrained SentenceTransformer: sentence-transformers/all-MiniLM-L6-v2
INFO:chromadb.telemetry.product.posthog:Anonymized telemetry enabled. See                     https://docs.trychroma.com/telemetry for more information.
INFO:sentence_transformers.SentenceTransformer:Use pytorch device_name: cpu
INFO:sentence_transformers.SentenceTransformer:Load pretrained SentenceTransformer: sentence-transformers/all-MiniLM-L6-v2
INFO:chromadb.telemetry.product.posthog:Anonymized telemetry enabled. See                     https://docs.trychroma.com/telemetry for more information.
INFO:sentence_transformers.SentenceTransformer:Use pytorch device_name: cpu
INFO:sentence_transformers.SentenceTransformer:Load pretrained SentenceTransformer: sentence-transformers/all-MiniLM-L6-v2
INFO:chromadb.telemetry.product.posthog:Anonymized telemetry enabled. See                     https://docs.trychroma.com/telemetry for more information.
INFO:sentence_transformers.SentenceTransformer:Use pytorch device_name: cpu
INFO:sentence_transformers.SentenceTransformer:Load pretrained SentenceTransformer: sentence-transformers/all-MiniLM-L6-v2
INFO:chromadb.telemetry.product.posthog:Anonymized telemetry enabled. See                     https://docs.trychroma.com/telemetry for more information.
INFO:sentence_transformers.SentenceTransformer:Use pytorch device_name: cpu
INFO:sentence_transformers.SentenceTransformer:Load pretrained SentenceTransformer: sentence-transformers/all-MiniLM-L6-v2
INFO:chromadb.telemetry.product.posthog:Anonymized telemetry enabled. See                     https://docs.trychroma.com/telemetry for more information.
INFO:sentence_transformers.SentenceTransformer:Use pytorch device_name: cpu
INFO:sentence_transformers.SentenceTransformer:Load pretrained SentenceTransformer: sentence-transformers/all-MiniLM-L6-v2
INFO:chromadb.telemetry.product.posthog:Anonymized telemetry enabled. See                     https://docs.trychroma.com/telemetry for more information.
INFO:sentence_transformers.SentenceTransformer:Use pytorch device_name: cpu
INFO:sentence_transformers.SentenceTransformer:Load pretrained SentenceTransformer: sentence-transformers/all-MiniLM-L6-v2
INFO:chromadb.telemetry.product.posthog:Anonymized telemetry enabled. See                     https://docs.trychroma.com/telemetry for more information.
INFO:sentence_transformers.SentenceTransformer:Use pytorch device_name: cpu
INFO:sentence_transformers.SentenceTransformer:Load pretrained SentenceTransformer: sentence-transformers/all-MiniLM-L6-v2
INFO:chromadb.telemetry.product.posthog:Anonymized telemetry enabled. See                     https://docs.trychroma.com/telemetry for more information.
INFO:sentence_transformers.SentenceTransformer:Use pytorch device_name: cpu
INFO:sentence_transformers.SentenceTransformer:Load pretrained SentenceTransformer: sentence-transformers/all-MiniLM-L6-v2
INFO:chromadb.telemetry.product.posthog:Anonymized telemetry enabled. See                     https://docs.trychroma.com/telemetry for more information.
INFO:sentence_transformers.SentenceTransformer:Use pytorch device_name: cpu
INFO:sentence_transformers.SentenceTransformer:Load pretrained SentenceTransformer: sentence-transformers/all-MiniLM-L6-v2
INFO:chromadb.telemetry.product.posthog:Anonymized telemetry enabled. See                     https://docs.trychroma.com/telemetry for more information.
INFO:sentence_transformers.SentenceTransformer:Use pytorch device_name: cpu
INFO:sentence_transformers.SentenceTransformer:Load pretrained SentenceTransformer: sentence-transformers/all-MiniLM-L6-v2
INFO:chromadb.telemetry.product.posthog:Anonymized telemetry enabled. See                     https://docs.trychroma.com/telemetry for more information.
INFO:sentence_transformers.SentenceTransformer:Use pytorch device_name: cpu
INFO:sentence_transformers.SentenceTransformer:Load pretrained SentenceTransformer: sentence-transformers/all-MiniLM-L6-v2
INFO:chromadb.telemetry.product.posthog:Anonymized telemetry enabled. See                     https://docs.trychroma.com/telemetry for more information.
INFO:sentence_transformers.SentenceTransformer:Use pytorch device_name: cpu
INFO:sentence_transformers.SentenceTransformer:Load pretrained SentenceTransformer: sentence-transformers/all-MiniLM-L6-v2
INFO:chromadb.telemetry.product.posthog:Anonymized telemetry enabled. See                     https://docs.trychroma.com/telemetry for more information.
INFO:sentence_transformers.SentenceTransformer:Use pytorch device_name: cpu
INFO:sentence_transformers.SentenceTransformer:Load pretrained SentenceTransformer: sentence-transformers/all-MiniLM-L6-v2
INFO:chromadb.telemetry.product.posthog:Anonymized telemetry enabled. See                     https://docs.trychroma.com/telemetry for more information.
INFO:sentence_transformers.SentenceTransformer:Use pytorch device_name: cpu
INFO:sentence_transformers.SentenceTransformer:Load pretrained SentenceTransformer: sentence-transformers/all-MiniLM-L6-v2
INFO:chromadb.telemetry.product.posthog:Anonymized telemetry enabled. See                     https://docs.trychroma.com/telemetry for more information.
INFO:sentence_transformers.SentenceTransformer:Use pytorch device_name: cpu
INFO:sentence_transformers.SentenceTransformer:Load pretrained SentenceTransformer: sentence-transformers/all-MiniLM-L6-v2
INFO:chromadb.telemetry.product.posthog:Anonymized telemetry enabled. See                     https://docs.trychroma.com/telemetry for more information.
INFO:sentence_transformers.SentenceTransformer:Use pytorch device_name: cpu
INFO:sentence_transformers.SentenceTransformer:Load pretrained SentenceTransformer: sentence-transformers/all-MiniLM-L6-v2
INFO:chromadb.telemetry.product.posthog:Anonymized telemetry enabled. See                     https://docs.trychroma.com/telemetry for more information.
INFO:sentence_transformers.SentenceTransformer:Use pytorch device_name: cpu
INFO:sentence_transformers.SentenceTransformer:Load pretrained SentenceTransformer: sentence-transformers/all-MiniLM-L6-v2
INFO:chromadb.telemetry.product.posthog:Anonymized telemetry enabled. See                     https://docs.trychroma.com/telemetry for more information.
INFO:sentence_transformers.SentenceTransformer:Use pytorch device_name: cpu
INFO:sentence_transformers.SentenceTransformer:Load pretrained SentenceTransformer: sentence-transformers/all-MiniLM-L6-v2
INFO:chromadb.telemetry.product.posthog:Anonymized telemetry enabled. See                     https://docs.trychroma.com/telemetry for more information.
INFO:sentence_transformers.SentenceTransformer:Use pytorch device_name: cpu
INFO:sentence_transformers.SentenceTransformer:Load pretrained SentenceTransformer: sentence-transformers/all-MiniLM-L6-v2
INFO:chromadb.telemetry.product.posthog:Anonymized telemetry enabled. See                     https://docs.trychroma.com/telemetry for more information.
INFO:sentence_transformers.SentenceTransformer:Use pytorch device_name: cpu
INFO:sentence_transformers.SentenceTransformer:Load pretrained SentenceTransformer: sentence-transformers/all-MiniLM-L6-v2
INFO:chromadb.telemetry.product.posthog:Anonymized telemetry enabled. See                     https://docs.trychroma.com/telemetry for more information.
INFO:sentence_transformers.SentenceTransformer:Use pytorch device_name: cpu
INFO:sentence_transformers.SentenceTransformer:Load pretrained SentenceTransformer: sentence-transformers/all-MiniLM-L6-v2
INFO:chromadb.telemetry.product.posthog:Anonymized telemetry enabled. See                     https://docs.trychroma.com/telemetry for more information.
INFO:sentence_transformers.SentenceTransformer:Use pytorch device_name: cpu
INFO:sentence_transformers.SentenceTransformer:Load pretrained SentenceTransformer: sentence-transformers/all-MiniLM-L6-v2
INFO:chromadb.telemetry.product.posthog:Anonymized telemetry enabled. See                     https://docs.trychroma.com/telemetry for more information.
INFO:sentence_transformers.SentenceTransformer:Use pytorch device_name: cpu
INFO:sentence_transformers.SentenceTransformer:Load pretrained SentenceTransformer: sentence-transformers/all-MiniLM-L6-v2
INFO:chromadb.telemetry.product.posthog:Anonymized telemetry enabled. See                     https://docs.trychroma.com/telemetry for more information.
INFO:sentence_transformers.SentenceTransformer:Use pytorch device_name: cpu
INFO:sentence_transformers.SentenceTransformer:Load pretrained SentenceTransformer: sentence-transformers/all-MiniLM-L6-v2
INFO:chromadb.telemetry.product.posthog:Anonymized telemetry enabled. See                     https://docs.trychroma.com/telemetry for more information.
INFO:sentence_transformers.SentenceTransformer:Use pytorch device_name: cpu
INFO:sentence_transformers.SentenceTransformer:Load pretrained SentenceTransformer: sentence-transformers/all-MiniLM-L6-v2
INFO:chromadb.telemetry.product.posthog:Anonymized telemetry enabled. See                     https://docs.trychroma.com/telemetry for more information.
INFO:sentence_transformers.SentenceTransformer:Use pytorch device_name: cpu
INFO:sentence_transformers.SentenceTransformer:Load pretrained SentenceTransformer: sentence-transformers/all-MiniLM-L6-v2
INFO:chromadb.telemetry.product.posthog:Anonymized telemetry enabled. See                     https://docs.trychroma.com/telemetry for more information.
INFO:sentence_transformers.SentenceTransformer:Use pytorch device_name: cpu
INFO:sentence_transformers.SentenceTransformer:Load pretrained SentenceTransformer: sentence-transformers/all-MiniLM-L6-v2
INFO:chromadb.telemetry.product.posthog:Anonymized telemetry enabled. See                     https://docs.trychroma.com/telemetry for more information.
INFO:sentence_transformers.SentenceTransformer:Use pytorch device_name: cpu
INFO:sentence_transformers.SentenceTransformer:Load pretrained SentenceTransformer: sentence-transformers/all-MiniLM-L6-v2
INFO:chromadb.telemetry.product.posthog:Anonymized telemetry enabled. See                     https://docs.trychroma.com/telemetry for more information.
INFO:sentence_transformers.SentenceTransformer:Use pytorch device_name: cpu
INFO:sentence_transformers.SentenceTransformer:Load pretrained SentenceTransformer: sentence-transformers/all-MiniLM-L6-v2
INFO:sentence_transformers.SentenceTransformer:Use pytorch device_name: cpu
INFO:sentence_transformers.SentenceTransformer:Load pretrained SentenceTransformer: sentence-transformers/all-MiniLM-L6-v2
INFO:root:Session ID: b98bceff-8292-4fcc-ad98-b952f24b9f08, User Query: Infer one vector db collection name based on this prompt, return one collection name only: Based on the book of Jeremiah, is God angry at Judah?, Model: ModelName.Mixtral_v0_1, Collection: None
INFO:root:Session ID: b98bceff-8292-4fcc-ad98-b952f24b9f08, User Query: Infer one vector db collection name based on this prompt, return one collection name only: Based on the book of Jeremiah, is God angry at Judah?, Model: ModelName.Mixtral_v0_1, Collection: None
INFO:sentence_transformers.SentenceTransformer:Use pytorch device_name: cpu
INFO:sentence_transformers.SentenceTransformer:Load pretrained SentenceTransformer: sentence-transformers/all-MiniLM-L6-v2
INFO:chromadb.telemetry.product.posthog:Anonymized telemetry enabled. See                     https://docs.trychroma.com/telemetry for more information.
INFO:sentence_transformers.SentenceTransformer:Use pytorch device_name: cpu
INFO:sentence_transformers.SentenceTransformer:Load pretrained SentenceTransformer: sentence-transformers/all-MiniLM-L6-v2
INFO:sentence_transformers.SentenceTransformer:Use pytorch device_name: cpu
INFO:sentence_transformers.SentenceTransformer:Load pretrained SentenceTransformer: sentence-transformers/all-MiniLM-L6-v2
INFO:root:Session ID: b98bceff-8292-4fcc-ad98-b952f24b9f08, User Query: Infer one vector db collection name based on this prompt, return one collection name only: Based on the book of Jeremiah, is God angry at Judah?, Model: ModelName.Mixtral_v0_1, Collection: ('default_collection',)
INFO:root:Session ID: b98bceff-8292-4fcc-ad98-b952f24b9f08, User Query: Infer one vector db collection name based on this prompt, return one collection name only: Based on the book of Jeremiah, is God angry at Judah?, Model: ModelName.Mixtral_v0_1, Collection: ('default_collection',)
INFO:sentence_transformers.SentenceTransformer:Use pytorch device_name: cpu
INFO:sentence_transformers.SentenceTransformer:Load pretrained SentenceTransformer: sentence-transformers/all-MiniLM-L6-v2
INFO:chromadb.telemetry.product.posthog:Anonymized telemetry enabled. See                     https://docs.trychroma.com/telemetry for more information.
INFO:sentence_transformers.SentenceTransformer:Use pytorch device_name: cpu
INFO:sentence_transformers.SentenceTransformer:Load pretrained SentenceTransformer: sentence-transformers/all-MiniLM-L6-v2
INFO:chromadb.telemetry.product.posthog:Anonymized telemetry enabled. See                     https://docs.trychroma.com/telemetry for more information.
INFO:sentence_transformers.SentenceTransformer:Use pytorch device_name: cpu
INFO:sentence_transformers.SentenceTransformer:Load pretrained SentenceTransformer: sentence-transformers/all-MiniLM-L6-v2
INFO:chromadb.telemetry.product.posthog:Anonymized telemetry enabled. See                     https://docs.trychroma.com/telemetry for more information.
INFO:sentence_transformers.SentenceTransformer:Use pytorch device_name: cpu
INFO:sentence_transformers.SentenceTransformer:Load pretrained SentenceTransformer: sentence-transformers/all-MiniLM-L6-v2
INFO:sentence_transformers.SentenceTransformer:Use pytorch device_name: cpu
INFO:sentence_transformers.SentenceTransformer:Load pretrained SentenceTransformer: sentence-transformers/all-MiniLM-L6-v2
INFO:root:Session ID: b98bceff-8292-4fcc-ad98-b952f24b9f08, User Query: Infer one vector db collection name based on this prompt, return one collection name only: Based on the book of Jeremiah, is God angry at Judah?, Model: ModelName.Mixtral_v0_1, Collection: default_collection
INFO:root:Session ID: b98bceff-8292-4fcc-ad98-b952f24b9f08, User Query: Infer one vector db collection name based on this prompt, return one collection name only: Based on the book of Jeremiah, is God angry at Judah?, Model: ModelName.Mixtral_v0_1, Collection: default_collection
INFO:sentence_transformers.SentenceTransformer:Use pytorch device_name: cpu
INFO:sentence_transformers.SentenceTransformer:Load pretrained SentenceTransformer: sentence-transformers/all-MiniLM-L6-v2
INFO:chromadb.telemetry.product.posthog:Anonymized telemetry enabled. See                     https://docs.trychroma.com/telemetry for more information.
INFO:sentence_transformers.SentenceTransformer:Use pytorch device_name: cpu
INFO:sentence_transformers.SentenceTransformer:Load pretrained SentenceTransformer: sentence-transformers/all-MiniLM-L6-v2
INFO:chromadb.telemetry.product.posthog:Anonymized telemetry enabled. See                     https://docs.trychroma.com/telemetry for more information.
INFO:sentence_transformers.SentenceTransformer:Use pytorch device_name: cpu
INFO:sentence_transformers.SentenceTransformer:Load pretrained SentenceTransformer: sentence-transformers/all-MiniLM-L6-v2
INFO:root:Session ID: b98bceff-8292-4fcc-ad98-b952f24b9f08, User Query: Infer one vector db collection name based on this prompt, return one collection name only: Based on the book of Jeremiah, is God angry at Judah?, Model: ModelName.Mixtral_v0_1, Collection: default_collection
INFO:root:Session ID: b98bceff-8292-4fcc-ad98-b952f24b9f08, Model Response: JeremiahJudahGodsEmotions
INFO:sentence_transformers.SentenceTransformer:Use pytorch device_name: cpu
INFO:sentence_transformers.SentenceTransformer:Load pretrained SentenceTransformer: sentence-transformers/all-MiniLM-L6-v2
INFO:chromadb.telemetry.product.posthog:Anonymized telemetry enabled. See                     https://docs.trychroma.com/telemetry for more information.
INFO:sentence_transformers.SentenceTransformer:Use pytorch device_name: cpu
INFO:sentence_transformers.SentenceTransformer:Load pretrained SentenceTransformer: sentence-transformers/all-MiniLM-L6-v2
INFO:chromadb.telemetry.product.posthog:Anonymized telemetry enabled. See                     https://docs.trychroma.com/telemetry for more information.
INFO:sentence_transformers.SentenceTransformer:Use pytorch device_name: cpu
INFO:sentence_transformers.SentenceTransformer:Load pretrained SentenceTransformer: sentence-transformers/all-MiniLM-L6-v2
INFO:chromadb.telemetry.product.posthog:Anonymized telemetry enabled. See                     https://docs.trychroma.com/telemetry for more information.
INFO:sentence_transformers.SentenceTransformer:Use pytorch device_name: cpu
INFO:sentence_transformers.SentenceTransformer:Load pretrained SentenceTransformer: sentence-transformers/all-MiniLM-L6-v2
INFO:chromadb.telemetry.product.posthog:Anonymized telemetry enabled. See                     https://docs.trychroma.com/telemetry for more information.
INFO:sentence_transformers.SentenceTransformer:Use pytorch device_name: cpu
INFO:sentence_transformers.SentenceTransformer:Load pretrained SentenceTransformer: sentence-transformers/all-MiniLM-L6-v2
INFO:chromadb.telemetry.product.posthog:Anonymized telemetry enabled. See                     https://docs.trychroma.com/telemetry for more information.
INFO:sentence_transformers.SentenceTransformer:Use pytorch device_name: cpu
INFO:sentence_transformers.SentenceTransformer:Load pretrained SentenceTransformer: sentence-transformers/all-MiniLM-L6-v2
INFO:chromadb.telemetry.product.posthog:Anonymized telemetry enabled. See                     https://docs.trychroma.com/telemetry for more information.
INFO:sentence_transformers.SentenceTransformer:Use pytorch device_name: cpu
INFO:sentence_transformers.SentenceTransformer:Load pretrained SentenceTransformer: sentence-transformers/all-MiniLM-L6-v2
INFO:chromadb.telemetry.product.posthog:Anonymized telemetry enabled. See                     https://docs.trychroma.com/telemetry for more information.
INFO:sentence_transformers.SentenceTransformer:Use pytorch device_name: cpu
INFO:sentence_transformers.SentenceTransformer:Load pretrained SentenceTransformer: sentence-transformers/all-MiniLM-L6-v2
INFO:chromadb.telemetry.product.posthog:Anonymized telemetry enabled. See                     https://docs.trychroma.com/telemetry for more information.
INFO:sentence_transformers.SentenceTransformer:Use pytorch device_name: cpu
INFO:sentence_transformers.SentenceTransformer:Load pretrained SentenceTransformer: sentence-transformers/all-MiniLM-L6-v2
INFO:chromadb.telemetry.product.posthog:Anonymized telemetry enabled. See                     https://docs.trychroma.com/telemetry for more information.
INFO:sentence_transformers.SentenceTransformer:Use pytorch device_name: cpu
INFO:sentence_transformers.SentenceTransformer:Load pretrained SentenceTransformer: sentence-transformers/all-MiniLM-L6-v2
INFO:root:Session ID: b98bceff-8292-4fcc-ad98-b952f24b9f08, User Query: Create one vector db collection name based on this prompt, return one collection name only: Based on the book of Jeremiah, is God angry at Judah?, Model: ModelName.Mixtral_v0_1, Collection: default_collection
INFO:root:Session ID: b98bceff-8292-4fcc-ad98-b952f24b9f08, Model Response:  "BookOfJeremiahDivineAngerJudah". This name accurately summarizes the prompt and highlights the main focus of the question, while also incorporating terms that would be easy for users to search and identify.
INFO:sentence_transformers.SentenceTransformer:Use pytorch device_name: cpu
INFO:sentence_transformers.SentenceTransformer:Load pretrained SentenceTransformer: sentence-transformers/all-MiniLM-L6-v2
INFO:chromadb.telemetry.product.posthog:Anonymized telemetry enabled. See                     https://docs.trychroma.com/telemetry for more information.
INFO:sentence_transformers.SentenceTransformer:Use pytorch device_name: cpu
INFO:sentence_transformers.SentenceTransformer:Load pretrained SentenceTransformer: sentence-transformers/all-MiniLM-L6-v2
INFO:root:Session ID: b98bceff-8292-4fcc-ad98-b952f24b9f08, User Query: Based on the book of Jeremiah, is God angry at Judah?, Model: ModelName.Mixtral_v0_1, Collection: default_collection
INFO:root:Session ID: b98bceff-8292-4fcc-ad98-b952f24b9f08, Model Response:  Yes, based on the book of Jeremiah, God is angry at Judah for their idolatry and disobedience. However, it's important to note that God's anger is not without reason and that he also continues to offer the people of Judah opportunities to repent and turn back to him. Ultimately, the book of Jeremiah is a call to faithfulness and repentance for the people of Judah, warning them of the consequences of their sin and urging them to return to God's covenant faithfulness.
ERROR:asyncio:Task exception was never retrieved
future: <Task finished name='Task-10' coro=<websocket_chat.<locals>.check_stop() done, defined at C:\Users\edwinchan\Desktop\repos\chatbot-rag-backend\main.py:115> exception=WebSocketDisconnect(1000, '')>
Traceback (most recent call last):
  File "C:\Users\edwinchan\Desktop\repos\chatbot-rag-backend\main.py", line 118, in check_stop
    nonlocal stop_signal
               ^^^^^^^^^
  File "C:\Users\edwinchan\AppData\Local\Programs\Python\Python313\Lib\site-packages\starlette\websockets.py", line 136, in receive_json
    self._raise_on_disconnect(message)
    ~~~~~~~~~~~~~~~~~~~~~~~~~^^^^^^^^^
  File "C:\Users\edwinchan\AppData\Local\Programs\Python\Python313\Lib\site-packages\starlette\websockets.py", line 114, in _raise_on_disconnect
    raise WebSocketDisconnect(message["code"], message.get("reason"))
starlette.websockets.WebSocketDisconnect: (1000, '')
ERROR:asyncio:Task exception was never retrieved
future: <Task finished name='Task-17' coro=<websocket_chat.<locals>.check_stop() done, defined at C:\Users\edwinchan\Desktop\repos\chatbot-rag-backend\main.py:115> exception=WebSocketDisconnect(1000, '')>
Traceback (most recent call last):
  File "C:\Users\edwinchan\Desktop\repos\chatbot-rag-backend\main.py", line 118, in check_stop
    nonlocal stop_signal
               ^^^^^^^^^
  File "C:\Users\edwinchan\AppData\Local\Programs\Python\Python313\Lib\site-packages\starlette\websockets.py", line 136, in receive_json
    self._raise_on_disconnect(message)
    ~~~~~~~~~~~~~~~~~~~~~~~~~^^^^^^^^^
  File "C:\Users\edwinchan\AppData\Local\Programs\Python\Python313\Lib\site-packages\starlette\websockets.py", line 114, in _raise_on_disconnect
    raise WebSocketDisconnect(message["code"], message.get("reason"))
starlette.websockets.WebSocketDisconnect: (1000, '')
INFO:sentence_transformers.SentenceTransformer:Use pytorch device_name: cpu
INFO:sentence_transformers.SentenceTransformer:Load pretrained SentenceTransformer: sentence-transformers/all-MiniLM-L6-v2
INFO:sentence_transformers.SentenceTransformer:Use pytorch device_name: cpu
INFO:sentence_transformers.SentenceTransformer:Load pretrained SentenceTransformer: sentence-transformers/all-MiniLM-L6-v2
INFO:chromadb.telemetry.product.posthog:Anonymized telemetry enabled. See                     https://docs.trychroma.com/telemetry for more information.
INFO:sentence_transformers.SentenceTransformer:Use pytorch device_name: cpu
INFO:sentence_transformers.SentenceTransformer:Load pretrained SentenceTransformer: sentence-transformers/all-MiniLM-L6-v2
INFO:sentence_transformers.SentenceTransformer:Use pytorch device_name: cpu
INFO:sentence_transformers.SentenceTransformer:Load pretrained SentenceTransformer: sentence-transformers/all-MiniLM-L6-v2
INFO:chromadb.telemetry.product.posthog:Anonymized telemetry enabled. See                     https://docs.trychroma.com/telemetry for more information.
INFO:sentence_transformers.SentenceTransformer:Use pytorch device_name: cpu
INFO:sentence_transformers.SentenceTransformer:Load pretrained SentenceTransformer: sentence-transformers/all-MiniLM-L6-v2
INFO:sentence_transformers.SentenceTransformer:Use pytorch device_name: cpu
INFO:sentence_transformers.SentenceTransformer:Load pretrained SentenceTransformer: sentence-transformers/all-MiniLM-L6-v2
INFO:chromadb.telemetry.product.posthog:Anonymized telemetry enabled. See                     https://docs.trychroma.com/telemetry for more information.
INFO:sentence_transformers.SentenceTransformer:Use pytorch device_name: cpu
INFO:sentence_transformers.SentenceTransformer:Load pretrained SentenceTransformer: sentence-transformers/all-MiniLM-L6-v2
INFO:sentence_transformers.SentenceTransformer:Use pytorch device_name: cpu
INFO:sentence_transformers.SentenceTransformer:Load pretrained SentenceTransformer: sentence-transformers/all-MiniLM-L6-v2
INFO:chromadb.telemetry.product.posthog:Anonymized telemetry enabled. See                     https://docs.trychroma.com/telemetry for more information.
INFO:sentence_transformers.SentenceTransformer:Use pytorch device_name: cpu
INFO:sentence_transformers.SentenceTransformer:Load pretrained SentenceTransformer: sentence-transformers/all-MiniLM-L6-v2
INFO:chromadb.telemetry.product.posthog:Anonymized telemetry enabled. See                     https://docs.trychroma.com/telemetry for more information.
INFO:sentence_transformers.SentenceTransformer:Use pytorch device_name: cpu
INFO:sentence_transformers.SentenceTransformer:Load pretrained SentenceTransformer: sentence-transformers/all-MiniLM-L6-v2
INFO:chromadb.telemetry.product.posthog:Anonymized telemetry enabled. See                     https://docs.trychroma.com/telemetry for more information.
INFO:sentence_transformers.SentenceTransformer:Use pytorch device_name: cpu
INFO:sentence_transformers.SentenceTransformer:Load pretrained SentenceTransformer: sentence-transformers/all-MiniLM-L6-v2
INFO:chromadb.telemetry.product.posthog:Anonymized telemetry enabled. See                     https://docs.trychroma.com/telemetry for more information.
INFO:sentence_transformers.SentenceTransformer:Use pytorch device_name: cpu
INFO:sentence_transformers.SentenceTransformer:Load pretrained SentenceTransformer: sentence-transformers/all-MiniLM-L6-v2
INFO:sentence_transformers.SentenceTransformer:Use pytorch device_name: cpu
INFO:sentence_transformers.SentenceTransformer:Load pretrained SentenceTransformer: sentence-transformers/all-MiniLM-L6-v2
INFO:chromadb.telemetry.product.posthog:Anonymized telemetry enabled. See                     https://docs.trychroma.com/telemetry for more information.
INFO:sentence_transformers.SentenceTransformer:Use pytorch device_name: cpu
INFO:sentence_transformers.SentenceTransformer:Load pretrained SentenceTransformer: sentence-transformers/all-MiniLM-L6-v2
INFO:sentence_transformers.SentenceTransformer:Use pytorch device_name: cpu
INFO:sentence_transformers.SentenceTransformer:Load pretrained SentenceTransformer: sentence-transformers/all-MiniLM-L6-v2
INFO:chromadb.telemetry.product.posthog:Anonymized telemetry enabled. See                     https://docs.trychroma.com/telemetry for more information.
INFO:sentence_transformers.SentenceTransformer:Use pytorch device_name: cpu
INFO:sentence_transformers.SentenceTransformer:Load pretrained SentenceTransformer: sentence-transformers/all-MiniLM-L6-v2
INFO:sentence_transformers.SentenceTransformer:Use pytorch device_name: cpu
INFO:sentence_transformers.SentenceTransformer:Load pretrained SentenceTransformer: sentence-transformers/all-MiniLM-L6-v2
INFO:chromadb.telemetry.product.posthog:Anonymized telemetry enabled. See                     https://docs.trychroma.com/telemetry for more information.
INFO:sentence_transformers.SentenceTransformer:Use pytorch device_name: cpu
INFO:sentence_transformers.SentenceTransformer:Load pretrained SentenceTransformer: sentence-transformers/all-MiniLM-L6-v2
INFO:sentence_transformers.SentenceTransformer:Use pytorch device_name: cpu
INFO:sentence_transformers.SentenceTransformer:Load pretrained SentenceTransformer: sentence-transformers/all-MiniLM-L6-v2
INFO:chromadb.telemetry.product.posthog:Anonymized telemetry enabled. See                     https://docs.trychroma.com/telemetry for more information.
INFO:sentence_transformers.SentenceTransformer:Use pytorch device_name: cpu
INFO:sentence_transformers.SentenceTransformer:Load pretrained SentenceTransformer: sentence-transformers/all-MiniLM-L6-v2
INFO:sentence_transformers.SentenceTransformer:Use pytorch device_name: cpu
INFO:sentence_transformers.SentenceTransformer:Load pretrained SentenceTransformer: sentence-transformers/all-MiniLM-L6-v2
INFO:chromadb.telemetry.product.posthog:Anonymized telemetry enabled. See                     https://docs.trychroma.com/telemetry for more information.
INFO:sentence_transformers.SentenceTransformer:Use pytorch device_name: cpu
INFO:sentence_transformers.SentenceTransformer:Load pretrained SentenceTransformer: sentence-transformers/all-MiniLM-L6-v2
INFO:sentence_transformers.SentenceTransformer:Use pytorch device_name: cpu
INFO:sentence_transformers.SentenceTransformer:Load pretrained SentenceTransformer: sentence-transformers/all-MiniLM-L6-v2
INFO:chromadb.telemetry.product.posthog:Anonymized telemetry enabled. See                     https://docs.trychroma.com/telemetry for more information.
INFO:sentence_transformers.SentenceTransformer:Use pytorch device_name: cpu
INFO:sentence_transformers.SentenceTransformer:Load pretrained SentenceTransformer: sentence-transformers/all-MiniLM-L6-v2
INFO:sentence_transformers.SentenceTransformer:Use pytorch device_name: cpu
INFO:sentence_transformers.SentenceTransformer:Load pretrained SentenceTransformer: sentence-transformers/all-MiniLM-L6-v2
INFO:sentence_transformers.SentenceTransformer:Use pytorch device_name: cpu
INFO:sentence_transformers.SentenceTransformer:Load pretrained SentenceTransformer: sentence-transformers/all-MiniLM-L6-v2
INFO:chromadb.telemetry.product.posthog:Anonymized telemetry enabled. See                     https://docs.trychroma.com/telemetry for more information.
INFO:sentence_transformers.SentenceTransformer:Use pytorch device_name: cpu
INFO:sentence_transformers.SentenceTransformer:Load pretrained SentenceTransformer: sentence-transformers/all-MiniLM-L6-v2
INFO:sentence_transformers.SentenceTransformer:Use pytorch device_name: cpu
INFO:sentence_transformers.SentenceTransformer:Load pretrained SentenceTransformer: sentence-transformers/all-MiniLM-L6-v2
INFO:chromadb.telemetry.product.posthog:Anonymized telemetry enabled. See                     https://docs.trychroma.com/telemetry for more information.
INFO:sentence_transformers.SentenceTransformer:Use pytorch device_name: cpu
INFO:sentence_transformers.SentenceTransformer:Load pretrained SentenceTransformer: sentence-transformers/all-MiniLM-L6-v2
INFO:chromadb.telemetry.product.posthog:Anonymized telemetry enabled. See                     https://docs.trychroma.com/telemetry for more information.
INFO:sentence_transformers.SentenceTransformer:Use pytorch device_name: cpu
INFO:sentence_transformers.SentenceTransformer:Load pretrained SentenceTransformer: sentence-transformers/all-MiniLM-L6-v2
INFO:chromadb.telemetry.product.posthog:Anonymized telemetry enabled. See                     https://docs.trychroma.com/telemetry for more information.
INFO:sentence_transformers.SentenceTransformer:Use pytorch device_name: cpu
INFO:sentence_transformers.SentenceTransformer:Load pretrained SentenceTransformer: sentence-transformers/all-MiniLM-L6-v2
INFO:sentence_transformers.SentenceTransformer:Use pytorch device_name: cpu
INFO:sentence_transformers.SentenceTransformer:Load pretrained SentenceTransformer: sentence-transformers/all-MiniLM-L6-v2
INFO:chromadb.telemetry.product.posthog:Anonymized telemetry enabled. See                     https://docs.trychroma.com/telemetry for more information.
INFO:sentence_transformers.SentenceTransformer:Use pytorch device_name: cpu
INFO:sentence_transformers.SentenceTransformer:Load pretrained SentenceTransformer: sentence-transformers/all-MiniLM-L6-v2
INFO:sentence_transformers.SentenceTransformer:Use pytorch device_name: cpu
INFO:sentence_transformers.SentenceTransformer:Load pretrained SentenceTransformer: sentence-transformers/all-MiniLM-L6-v2
INFO:chromadb.telemetry.product.posthog:Anonymized telemetry enabled. See                     https://docs.trychroma.com/telemetry for more information.
INFO:sentence_transformers.SentenceTransformer:Use pytorch device_name: cpu
INFO:sentence_transformers.SentenceTransformer:Load pretrained SentenceTransformer: sentence-transformers/all-MiniLM-L6-v2
INFO:sentence_transformers.SentenceTransformer:Use pytorch device_name: cpu
INFO:sentence_transformers.SentenceTransformer:Load pretrained SentenceTransformer: sentence-transformers/all-MiniLM-L6-v2
INFO:chromadb.telemetry.product.posthog:Anonymized telemetry enabled. See                     https://docs.trychroma.com/telemetry for more information.
INFO:sentence_transformers.SentenceTransformer:Use pytorch device_name: cpu
INFO:sentence_transformers.SentenceTransformer:Load pretrained SentenceTransformer: sentence-transformers/all-MiniLM-L6-v2
INFO:chromadb.telemetry.product.posthog:Anonymized telemetry enabled. See                     https://docs.trychroma.com/telemetry for more information.
INFO:sentence_transformers.SentenceTransformer:Use pytorch device_name: cpu
INFO:sentence_transformers.SentenceTransformer:Load pretrained SentenceTransformer: sentence-transformers/all-MiniLM-L6-v2
INFO:chromadb.telemetry.product.posthog:Anonymized telemetry enabled. See                     https://docs.trychroma.com/telemetry for more information.
INFO:sentence_transformers.SentenceTransformer:Use pytorch device_name: cpu
INFO:sentence_transformers.SentenceTransformer:Load pretrained SentenceTransformer: sentence-transformers/all-MiniLM-L6-v2
INFO:chromadb.telemetry.product.posthog:Anonymized telemetry enabled. See                     https://docs.trychroma.com/telemetry for more information.
INFO:sentence_transformers.SentenceTransformer:Use pytorch device_name: cpu
INFO:sentence_transformers.SentenceTransformer:Load pretrained SentenceTransformer: sentence-transformers/all-MiniLM-L6-v2
INFO:sentence_transformers.SentenceTransformer:Use pytorch device_name: cpu
INFO:sentence_transformers.SentenceTransformer:Load pretrained SentenceTransformer: sentence-transformers/all-MiniLM-L6-v2
INFO:sentence_transformers.SentenceTransformer:Use pytorch device_name: cpu
INFO:sentence_transformers.SentenceTransformer:Load pretrained SentenceTransformer: sentence-transformers/all-MiniLM-L6-v2
INFO:chromadb.telemetry.product.posthog:Anonymized telemetry enabled. See                     https://docs.trychroma.com/telemetry for more information.
INFO:sentence_transformers.SentenceTransformer:Use pytorch device_name: cpu
INFO:sentence_transformers.SentenceTransformer:Load pretrained SentenceTransformer: sentence-transformers/all-MiniLM-L6-v2
INFO:sentence_transformers.SentenceTransformer:Use pytorch device_name: cpu
INFO:sentence_transformers.SentenceTransformer:Load pretrained SentenceTransformer: sentence-transformers/all-MiniLM-L6-v2
INFO:chromadb.telemetry.product.posthog:Anonymized telemetry enabled. See                     https://docs.trychroma.com/telemetry for more information.
INFO:sentence_transformers.SentenceTransformer:Use pytorch device_name: cpu
INFO:sentence_transformers.SentenceTransformer:Load pretrained SentenceTransformer: sentence-transformers/all-MiniLM-L6-v2
INFO:root:Session ID: 062c478b-73fe-45bc-964d-355c60a02eb1, User Query: What is the weather in HK?, Model: ModelName.Mixtral_v0_1, Collection: None
INFO:sentence_transformers.SentenceTransformer:Use pytorch device_name: cpu
INFO:sentence_transformers.SentenceTransformer:Load pretrained SentenceTransformer: sentence-transformers/all-MiniLM-L6-v2
INFO:chromadb.telemetry.product.posthog:Anonymized telemetry enabled. See                     https://docs.trychroma.com/telemetry for more information.
INFO:sentence_transformers.SentenceTransformer:Use pytorch device_name: cpu
INFO:sentence_transformers.SentenceTransformer:Load pretrained SentenceTransformer: sentence-transformers/all-MiniLM-L6-v2
INFO:root:Session ID: b4fb8fdf-043a-4249-8f12-4f4b77581d8a, User Query: What is the weather in HK?, Model: ModelName.Mixtral_v0_1, Collection: None
INFO:root:Session ID: b4fb8fdf-043a-4249-8f12-4f4b77581d8a, Model Response:  I'm a helpful AI assistant and I don't have real-time access to weather conditions. I recommend checking a reliable weather forecasting website or app for the current weather in Hong Kong.
INFO:sentence_transformers.SentenceTransformer:Use pytorch device_name: cpu
INFO:sentence_transformers.SentenceTransformer:Load pretrained SentenceTransformer: sentence-transformers/all-MiniLM-L6-v2
INFO:sentence_transformers.SentenceTransformer:Use pytorch device_name: cpu
INFO:sentence_transformers.SentenceTransformer:Load pretrained SentenceTransformer: sentence-transformers/all-MiniLM-L6-v2
INFO:chromadb.telemetry.product.posthog:Anonymized telemetry enabled. See                     https://docs.trychroma.com/telemetry for more information.
INFO:sentence_transformers.SentenceTransformer:Use pytorch device_name: cpu
INFO:sentence_transformers.SentenceTransformer:Load pretrained SentenceTransformer: sentence-transformers/all-MiniLM-L6-v2
INFO:sentence_transformers.SentenceTransformer:Use pytorch device_name: cpu
INFO:sentence_transformers.SentenceTransformer:Load pretrained SentenceTransformer: sentence-transformers/all-MiniLM-L6-v2
INFO:chromadb.telemetry.product.posthog:Anonymized telemetry enabled. See                     https://docs.trychroma.com/telemetry for more information.
INFO:sentence_transformers.SentenceTransformer:Use pytorch device_name: cpu
INFO:sentence_transformers.SentenceTransformer:Load pretrained SentenceTransformer: sentence-transformers/all-MiniLM-L6-v2
INFO:sentence_transformers.SentenceTransformer:Use pytorch device_name: cpu
INFO:sentence_transformers.SentenceTransformer:Load pretrained SentenceTransformer: sentence-transformers/all-MiniLM-L6-v2
INFO:chromadb.telemetry.product.posthog:Anonymized telemetry enabled. See                     https://docs.trychroma.com/telemetry for more information.
INFO:sentence_transformers.SentenceTransformer:Use pytorch device_name: cpu
INFO:sentence_transformers.SentenceTransformer:Load pretrained SentenceTransformer: sentence-transformers/all-MiniLM-L6-v2
INFO:sentence_transformers.SentenceTransformer:Use pytorch device_name: cpu
INFO:sentence_transformers.SentenceTransformer:Load pretrained SentenceTransformer: sentence-transformers/all-MiniLM-L6-v2
INFO:chromadb.telemetry.product.posthog:Anonymized telemetry enabled. See                     https://docs.trychroma.com/telemetry for more information.
INFO:sentence_transformers.SentenceTransformer:Use pytorch device_name: cpu
INFO:sentence_transformers.SentenceTransformer:Load pretrained SentenceTransformer: sentence-transformers/all-MiniLM-L6-v2
INFO:sentence_transformers.SentenceTransformer:Use pytorch device_name: cpu
INFO:sentence_transformers.SentenceTransformer:Load pretrained SentenceTransformer: sentence-transformers/all-MiniLM-L6-v2
INFO:chromadb.telemetry.product.posthog:Anonymized telemetry enabled. See                     https://docs.trychroma.com/telemetry for more information.
INFO:sentence_transformers.SentenceTransformer:Use pytorch device_name: cpu
INFO:sentence_transformers.SentenceTransformer:Load pretrained SentenceTransformer: sentence-transformers/all-MiniLM-L6-v2
INFO:sentence_transformers.SentenceTransformer:Use pytorch device_name: cpu
INFO:sentence_transformers.SentenceTransformer:Load pretrained SentenceTransformer: sentence-transformers/all-MiniLM-L6-v2
INFO:chromadb.telemetry.product.posthog:Anonymized telemetry enabled. See                     https://docs.trychroma.com/telemetry for more information.
INFO:sentence_transformers.SentenceTransformer:Use pytorch device_name: cpu
INFO:sentence_transformers.SentenceTransformer:Load pretrained SentenceTransformer: sentence-transformers/all-MiniLM-L6-v2
INFO:sentence_transformers.SentenceTransformer:Use pytorch device_name: cpu
INFO:sentence_transformers.SentenceTransformer:Load pretrained SentenceTransformer: sentence-transformers/all-MiniLM-L6-v2
INFO:chromadb.telemetry.product.posthog:Anonymized telemetry enabled. See                     https://docs.trychroma.com/telemetry for more information.
INFO:sentence_transformers.SentenceTransformer:Use pytorch device_name: cpu
INFO:sentence_transformers.SentenceTransformer:Load pretrained SentenceTransformer: sentence-transformers/all-MiniLM-L6-v2
INFO:sentence_transformers.SentenceTransformer:Use pytorch device_name: cpu
INFO:sentence_transformers.SentenceTransformer:Load pretrained SentenceTransformer: sentence-transformers/all-MiniLM-L6-v2
INFO:chromadb.telemetry.product.posthog:Anonymized telemetry enabled. See                     https://docs.trychroma.com/telemetry for more information.
INFO:sentence_transformers.SentenceTransformer:Use pytorch device_name: cpu
INFO:sentence_transformers.SentenceTransformer:Load pretrained SentenceTransformer: sentence-transformers/all-MiniLM-L6-v2
INFO:sentence_transformers.SentenceTransformer:Use pytorch device_name: cpu
INFO:sentence_transformers.SentenceTransformer:Load pretrained SentenceTransformer: sentence-transformers/all-MiniLM-L6-v2
INFO:chromadb.telemetry.product.posthog:Anonymized telemetry enabled. See                     https://docs.trychroma.com/telemetry for more information.
INFO:sentence_transformers.SentenceTransformer:Use pytorch device_name: cpu
INFO:sentence_transformers.SentenceTransformer:Load pretrained SentenceTransformer: sentence-transformers/all-MiniLM-L6-v2
INFO:sentence_transformers.SentenceTransformer:Use pytorch device_name: cpu
INFO:sentence_transformers.SentenceTransformer:Load pretrained SentenceTransformer: sentence-transformers/all-MiniLM-L6-v2
INFO:chromadb.telemetry.product.posthog:Anonymized telemetry enabled. See                     https://docs.trychroma.com/telemetry for more information.
INFO:sentence_transformers.SentenceTransformer:Use pytorch device_name: cpu
INFO:sentence_transformers.SentenceTransformer:Load pretrained SentenceTransformer: sentence-transformers/all-MiniLM-L6-v2
INFO:sentence_transformers.SentenceTransformer:Use pytorch device_name: cpu
INFO:sentence_transformers.SentenceTransformer:Load pretrained SentenceTransformer: sentence-transformers/all-MiniLM-L6-v2
INFO:root:Session ID: 147a64b3-3ab3-4d6b-bb9f-392469506be0, User Query: What is the weather in HK?, Model: ModelName.Mixtral_v0_1, Collection: None
INFO:sentence_transformers.SentenceTransformer:Use pytorch device_name: cpu
INFO:sentence_transformers.SentenceTransformer:Load pretrained SentenceTransformer: sentence-transformers/all-MiniLM-L6-v2
INFO:chromadb.telemetry.product.posthog:Anonymized telemetry enabled. See                     https://docs.trychroma.com/telemetry for more information.
INFO:sentence_transformers.SentenceTransformer:Use pytorch device_name: cpu
INFO:sentence_transformers.SentenceTransformer:Load pretrained SentenceTransformer: sentence-transformers/all-MiniLM-L6-v2
INFO:sentence_transformers.SentenceTransformer:Use pytorch device_name: cpu
INFO:sentence_transformers.SentenceTransformer:Load pretrained SentenceTransformer: sentence-transformers/all-MiniLM-L6-v2
INFO:root:Session ID: 4b10dcfe-9cde-41a3-a016-660498873c05, User Query: What is the weather in HK?, Model: ModelName.Mixtral_v0_1, Collection: None
INFO:sentence_transformers.SentenceTransformer:Use pytorch device_name: cpu
INFO:sentence_transformers.SentenceTransformer:Load pretrained SentenceTransformer: sentence-transformers/all-MiniLM-L6-v2
INFO:chromadb.telemetry.product.posthog:Anonymized telemetry enabled. See                     https://docs.trychroma.com/telemetry for more information.
INFO:sentence_transformers.SentenceTransformer:Use pytorch device_name: cpu
INFO:sentence_transformers.SentenceTransformer:Load pretrained SentenceTransformer: sentence-transformers/all-MiniLM-L6-v2
INFO:sentence_transformers.SentenceTransformer:Use pytorch device_name: cpu
INFO:sentence_transformers.SentenceTransformer:Load pretrained SentenceTransformer: sentence-transformers/all-MiniLM-L6-v2
INFO:root:Session ID: 21718d4b-1e50-4d6f-8562-e83e9a487a18, User Query: What is the weather in HK?, Model: ModelName.Mixtral_v0_1, Collection: None
INFO:sentence_transformers.SentenceTransformer:Use pytorch device_name: cpu
INFO:sentence_transformers.SentenceTransformer:Load pretrained SentenceTransformer: sentence-transformers/all-MiniLM-L6-v2
INFO:chromadb.telemetry.product.posthog:Anonymized telemetry enabled. See                     https://docs.trychroma.com/telemetry for more information.
INFO:sentence_transformers.SentenceTransformer:Use pytorch device_name: cpu
INFO:sentence_transformers.SentenceTransformer:Load pretrained SentenceTransformer: sentence-transformers/all-MiniLM-L6-v2
INFO:sentence_transformers.SentenceTransformer:Use pytorch device_name: cpu
INFO:sentence_transformers.SentenceTransformer:Load pretrained SentenceTransformer: sentence-transformers/all-MiniLM-L6-v2
INFO:chromadb.telemetry.product.posthog:Anonymized telemetry enabled. See                     https://docs.trychroma.com/telemetry for more information.
INFO:sentence_transformers.SentenceTransformer:Use pytorch device_name: cpu
INFO:sentence_transformers.SentenceTransformer:Load pretrained SentenceTransformer: sentence-transformers/all-MiniLM-L6-v2
INFO:sentence_transformers.SentenceTransformer:Use pytorch device_name: cpu
INFO:sentence_transformers.SentenceTransformer:Load pretrained SentenceTransformer: sentence-transformers/all-MiniLM-L6-v2
INFO:root:Session ID: 9622c383-0eb0-4787-b46c-6a8b7f863a77, User Query: What is the weather in HK?, Model: ModelName.Mixtral_v0_1, Collection: None
INFO:sentence_transformers.SentenceTransformer:Use pytorch device_name: cpu
INFO:sentence_transformers.SentenceTransformer:Load pretrained SentenceTransformer: sentence-transformers/all-MiniLM-L6-v2
INFO:chromadb.telemetry.product.posthog:Anonymized telemetry enabled. See                     https://docs.trychroma.com/telemetry for more information.
INFO:sentence_transformers.SentenceTransformer:Use pytorch device_name: cpu
INFO:sentence_transformers.SentenceTransformer:Load pretrained SentenceTransformer: sentence-transformers/all-MiniLM-L6-v2
INFO:sentence_transformers.SentenceTransformer:Use pytorch device_name: cpu
INFO:sentence_transformers.SentenceTransformer:Load pretrained SentenceTransformer: sentence-transformers/all-MiniLM-L6-v2
INFO:root:Session ID: 83b3c08f-63f1-4766-b89c-97e7a5a2486b, User Query: What is the weather in HK?, Model: ModelName.Mixtral_v0_1, Collection: None
INFO:sentence_transformers.SentenceTransformer:Use pytorch device_name: cpu
INFO:sentence_transformers.SentenceTransformer:Load pretrained SentenceTransformer: sentence-transformers/all-MiniLM-L6-v2
INFO:chromadb.telemetry.product.posthog:Anonymized telemetry enabled. See                     https://docs.trychroma.com/telemetry for more information.
INFO:sentence_transformers.SentenceTransformer:Use pytorch device_name: cpu
INFO:sentence_transformers.SentenceTransformer:Load pretrained SentenceTransformer: sentence-transformers/all-MiniLM-L6-v2
INFO:sentence_transformers.SentenceTransformer:Use pytorch device_name: cpu
INFO:sentence_transformers.SentenceTransformer:Load pretrained SentenceTransformer: sentence-transformers/all-MiniLM-L6-v2
INFO:root:Session ID: 1defba62-fb81-49e4-8d6f-ce73391f670b, User Query: What is the weather in HK?, Model: ModelName.Mixtral_v0_1, Collection: None
INFO:sentence_transformers.SentenceTransformer:Use pytorch device_name: cpu
INFO:sentence_transformers.SentenceTransformer:Load pretrained SentenceTransformer: sentence-transformers/all-MiniLM-L6-v2
INFO:chromadb.telemetry.product.posthog:Anonymized telemetry enabled. See                     https://docs.trychroma.com/telemetry for more information.
INFO:sentence_transformers.SentenceTransformer:Use pytorch device_name: cpu
INFO:sentence_transformers.SentenceTransformer:Load pretrained SentenceTransformer: sentence-transformers/all-MiniLM-L6-v2
INFO:sentence_transformers.SentenceTransformer:Use pytorch device_name: cpu
INFO:sentence_transformers.SentenceTransformer:Load pretrained SentenceTransformer: sentence-transformers/all-MiniLM-L6-v2
INFO:chromadb.telemetry.product.posthog:Anonymized telemetry enabled. See                     https://docs.trychroma.com/telemetry for more information.
INFO:sentence_transformers.SentenceTransformer:Use pytorch device_name: cpu
INFO:sentence_transformers.SentenceTransformer:Load pretrained SentenceTransformer: sentence-transformers/all-MiniLM-L6-v2
INFO:sentence_transformers.SentenceTransformer:Use pytorch device_name: cpu
INFO:sentence_transformers.SentenceTransformer:Load pretrained SentenceTransformer: sentence-transformers/all-MiniLM-L6-v2
INFO:root:Session ID: 66e61928-7e2e-4403-ae46-5f2e0caf1bf5, User Query: What is the weather in HK?, Model: ModelName.Mixtral_v0_1, Collection: None
INFO:sentence_transformers.SentenceTransformer:Use pytorch device_name: cpu
INFO:sentence_transformers.SentenceTransformer:Load pretrained SentenceTransformer: sentence-transformers/all-MiniLM-L6-v2
INFO:chromadb.telemetry.product.posthog:Anonymized telemetry enabled. See                     https://docs.trychroma.com/telemetry for more information.
INFO:sentence_transformers.SentenceTransformer:Use pytorch device_name: cpu
INFO:sentence_transformers.SentenceTransformer:Load pretrained SentenceTransformer: sentence-transformers/all-MiniLM-L6-v2
INFO:sentence_transformers.SentenceTransformer:Use pytorch device_name: cpu
INFO:sentence_transformers.SentenceTransformer:Load pretrained SentenceTransformer: sentence-transformers/all-MiniLM-L6-v2
INFO:chromadb.telemetry.product.posthog:Anonymized telemetry enabled. See                     https://docs.trychroma.com/telemetry for more information.
INFO:sentence_transformers.SentenceTransformer:Use pytorch device_name: cpu
INFO:sentence_transformers.SentenceTransformer:Load pretrained SentenceTransformer: sentence-transformers/all-MiniLM-L6-v2
INFO:sentence_transformers.SentenceTransformer:Use pytorch device_name: cpu
INFO:sentence_transformers.SentenceTransformer:Load pretrained SentenceTransformer: sentence-transformers/all-MiniLM-L6-v2
INFO:root:Session ID: 2a315e31-7e13-4e90-8412-2d53cd71910a, User Query: What is the weather in HK?, Model: ModelName.Mixtral_v0_1, Collection: None
INFO:root:Session ID: 2a315e31-7e13-4e90-8412-2d53cd71910a, Model Response:  According to the most recent data from the Hong Kong Observatory, partly cloudy skies are expected in the evening, followed by occasional showers overnight. The low temperature will be near 80F, and the winds will be from the SSE at 5 to 10 mph. The chance of rain is 40%. This forecast is from the hourly weather section, but a more detailed extended forecast is also available on the Hong Kong Observatory website. The other weather information provided in the search results is not specific to the same time or location.
INFO:sentence_transformers.SentenceTransformer:Use pytorch device_name: cpu
INFO:sentence_transformers.SentenceTransformer:Load pretrained SentenceTransformer: sentence-transformers/all-MiniLM-L6-v2
INFO:chromadb.telemetry.product.posthog:Anonymized telemetry enabled. See                     https://docs.trychroma.com/telemetry for more information.
INFO:sentence_transformers.SentenceTransformer:Use pytorch device_name: cpu
INFO:sentence_transformers.SentenceTransformer:Load pretrained SentenceTransformer: sentence-transformers/all-MiniLM-L6-v2
INFO:sentence_transformers.SentenceTransformer:Use pytorch device_name: cpu
INFO:sentence_transformers.SentenceTransformer:Load pretrained SentenceTransformer: sentence-transformers/all-MiniLM-L6-v2
INFO:root:Session ID: f4c10b38-0b9d-49b8-93cf-527859a45590, User Query: Latest close price of TSLA, Model: ModelName.Mixtral_v0_1, Collection: None
INFO:sentence_transformers.SentenceTransformer:Use pytorch device_name: cpu
INFO:sentence_transformers.SentenceTransformer:Load pretrained SentenceTransformer: sentence-transformers/all-MiniLM-L6-v2
INFO:chromadb.telemetry.product.posthog:Anonymized telemetry enabled. See                     https://docs.trychroma.com/telemetry for more information.
INFO:sentence_transformers.SentenceTransformer:Use pytorch device_name: cpu
INFO:sentence_transformers.SentenceTransformer:Load pretrained SentenceTransformer: sentence-transformers/all-MiniLM-L6-v2
INFO:sentence_transformers.SentenceTransformer:Use pytorch device_name: cpu
INFO:sentence_transformers.SentenceTransformer:Load pretrained SentenceTransformer: sentence-transformers/all-MiniLM-L6-v2
INFO:chromadb.telemetry.product.posthog:Anonymized telemetry enabled. See                     https://docs.trychroma.com/telemetry for more information.
INFO:sentence_transformers.SentenceTransformer:Use pytorch device_name: cpu
INFO:sentence_transformers.SentenceTransformer:Load pretrained SentenceTransformer: sentence-transformers/all-MiniLM-L6-v2
INFO:sentence_transformers.SentenceTransformer:Use pytorch device_name: cpu
INFO:sentence_transformers.SentenceTransformer:Load pretrained SentenceTransformer: sentence-transformers/all-MiniLM-L6-v2
INFO:root:Session ID: 03f9842a-8094-4df4-9332-31a0b856b657, User Query: Latest close price of TSLA, Model: ModelName.Mixtral_v0_1, Collection: None
INFO:sentence_transformers.SentenceTransformer:Use pytorch device_name: cpu
INFO:sentence_transformers.SentenceTransformer:Load pretrained SentenceTransformer: sentence-transformers/all-MiniLM-L6-v2
INFO:chromadb.telemetry.product.posthog:Anonymized telemetry enabled. See                     https://docs.trychroma.com/telemetry for more information.
INFO:sentence_transformers.SentenceTransformer:Use pytorch device_name: cpu
INFO:sentence_transformers.SentenceTransformer:Load pretrained SentenceTransformer: sentence-transformers/all-MiniLM-L6-v2
INFO:sentence_transformers.SentenceTransformer:Use pytorch device_name: cpu
INFO:sentence_transformers.SentenceTransformer:Load pretrained SentenceTransformer: sentence-transformers/all-MiniLM-L6-v2
INFO:root:Session ID: 3b8fbf1b-7949-40ad-ba69-32ef31179829, User Query: Latest close price of TSLA, Model: ModelName.Mixtral_v0_1, Collection: None
INFO:sentence_transformers.SentenceTransformer:Use pytorch device_name: cpu
INFO:sentence_transformers.SentenceTransformer:Load pretrained SentenceTransformer: sentence-transformers/all-MiniLM-L6-v2
INFO:chromadb.telemetry.product.posthog:Anonymized telemetry enabled. See                     https://docs.trychroma.com/telemetry for more information.
INFO:sentence_transformers.SentenceTransformer:Use pytorch device_name: cpu
INFO:sentence_transformers.SentenceTransformer:Load pretrained SentenceTransformer: sentence-transformers/all-MiniLM-L6-v2
INFO:sentence_transformers.SentenceTransformer:Use pytorch device_name: cpu
INFO:sentence_transformers.SentenceTransformer:Load pretrained SentenceTransformer: sentence-transformers/all-MiniLM-L6-v2
INFO:chromadb.telemetry.product.posthog:Anonymized telemetry enabled. See                     https://docs.trychroma.com/telemetry for more information.
INFO:sentence_transformers.SentenceTransformer:Use pytorch device_name: cpu
INFO:sentence_transformers.SentenceTransformer:Load pretrained SentenceTransformer: sentence-transformers/all-MiniLM-L6-v2
INFO:sentence_transformers.SentenceTransformer:Use pytorch device_name: cpu
INFO:sentence_transformers.SentenceTransformer:Load pretrained SentenceTransformer: sentence-transformers/all-MiniLM-L6-v2
INFO:root:Session ID: 7da3ac42-9675-45f5-9d5c-d7e2f0b7f573, User Query: Latest close price of TSLA, Model: ModelName.Mixtral_v0_1, Collection: None
INFO:sentence_transformers.SentenceTransformer:Use pytorch device_name: cpu
INFO:sentence_transformers.SentenceTransformer:Load pretrained SentenceTransformer: sentence-transformers/all-MiniLM-L6-v2
INFO:chromadb.telemetry.product.posthog:Anonymized telemetry enabled. See                     https://docs.trychroma.com/telemetry for more information.
INFO:sentence_transformers.SentenceTransformer:Use pytorch device_name: cpu
INFO:sentence_transformers.SentenceTransformer:Load pretrained SentenceTransformer: sentence-transformers/all-MiniLM-L6-v2
INFO:sentence_transformers.SentenceTransformer:Use pytorch device_name: cpu
INFO:sentence_transformers.SentenceTransformer:Load pretrained SentenceTransformer: sentence-transformers/all-MiniLM-L6-v2
INFO:root:Session ID: 011929c9-f37d-46fc-a037-288ef6609111, User Query: Latest close price of TSLA, Model: ModelName.Mixtral_v0_1, Collection: None
INFO:root:Session ID: 011929c9-f37d-46fc-a037-288ef6609111, Model Response:  Based on the web search results, the latest close price of TSLA (Tesla Inc) is $329.65.
INFO:sentence_transformers.SentenceTransformer:Use pytorch device_name: cpu
INFO:sentence_transformers.SentenceTransformer:Load pretrained SentenceTransformer: sentence-transformers/all-MiniLM-L6-v2
INFO:chromadb.telemetry.product.posthog:Anonymized telemetry enabled. See                     https://docs.trychroma.com/telemetry for more information.
INFO:sentence_transformers.SentenceTransformer:Use pytorch device_name: cpu
INFO:sentence_transformers.SentenceTransformer:Load pretrained SentenceTransformer: sentence-transformers/all-MiniLM-L6-v2
INFO:sentence_transformers.SentenceTransformer:Use pytorch device_name: cpu
INFO:sentence_transformers.SentenceTransformer:Load pretrained SentenceTransformer: sentence-transformers/all-MiniLM-L6-v2
INFO:root:Session ID: 13704e3d-8dcb-46ce-8038-1fe042f69583, User Query: Summarize the book of Jeremiah chapter 8-9, Model: ModelName.Mixtral_v0_1, Collection: None
INFO:root:Session ID: 13704e3d-8dcb-46ce-8038-1fe042f69583, Model Response:  Jeremiah 8-9 contains a series of woes and laments from the prophet Jeremiah regarding the spiritual condition of Judah and Jerusalem. In chapter 8, Jeremiah denounces the people for their deceit, unwillingness to repent, and rejection of God's teachings. He also laments over the coming destruction of the nation.

Chapter 9 begins with Jeremiah's prayer to God, expressing his grief over the people's sinfulness and God's impending judgment. He acknowledges the justness of God's punishment and, at the same time, pleads for mercy. In verses 23-24, Jeremiah reflects on true wisdom and understanding, which come from knowing God and His instructions.

A recurring theme in Jeremiah 44 and earlier chapters of Jeremiah is God's judgment on Judah and Jerusalem due to the people's disobedience and idolatry. In Deuteronomy 28:15-68, God outlines the consequences of disobedience to His covenant, many of which are evident in the book of Jeremiah.

In summary, Jeremiah 8-9 portrays a dire situation for Judah and Jerusalem due to the people's rejection of God and their wicked ways. The prophet expresses deep sadness over their fate while acknowledging God's righteous judgment.
INFO:sentence_transformers.SentenceTransformer:Use pytorch device_name: cpu
INFO:sentence_transformers.SentenceTransformer:Load pretrained SentenceTransformer: sentence-transformers/all-MiniLM-L6-v2
INFO:chromadb.telemetry.product.posthog:Anonymized telemetry enabled. See                     https://docs.trychroma.com/telemetry for more information.
INFO:sentence_transformers.SentenceTransformer:Use pytorch device_name: cpu
INFO:sentence_transformers.SentenceTransformer:Load pretrained SentenceTransformer: sentence-transformers/all-MiniLM-L6-v2
INFO:sentence_transformers.SentenceTransformer:Use pytorch device_name: cpu
INFO:sentence_transformers.SentenceTransformer:Load pretrained SentenceTransformer: sentence-transformers/all-MiniLM-L6-v2
INFO:sentence_transformers.SentenceTransformer:Use pytorch device_name: cpu
INFO:sentence_transformers.SentenceTransformer:Load pretrained SentenceTransformer: sentence-transformers/all-MiniLM-L6-v2
INFO:root:Session ID: 9d1e507a-6aa7-4fed-a3d7-abbd88c8d1b1, User Query: Summarize the book of Jeremiah chapter 8-9, Model: ModelName.Mixtral_v0_1, Collection: None
INFO:root:Session ID: 9d1e507a-6aa7-4fed-a3d7-abbd88c8d1b1, Model Response:  Jeremiah 8-9 contains a series of messages from the prophet Jeremiah, lamenting the sins and impending judgments on Judah. In chapter 8, Jeremiah denounces the people's deceit, religious hypocrisy, and refusal to repent. He mourns over their rejection of God's teachings, comparing them to a bird that cannot fly without its wings. Chapter 9 begins with Jeremiah's prayer for judgment on the wicked and false prophets. He continues to lament the coming destruction, comparing it to the pains of childbirth and mourning over the fate of his people. Overall, Jeremiah communicates God's pain and sorrow over His people's unfaithfulness, warning of the impending consequences. The chapter also highlights Jeremiah's deep emotional connection with the Lord and His people, exemplifying the raw expression of emotions in response to sorrow and frustration.
INFO:sentence_transformers.SentenceTransformer:Use pytorch device_name: cpu
INFO:sentence_transformers.SentenceTransformer:Load pretrained SentenceTransformer: sentence-transformers/all-MiniLM-L6-v2
INFO:sentence_transformers.SentenceTransformer:Use pytorch device_name: cpu
INFO:sentence_transformers.SentenceTransformer:Load pretrained SentenceTransformer: sentence-transformers/all-MiniLM-L6-v2
INFO:sentence_transformers.SentenceTransformer:Use pytorch device_name: cpu
INFO:sentence_transformers.SentenceTransformer:Load pretrained SentenceTransformer: sentence-transformers/all-MiniLM-L6-v2
INFO:sentence_transformers.SentenceTransformer:Use pytorch device_name: cpu
INFO:sentence_transformers.SentenceTransformer:Load pretrained SentenceTransformer: sentence-transformers/all-MiniLM-L6-v2
INFO:sentence_transformers.SentenceTransformer:Use pytorch device_name: cpu
INFO:sentence_transformers.SentenceTransformer:Load pretrained SentenceTransformer: sentence-transformers/all-MiniLM-L6-v2
INFO:sentence_transformers.SentenceTransformer:Use pytorch device_name: cpu
INFO:sentence_transformers.SentenceTransformer:Load pretrained SentenceTransformer: sentence-transformers/all-MiniLM-L6-v2
INFO:sentence_transformers.SentenceTransformer:Use pytorch device_name: cpu
INFO:sentence_transformers.SentenceTransformer:Load pretrained SentenceTransformer: sentence-transformers/all-MiniLM-L6-v2
INFO:sentence_transformers.SentenceTransformer:Use pytorch device_name: cpu
INFO:sentence_transformers.SentenceTransformer:Load pretrained SentenceTransformer: sentence-transformers/all-MiniLM-L6-v2
INFO:chromadb.telemetry.product.posthog:Anonymized telemetry enabled. See                     https://docs.trychroma.com/telemetry for more information.
INFO:sentence_transformers.SentenceTransformer:Use pytorch device_name: cpu
INFO:sentence_transformers.SentenceTransformer:Load pretrained SentenceTransformer: sentence-transformers/all-MiniLM-L6-v2
INFO:sentence_transformers.SentenceTransformer:Use pytorch device_name: cpu
INFO:sentence_transformers.SentenceTransformer:Load pretrained SentenceTransformer: sentence-transformers/all-MiniLM-L6-v2
INFO:sentence_transformers.SentenceTransformer:Use pytorch device_name: cpu
INFO:sentence_transformers.SentenceTransformer:Load pretrained SentenceTransformer: sentence-transformers/all-MiniLM-L6-v2
INFO:chromadb.telemetry.product.posthog:Anonymized telemetry enabled. See                     https://docs.trychroma.com/telemetry for more information.
INFO:sentence_transformers.SentenceTransformer:Use pytorch device_name: cpu
INFO:sentence_transformers.SentenceTransformer:Load pretrained SentenceTransformer: sentence-transformers/all-MiniLM-L6-v2
INFO:sentence_transformers.SentenceTransformer:Use pytorch device_name: cpu
INFO:sentence_transformers.SentenceTransformer:Load pretrained SentenceTransformer: sentence-transformers/all-MiniLM-L6-v2
INFO:chromadb.telemetry.product.posthog:Anonymized telemetry enabled. See                     https://docs.trychroma.com/telemetry for more information.
INFO:sentence_transformers.SentenceTransformer:Use pytorch device_name: cpu
INFO:sentence_transformers.SentenceTransformer:Load pretrained SentenceTransformer: sentence-transformers/all-MiniLM-L6-v2
INFO:sentence_transformers.SentenceTransformer:Use pytorch device_name: cpu
INFO:sentence_transformers.SentenceTransformer:Load pretrained SentenceTransformer: sentence-transformers/all-MiniLM-L6-v2
INFO:chromadb.telemetry.product.posthog:Anonymized telemetry enabled. See                     https://docs.trychroma.com/telemetry for more information.
INFO:sentence_transformers.SentenceTransformer:Use pytorch device_name: cpu
INFO:sentence_transformers.SentenceTransformer:Load pretrained SentenceTransformer: sentence-transformers/all-MiniLM-L6-v2
INFO:sentence_transformers.SentenceTransformer:Use pytorch device_name: cpu
INFO:sentence_transformers.SentenceTransformer:Load pretrained SentenceTransformer: sentence-transformers/all-MiniLM-L6-v2
INFO:chroma_service:Loaded 1 documents from temp_Redis on Windows Release Notes.docx
INFO:chroma_service:Document 0 content: ...
INFO:chroma_service:Created 0 splits, 0 valid from temp_Redis on Windows Release Notes.docx
ERROR:chroma_service:Failed to load or split document temp_Redis on Windows Release Notes.docx: No valid text chunks extracted from temp_Redis on Windows Release Notes.docx
ERROR:chroma_service:Error indexing document with file_id 16: Failed to load or split document temp_Redis on Windows Release Notes.docx: No valid text chunks extracted from temp_Redis on Windows Release Notes.docx
INFO:sentence_transformers.SentenceTransformer:Use pytorch device_name: cpu
INFO:sentence_transformers.SentenceTransformer:Load pretrained SentenceTransformer: sentence-transformers/all-MiniLM-L6-v2
INFO:chromadb.telemetry.product.posthog:Anonymized telemetry enabled. See                     https://docs.trychroma.com/telemetry for more information.
INFO:sentence_transformers.SentenceTransformer:Use pytorch device_name: cpu
INFO:sentence_transformers.SentenceTransformer:Load pretrained SentenceTransformer: sentence-transformers/all-MiniLM-L6-v2
INFO:sentence_transformers.SentenceTransformer:Use pytorch device_name: cpu
INFO:sentence_transformers.SentenceTransformer:Load pretrained SentenceTransformer: sentence-transformers/all-MiniLM-L6-v2
INFO:chroma_service:Loaded 1 documents from temp_Redis on Windows Release Notes.docx
INFO:chroma_service:Document 0 content: ...
INFO:chroma_service:Created 0 splits, 0 valid from temp_Redis on Windows Release Notes.docx
ERROR:chroma_service:Failed to load or split document temp_Redis on Windows Release Notes.docx: No valid text chunks extracted from temp_Redis on Windows Release Notes.docx
ERROR:chroma_service:Error indexing document with file_id 17: Failed to load or split document temp_Redis on Windows Release Notes.docx: No valid text chunks extracted from temp_Redis on Windows Release Notes.docx
INFO:sentence_transformers.SentenceTransformer:Use pytorch device_name: cpu
INFO:sentence_transformers.SentenceTransformer:Load pretrained SentenceTransformer: sentence-transformers/all-MiniLM-L6-v2
INFO:chromadb.telemetry.product.posthog:Anonymized telemetry enabled. See                     https://docs.trychroma.com/telemetry for more information.
INFO:sentence_transformers.SentenceTransformer:Use pytorch device_name: cpu
INFO:sentence_transformers.SentenceTransformer:Load pretrained SentenceTransformer: sentence-transformers/all-MiniLM-L6-v2
INFO:sentence_transformers.SentenceTransformer:Use pytorch device_name: cpu
INFO:sentence_transformers.SentenceTransformer:Load pretrained SentenceTransformer: sentence-transformers/all-MiniLM-L6-v2
INFO:chroma_service:Loaded 1 documents from temp_Redis on Windows Release Notes.docx
INFO:chroma_service:Document 0 content: ...
INFO:chroma_service:Created 0 splits, 0 valid from temp_Redis on Windows Release Notes.docx
ERROR:chroma_service:Failed to load or split document temp_Redis on Windows Release Notes.docx: No valid text chunks extracted from temp_Redis on Windows Release Notes.docx
ERROR:chroma_service:Error indexing document with file_id 18: Failed to load or split document temp_Redis on Windows Release Notes.docx: No valid text chunks extracted from temp_Redis on Windows Release Notes.docx
INFO:sentence_transformers.SentenceTransformer:Use pytorch device_name: cpu
INFO:sentence_transformers.SentenceTransformer:Load pretrained SentenceTransformer: sentence-transformers/all-MiniLM-L6-v2
INFO:chromadb.telemetry.product.posthog:Anonymized telemetry enabled. See                     https://docs.trychroma.com/telemetry for more information.
INFO:sentence_transformers.SentenceTransformer:Use pytorch device_name: cpu
INFO:sentence_transformers.SentenceTransformer:Load pretrained SentenceTransformer: sentence-transformers/all-MiniLM-L6-v2
INFO:sentence_transformers.SentenceTransformer:Use pytorch device_name: cpu
INFO:sentence_transformers.SentenceTransformer:Load pretrained SentenceTransformer: sentence-transformers/all-MiniLM-L6-v2
INFO:chroma_service:Loaded 1 documents from temp_Redis on Windows Release Notes.docx
INFO:chroma_service:Document 0 content: ...
INFO:chroma_service:Created 0 splits, 0 valid from temp_Redis on Windows Release Notes.docx
ERROR:chroma_service:Failed to load or split document temp_Redis on Windows Release Notes.docx: No valid text chunks extracted from temp_Redis on Windows Release Notes.docx
ERROR:chroma_service:Error indexing document with file_id 19: Failed to load or split document temp_Redis on Windows Release Notes.docx: No valid text chunks extracted from temp_Redis on Windows Release Notes.docx
INFO:sentence_transformers.SentenceTransformer:Use pytorch device_name: cpu
INFO:sentence_transformers.SentenceTransformer:Load pretrained SentenceTransformer: sentence-transformers/all-MiniLM-L6-v2
INFO:chromadb.telemetry.product.posthog:Anonymized telemetry enabled. See                     https://docs.trychroma.com/telemetry for more information.
INFO:sentence_transformers.SentenceTransformer:Use pytorch device_name: cpu
INFO:sentence_transformers.SentenceTransformer:Load pretrained SentenceTransformer: sentence-transformers/all-MiniLM-L6-v2
INFO:sentence_transformers.SentenceTransformer:Use pytorch device_name: cpu
INFO:sentence_transformers.SentenceTransformer:Load pretrained SentenceTransformer: sentence-transformers/all-MiniLM-L6-v2
INFO:chroma_service:Loaded 1 documents from temp_Redis on Windows Release Notes.docx
INFO:chroma_service:Document 0 content: ...
INFO:chroma_service:Created 0 splits, 0 valid from temp_Redis on Windows Release Notes.docx
ERROR:chroma_service:Failed to load or split document temp_Redis on Windows Release Notes.docx: No valid text chunks extracted from temp_Redis on Windows Release Notes.docx
ERROR:chroma_service:Error indexing document with file_id 20: Failed to load or split document temp_Redis on Windows Release Notes.docx: No valid text chunks extracted from temp_Redis on Windows Release Notes.docx
ERROR:root:Error processing Redis on Windows Release Notes.docx: 500: Failed to index Redis on Windows Release Notes.docx. The document may be empty, contain no extractable text, or have unsupported formatting.
INFO:sentence_transformers.SentenceTransformer:Use pytorch device_name: cpu
INFO:sentence_transformers.SentenceTransformer:Load pretrained SentenceTransformer: sentence-transformers/all-MiniLM-L6-v2
INFO:chroma_service:Loaded 14 documents from temp_Jeremiah_Finding_God_in_Chaos_7789.PDF
INFO:chroma_service:Document 0 content: JEREMIAH:
Finding God in Chaos
JON KEHRER | 12 SESSIONS...
INFO:chroma_service:Document 1 content: Jeremiah: Finding God in ChaosSession 1: Jeremiah 1
Session Notes:
¢ÙHow would you summarize the message of Jeremiah1?
¢ÚWhat about this text or about Jeremiah¡¯s call resonatedwith you?
\u25e6  How have you experienced loss or trauma in your life? Can you relate to theexperience as ¡°disorienting¡±?
¢ÛRead Psalm 23. How does this text speak to God¡¯spresence with his people in themidst of di\ufb03cult times?
¢ÜDo you believe that God walks with you in the midstof your pain? How wouldyour life be di\ufb00erent if your...
INFO:chroma_service:Document 2 content: Jeremiah: Finding God in ChaosSession 2: Jeremiah 2
Session Notes:
¢ÙHow would you summarize the message of Jeremiah2?
¢ÚWhich of the metaphors from Jeremiah 2 resonatedmost with how God hasworked in your life?
\u25e6  Are there any other metaphors that come to your mind about your relationshipwith God in the past?
¢ÛRead Deuteronomy 32:7-14. How is God¡¯s relationshipwith his people describedthere?
\u25e6  Now read Deuteronomy 32:15-38. How is this similar to God¡¯s words in Jeremiah2?
¢ÜWhat metaphor best des...
INFO:chroma_service:Document 3 content: Jeremiah: Finding God in ChaosSession 3: Jeremiah 7:1-8:3
Session Notes:
¢ÙHow would you summarize the message of Jeremiah7:1-8:3?
¢ÚThe video discussed several forms of improper worship. Were any of thesesurprising for you? Why or why not?
¢ÛRead Mark 7:1-13. What were some forms of improperworship in use by thereligious leaders in Jesus¡¯ day?
¢ÜThink about your own worship. While you may notbe o\ufb00ering sacri\ufb01ces to theQueen of Heaven, in what ways have you trusted in human-built structures ratherth...
INFO:chroma_service:Document 4 content: Jeremiah: Finding God in ChaosSession 4: Jeremiah 8:4-9:22Session Notes:
¢ÙHow would you summarize the message of Jeremiah8:4-9:22?
¢ÚHow have you experienced grief in the past? Do you\ufb01nd it di\ufb03cult to weep overheartbreak and tragedy, even in your own life?
¢ÛIt may be di\ufb03cult for us to think about God expressinglament and grief overfallen Jerusalem. Is lament or grief something you typically think of God expressing?Why or why not?
\u25e6  Read John 11:28-37. How did Jesus respond to loss in the story? ...
INFO:chroma_service:Document 5 content: Jeremiah: Finding God in ChaosSession 5: Jeremiah 17:1-13Session Notes:
¢ÙHow would you summarize the message of Jeremiah17:1-13?
¢ÚWhat ideas or images stood out to you from thistext?
¢ÛRead Psalm 1. How is this similar to this text?How is it di\ufb00erent?
\u25e6  If you were to describe your spiritual life with an agricultural metaphor(\ufb02ourishing oak tree, dry cactus in the desert, withering rose bush, etc.), whatimage would you choose and why?
¢ÜDo you really believe that it is better to trustin the Lord ...
INFO:chroma_service:Document 6 content: Jeremiah: Finding God in ChaosSession 6: Jeremiah 18:1-17Session Notes:
¢ÙHow would you summarize the message of Jeremiah18:1-17?
¢ÚWhat stood out to you from this text?
¢ÛRead Genesis 1. How is God pictured at work in creation?Make a list of hischaracteristics and attributes.
¢ÜDo you regularly recognize God¡¯s sovereignty overall of life? What would it looklike for you to take a step this week to trust more fully in the sovereignty of God?
¢ÝThink about a big decision you will need to makethis week....
INFO:chroma_service:Document 7 content: Jeremiah: Finding God in ChaosSession 7: Jeremiah 29:1-14Session Notes:
¢ÙHow would you summarize the message of Jeremiah29:1-14?
¢ÚHave you heard parts of this text before, like Jeremiah29:11? If so, how does itchange the message when you hear it in its original context?
¢ÛRead Psalm 88:1-7. How does the Psalmist feel inthis text? How could this besimilar to the feelings of the exiles?
¢ÜDo you have a hard time trusting God in the midstof your darkness and pain?How does this text speak to God¡¯s pre...
INFO:chroma_service:Document 8 content: Jeremiah: Finding God in ChaosSession 8: Jeremiah 31:1-34Session Notes:
¢ÙHow would you summarize the message of Jeremiah31:1-34?
¢ÚWhich of the pictures of renewal most resonatedwith you? Why?
¢ÛRead Hebrews 8. How does the writer of Hebrews usethis text from Jeremiah?
¢ÜDo you believe that God could renew you? What areasof your life are most inneed of God¡¯s renewal?
\u25e6  What barriers do you think you will face if you invite God in to renew these areas?
¢ÝJesus has initiated the new covenant with us....
INFO:chroma_service:Document 9 content: Jeremiah: Finding God in ChaosSession 9: Jeremiah 36Session Notes:
¢ÙHow would you summarize the message of Jeremiah36?
¢ÚWhat elements of the story stood out to you?
¢ÛRead 2 Kings 23:36-24:7. How is Jehoiakim describedin that text? What do welearn about his character and actions from these texts?
¢ÜJehoiakim joined a long line of world rulers whotried to silence God¡¯s word. ReadIsaiah 40:6-8. What does this remind us about the Word of God?
\u25e6  Now read 1 Peter 1:22-25. What impact does the Word of ...
INFO:chroma_service:Document 10 content: Jeremiah: Finding God in ChaosSession 10: Jeremiah 39:1-40:6Session Notes:
¢ÙHow would you summarize the message of Jeremiah39:1-40:6?
¢ÚThe book of Jeremiah has predicted this moment fromchapter 1. How did it strikeyou to \ufb01nally read about the destruction of the city?
¢ÛRead Jeremiah 52. How does this text provide a fulleror di\ufb00erent picture ofJerusalem¡¯s destruction?
¢ÜAlthough this tragedy was predictable, God was stillfaithful. How have you seenGod faithful through the book of Jeremiah?
\u25e6  Jerem...
INFO:chroma_service:Document 11 content: Jeremiah: Finding God in ChaosSession 11: Jeremiah 44Session Notes:
¢ÙHow would you summarize the message of Jeremiah44?
¢ÚWhat similarities do you see between God¡¯s wordin Jeremiah 44 and earliersections of Jeremiah?
¢ÛSpend some time reading through Deuteronomy 28:15-68.How have the covenantcurses come on the people because of their disobedience?
¢ÜIf God sent a prophet to you this week, what problemsor issues might he addressin your life? Consider how you might respond to the word of the Lord in ...
INFO:chroma_service:Document 12 content: Jeremiah: Finding God in ChaosSession 12: Jeremiah 46-51Session Notes:
¢ÙHow would you summarize the message of Jeremiah46-51?
¢ÚHow does this section provide any comfort or hopefor the people of Judah?
¢ÛRead Jeremiah 25:15-29. What is the cup of God¡¯swrath? Why do the nations drinkit?
¢ÜBefore his cruci\ufb01xion, Jesus asked God to let thecup pass from him (see Matthew26:36-46). Do you think this was the cup of God¡¯s wrath? Why or why not?
\u25e6  What does it mean that Jesus drank from the cup and endured...
INFO:chroma_service:Document 13 content: This video was made possible with support from:...
INFO:chroma_service:Created 33 splits, 33 valid from temp_Jeremiah_Finding_God_in_Chaos_7789.PDF
INFO:chroma_service:Split 0 content: JEREMIAH:
Finding God in Chaos
JON KEHRER | 12 SESSIONS...
INFO:chroma_service:Split 1 content: Jeremiah: Finding God in ChaosSession 1: Jeremiah 1
Session Notes:
¢ÙHow would you summarize the message of Jeremiah1?
¢ÚWhat about this text or about Jeremiah¡¯s call resonatedwith you?
\u25e6  How have you ...
INFO:chroma_service:Split 2 content: ¢ÜDo you believe that God walks with you in the midstof your pain? How wouldyour life be di\ufb00erent if your e a l l y believed that?
¢ÝDo you consistently meditate on the fact that Godis with you, even in...
INFO:chroma_service:Split 3 content: Jeremiah: Finding God in ChaosSession 2: Jeremiah 2
Session Notes:
¢ÙHow would you summarize the message of Jeremiah2?
¢ÚWhich of the metaphors from Jeremiah 2 resonatedmost with how God hasworked in yo...
INFO:chroma_service:Split 4 content: \u25e6  Now read Deuteronomy 32:15-38. How is this similar to God¡¯s words in Jeremiah2?
¢ÜWhat metaphor best describes your relationship withGod currently? How couldyou press in to the Lord more fully durin...
INFO:chroma_service:Split 5 content: \u25e6  Additional Ideas for Practicing Faith: Spend thirty minutes or so charting out atimeline of your spiritual journey. How have you seen God work? How can yourespond to that today?...
INFO:chroma_service:Split 6 content: Jeremiah: Finding God in ChaosSession 3: Jeremiah 7:1-8:3
Session Notes:
¢ÙHow would you summarize the message of Jeremiah7:1-8:3?
¢ÚThe video discussed several forms of improper worship. Were any of th...
INFO:chroma_service:Split 7 content: ¢ÜThink about your own worship. While you may notbe o\ufb00ering sacri\ufb01ces to theQueen of Heaven, in what ways have you trusted in human-built structures ratherthan in the Lord?
¢ÝConsider taking some time t...
INFO:chroma_service:Split 8 content: \u25e6  Additional Ideas for Practicing Faith: Experiment with a new form of worship thisweek. Consider visiting a church outside of your typical worship experience. Howcan you see God¡¯s hand at work in th...
INFO:chroma_service:Split 9 content: Jeremiah: Finding God in ChaosSession 4: Jeremiah 8:4-9:22Session Notes:
¢ÙHow would you summarize the message of Jeremiah8:4-9:22?
¢ÚHow have you experienced grief in the past? Do you\ufb01nd it di\ufb03cult to ...
INFO:chroma_service:Split 10 content: \u25e6  Read John 11:28-37. How did Jesus respond to loss in the story? How is that similaror di\ufb00erent from Jeremiah 8-9?
¢ÜSometimes, we move too quickly through grief. Arethere any losses in your lifethat...
INFO:chroma_service:Split 11 content: ¢ÝHow does it change your life knowing that God walkswith his people even in themidst of their pain?
\u25e6  Additional Ideas for Practicing Faith: Spend one hour this week alone with theLord. Ask him if th...
INFO:chroma_service:Split 12 content: Jeremiah: Finding God in ChaosSession 5: Jeremiah 17:1-13Session Notes:
¢ÙHow would you summarize the message of Jeremiah17:1-13?
¢ÚWhat ideas or images stood out to you from thistext?
¢ÛRead Psalm 1. Ho...
INFO:chroma_service:Split 13 content: ¢ÜDo you really believe that it is better to trustin the Lord than to trust in humans?List out some reasons why trusting in God is best.
¢ÝHow would your life look di\ufb00erent this week ifyou chose to trus...
INFO:chroma_service:Split 14 content: Jeremiah: Finding God in ChaosSession 6: Jeremiah 18:1-17Session Notes:
¢ÙHow would you summarize the message of Jeremiah18:1-17?
¢ÚWhat stood out to you from this text?
¢ÛRead Genesis 1. How is God pict...
INFO:chroma_service:Split 15 content: ¢ÝThink about a big decision you will need to makethis week. How could you takea step towards trusting God more in the midst of that decision? What obstacles doyou think you will face as you try to tru...
INFO:chroma_service:Split 16 content: Jeremiah: Finding God in ChaosSession 7: Jeremiah 29:1-14Session Notes:
¢ÙHow would you summarize the message of Jeremiah29:1-14?
¢ÚHave you heard parts of this text before, like Jeremiah29:11? If so, h...
INFO:chroma_service:Split 17 content: ¢ÜDo you have a hard time trusting God in the midstof your darkness and pain?How does this text speak to God¡¯s presence in those places?
¢ÝHow could you trust God in the midst of your lifethis week? Wha...
INFO:chroma_service:Split 18 content: \u25e6  Additional Ideas for Practicing Faith: Do an inductive study on the word ¡°hope¡±in the book of Psalms. To do this, use a Bible concordance, Bible software, or anonline Bible website and search for t...
INFO:chroma_service:Split 19 content: Jeremiah: Finding God in ChaosSession 8: Jeremiah 31:1-34Session Notes:
¢ÙHow would you summarize the message of Jeremiah31:1-34?
¢ÚWhich of the pictures of renewal most resonatedwith you? Why?
¢ÛRead He...
INFO:chroma_service:Split 20 content: \u25e6  What barriers do you think you will face if you invite God in to renew these areas?
¢ÝJesus has initiated the new covenant with us. Howcould you celebrate his sacri\ufb01cethis week?
\u25e6  Additional Ideas ...
INFO:chroma_service:Split 21 content: Jeremiah: Finding God in ChaosSession 9: Jeremiah 36Session Notes:
¢ÙHow would you summarize the message of Jeremiah36?
¢ÚWhat elements of the story stood out to you?
¢ÛRead 2 Kings 23:36-24:7. How is Je...
INFO:chroma_service:Split 22 content: \u25e6  Now read 1 Peter 1:22-25. What impact does the Word of God have on us?
¢ÝHow could you honor the Word of God in your lifethis week?
\u25e6  Additional Ideas for Practicing Faith: Spend some time meditati...
INFO:chroma_service:Split 23 content: Jeremiah: Finding God in ChaosSession 10: Jeremiah 39:1-40:6Session Notes:
¢ÙHow would you summarize the message of Jeremiah39:1-40:6?
¢ÚThe book of Jeremiah has predicted this moment fromchapter 1. How...
INFO:chroma_service:Split 24 content: \u25e6  Jeremiah¡¯s ministry involved faithful service. What kind of faithful service is Godcalling you into in your own life?
¢ÝWhat would it look like for you to choose faithfulservice to the Lord instead ...
INFO:chroma_service:Split 25 content: \u25e6  Additional Ideas for Practicing Faith: Spend some time this week reading aboutChristian martyrs who gave their life for their faith. Check out recent books withstories of martyrs, or \ufb01nd a copy of ...
INFO:chroma_service:Split 26 content: Jeremiah: Finding God in ChaosSession 11: Jeremiah 44Session Notes:
¢ÙHow would you summarize the message of Jeremiah44?
¢ÚWhat similarities do you see between God¡¯s wordin Jeremiah 44 and earliersectio...
INFO:chroma_service:Split 27 content: ¢ÜIf God sent a prophet to you this week, what problemsor issues might he addressin your life? Consider how you might respond to the word of the Lord in your currentsituation.
¢ÝPraise the Lord that the...
INFO:chroma_service:Split 28 content: \u25e6  Additional Ideas for Practicing Faith: On a sheet of paper, make a list of all theways you have turned away from the Lord in the last 3 months. Now, surrenderthat list to the Lord, and then destroy...
INFO:chroma_service:Split 29 content: Jeremiah: Finding God in ChaosSession 12: Jeremiah 46-51Session Notes:
¢ÙHow would you summarize the message of Jeremiah46-51?
¢ÚHow does this section provide any comfort or hopefor the people of Judah?...
INFO:chroma_service:Split 30 content: \u25e6  What does it mean that Jesus drank from the cup and endured death? Whatimplications are there for us?
¢ÝThe message of Jeremiah involves trusting in theLord; this seems to be the answerto \ufb01nding God...
INFO:chroma_service:Split 31 content: \u25e6  Additional Ideas for Practicing Faith: Take a day of solitude away from your busylife to be by yourself. Spend time re\ufb02ecting on the message of Jeremiah, and askthe Lord to help you sort through th...
INFO:chroma_service:Split 32 content: This video was made possible with support from:...
INFO:chroma_service:Indexing 33 splits for file_id 21
INFO:chroma_service:Successfully indexed document with file_id 21
INFO:root:File Jeremiah_Finding_God_in_Chaos_7789.PDF uploaded and indexed with file_id 21
INFO:sentence_transformers.SentenceTransformer:Use pytorch device_name: cpu
INFO:sentence_transformers.SentenceTransformer:Load pretrained SentenceTransformer: sentence-transformers/all-MiniLM-L6-v2
INFO:chroma_service:Loaded 14 documents from temp_Jeremiah_Finding_God_in_Chaos_7789.PDF
INFO:chroma_service:Document 0 content: JEREMIAH:
Finding God in Chaos
JON KEHRER | 12 SESSIONS...
INFO:chroma_service:Document 1 content: Jeremiah: Finding God in ChaosSession 1: Jeremiah 1
Session Notes:
¢ÙHow would you summarize the message of Jeremiah1?
¢ÚWhat about this text or about Jeremiah¡¯s call resonatedwith you?
\u25e6  How have you experienced loss or trauma in your life? Can you relate to theexperience as ¡°disorienting¡±?
¢ÛRead Psalm 23. How does this text speak to God¡¯spresence with his people in themidst of di\ufb03cult times?
¢ÜDo you believe that God walks with you in the midstof your pain? How wouldyour life be di\ufb00erent if your...
INFO:chroma_service:Document 2 content: Jeremiah: Finding God in ChaosSession 2: Jeremiah 2
Session Notes:
¢ÙHow would you summarize the message of Jeremiah2?
¢ÚWhich of the metaphors from Jeremiah 2 resonatedmost with how God hasworked in your life?
\u25e6  Are there any other metaphors that come to your mind about your relationshipwith God in the past?
¢ÛRead Deuteronomy 32:7-14. How is God¡¯s relationshipwith his people describedthere?
\u25e6  Now read Deuteronomy 32:15-38. How is this similar to God¡¯s words in Jeremiah2?
¢ÜWhat metaphor best des...
INFO:chroma_service:Document 3 content: Jeremiah: Finding God in ChaosSession 3: Jeremiah 7:1-8:3
Session Notes:
¢ÙHow would you summarize the message of Jeremiah7:1-8:3?
¢ÚThe video discussed several forms of improper worship. Were any of thesesurprising for you? Why or why not?
¢ÛRead Mark 7:1-13. What were some forms of improperworship in use by thereligious leaders in Jesus¡¯ day?
¢ÜThink about your own worship. While you may notbe o\ufb00ering sacri\ufb01ces to theQueen of Heaven, in what ways have you trusted in human-built structures ratherth...
INFO:chroma_service:Document 4 content: Jeremiah: Finding God in ChaosSession 4: Jeremiah 8:4-9:22Session Notes:
¢ÙHow would you summarize the message of Jeremiah8:4-9:22?
¢ÚHow have you experienced grief in the past? Do you\ufb01nd it di\ufb03cult to weep overheartbreak and tragedy, even in your own life?
¢ÛIt may be di\ufb03cult for us to think about God expressinglament and grief overfallen Jerusalem. Is lament or grief something you typically think of God expressing?Why or why not?
\u25e6  Read John 11:28-37. How did Jesus respond to loss in the story? ...
INFO:chroma_service:Document 5 content: Jeremiah: Finding God in ChaosSession 5: Jeremiah 17:1-13Session Notes:
¢ÙHow would you summarize the message of Jeremiah17:1-13?
¢ÚWhat ideas or images stood out to you from thistext?
¢ÛRead Psalm 1. How is this similar to this text?How is it di\ufb00erent?
\u25e6  If you were to describe your spiritual life with an agricultural metaphor(\ufb02ourishing oak tree, dry cactus in the desert, withering rose bush, etc.), whatimage would you choose and why?
¢ÜDo you really believe that it is better to trustin the Lord ...
INFO:chroma_service:Document 6 content: Jeremiah: Finding God in ChaosSession 6: Jeremiah 18:1-17Session Notes:
¢ÙHow would you summarize the message of Jeremiah18:1-17?
¢ÚWhat stood out to you from this text?
¢ÛRead Genesis 1. How is God pictured at work in creation?Make a list of hischaracteristics and attributes.
¢ÜDo you regularly recognize God¡¯s sovereignty overall of life? What would it looklike for you to take a step this week to trust more fully in the sovereignty of God?
¢ÝThink about a big decision you will need to makethis week....
INFO:chroma_service:Document 7 content: Jeremiah: Finding God in ChaosSession 7: Jeremiah 29:1-14Session Notes:
¢ÙHow would you summarize the message of Jeremiah29:1-14?
¢ÚHave you heard parts of this text before, like Jeremiah29:11? If so, how does itchange the message when you hear it in its original context?
¢ÛRead Psalm 88:1-7. How does the Psalmist feel inthis text? How could this besimilar to the feelings of the exiles?
¢ÜDo you have a hard time trusting God in the midstof your darkness and pain?How does this text speak to God¡¯s pre...
INFO:chroma_service:Document 8 content: Jeremiah: Finding God in ChaosSession 8: Jeremiah 31:1-34Session Notes:
¢ÙHow would you summarize the message of Jeremiah31:1-34?
¢ÚWhich of the pictures of renewal most resonatedwith you? Why?
¢ÛRead Hebrews 8. How does the writer of Hebrews usethis text from Jeremiah?
¢ÜDo you believe that God could renew you? What areasof your life are most inneed of God¡¯s renewal?
\u25e6  What barriers do you think you will face if you invite God in to renew these areas?
¢ÝJesus has initiated the new covenant with us....
INFO:chroma_service:Document 9 content: Jeremiah: Finding God in ChaosSession 9: Jeremiah 36Session Notes:
¢ÙHow would you summarize the message of Jeremiah36?
¢ÚWhat elements of the story stood out to you?
¢ÛRead 2 Kings 23:36-24:7. How is Jehoiakim describedin that text? What do welearn about his character and actions from these texts?
¢ÜJehoiakim joined a long line of world rulers whotried to silence God¡¯s word. ReadIsaiah 40:6-8. What does this remind us about the Word of God?
\u25e6  Now read 1 Peter 1:22-25. What impact does the Word of ...
INFO:chroma_service:Document 10 content: Jeremiah: Finding God in ChaosSession 10: Jeremiah 39:1-40:6Session Notes:
¢ÙHow would you summarize the message of Jeremiah39:1-40:6?
¢ÚThe book of Jeremiah has predicted this moment fromchapter 1. How did it strikeyou to \ufb01nally read about the destruction of the city?
¢ÛRead Jeremiah 52. How does this text provide a fulleror di\ufb00erent picture ofJerusalem¡¯s destruction?
¢ÜAlthough this tragedy was predictable, God was stillfaithful. How have you seenGod faithful through the book of Jeremiah?
\u25e6  Jerem...
INFO:chroma_service:Document 11 content: Jeremiah: Finding God in ChaosSession 11: Jeremiah 44Session Notes:
¢ÙHow would you summarize the message of Jeremiah44?
¢ÚWhat similarities do you see between God¡¯s wordin Jeremiah 44 and earliersections of Jeremiah?
¢ÛSpend some time reading through Deuteronomy 28:15-68.How have the covenantcurses come on the people because of their disobedience?
¢ÜIf God sent a prophet to you this week, what problemsor issues might he addressin your life? Consider how you might respond to the word of the Lord in ...
INFO:chroma_service:Document 12 content: Jeremiah: Finding God in ChaosSession 12: Jeremiah 46-51Session Notes:
¢ÙHow would you summarize the message of Jeremiah46-51?
¢ÚHow does this section provide any comfort or hopefor the people of Judah?
¢ÛRead Jeremiah 25:15-29. What is the cup of God¡¯swrath? Why do the nations drinkit?
¢ÜBefore his cruci\ufb01xion, Jesus asked God to let thecup pass from him (see Matthew26:36-46). Do you think this was the cup of God¡¯s wrath? Why or why not?
\u25e6  What does it mean that Jesus drank from the cup and endured...
INFO:chroma_service:Document 13 content: This video was made possible with support from:...
INFO:chroma_service:Created 33 splits, 33 valid from temp_Jeremiah_Finding_God_in_Chaos_7789.PDF
INFO:chroma_service:Split 0 content: JEREMIAH:
Finding God in Chaos
JON KEHRER | 12 SESSIONS...
INFO:chroma_service:Split 1 content: Jeremiah: Finding God in ChaosSession 1: Jeremiah 1
Session Notes:
¢ÙHow would you summarize the message of Jeremiah1?
¢ÚWhat about this text or about Jeremiah¡¯s call resonatedwith you?
\u25e6  How have you ...
INFO:chroma_service:Split 2 content: ¢ÜDo you believe that God walks with you in the midstof your pain? How wouldyour life be di\ufb00erent if your e a l l y believed that?
¢ÝDo you consistently meditate on the fact that Godis with you, even in...
INFO:chroma_service:Split 3 content: Jeremiah: Finding God in ChaosSession 2: Jeremiah 2
Session Notes:
¢ÙHow would you summarize the message of Jeremiah2?
¢ÚWhich of the metaphors from Jeremiah 2 resonatedmost with how God hasworked in yo...
INFO:chroma_service:Split 4 content: \u25e6  Now read Deuteronomy 32:15-38. How is this similar to God¡¯s words in Jeremiah2?
¢ÜWhat metaphor best describes your relationship withGod currently? How couldyou press in to the Lord more fully durin...
INFO:chroma_service:Split 5 content: \u25e6  Additional Ideas for Practicing Faith: Spend thirty minutes or so charting out atimeline of your spiritual journey. How have you seen God work? How can yourespond to that today?...
INFO:chroma_service:Split 6 content: Jeremiah: Finding God in ChaosSession 3: Jeremiah 7:1-8:3
Session Notes:
¢ÙHow would you summarize the message of Jeremiah7:1-8:3?
¢ÚThe video discussed several forms of improper worship. Were any of th...
INFO:chroma_service:Split 7 content: ¢ÜThink about your own worship. While you may notbe o\ufb00ering sacri\ufb01ces to theQueen of Heaven, in what ways have you trusted in human-built structures ratherthan in the Lord?
¢ÝConsider taking some time t...
INFO:chroma_service:Split 8 content: \u25e6  Additional Ideas for Practicing Faith: Experiment with a new form of worship thisweek. Consider visiting a church outside of your typical worship experience. Howcan you see God¡¯s hand at work in th...
INFO:chroma_service:Split 9 content: Jeremiah: Finding God in ChaosSession 4: Jeremiah 8:4-9:22Session Notes:
¢ÙHow would you summarize the message of Jeremiah8:4-9:22?
¢ÚHow have you experienced grief in the past? Do you\ufb01nd it di\ufb03cult to ...
INFO:chroma_service:Split 10 content: \u25e6  Read John 11:28-37. How did Jesus respond to loss in the story? How is that similaror di\ufb00erent from Jeremiah 8-9?
¢ÜSometimes, we move too quickly through grief. Arethere any losses in your lifethat...
INFO:chroma_service:Split 11 content: ¢ÝHow does it change your life knowing that God walkswith his people even in themidst of their pain?
\u25e6  Additional Ideas for Practicing Faith: Spend one hour this week alone with theLord. Ask him if th...
INFO:chroma_service:Split 12 content: Jeremiah: Finding God in ChaosSession 5: Jeremiah 17:1-13Session Notes:
¢ÙHow would you summarize the message of Jeremiah17:1-13?
¢ÚWhat ideas or images stood out to you from thistext?
¢ÛRead Psalm 1. Ho...
INFO:chroma_service:Split 13 content: ¢ÜDo you really believe that it is better to trustin the Lord than to trust in humans?List out some reasons why trusting in God is best.
¢ÝHow would your life look di\ufb00erent this week ifyou chose to trus...
INFO:chroma_service:Split 14 content: Jeremiah: Finding God in ChaosSession 6: Jeremiah 18:1-17Session Notes:
¢ÙHow would you summarize the message of Jeremiah18:1-17?
¢ÚWhat stood out to you from this text?
¢ÛRead Genesis 1. How is God pict...
INFO:chroma_service:Split 15 content: ¢ÝThink about a big decision you will need to makethis week. How could you takea step towards trusting God more in the midst of that decision? What obstacles doyou think you will face as you try to tru...
INFO:chroma_service:Split 16 content: Jeremiah: Finding God in ChaosSession 7: Jeremiah 29:1-14Session Notes:
¢ÙHow would you summarize the message of Jeremiah29:1-14?
¢ÚHave you heard parts of this text before, like Jeremiah29:11? If so, h...
INFO:chroma_service:Split 17 content: ¢ÜDo you have a hard time trusting God in the midstof your darkness and pain?How does this text speak to God¡¯s presence in those places?
¢ÝHow could you trust God in the midst of your lifethis week? Wha...
INFO:chroma_service:Split 18 content: \u25e6  Additional Ideas for Practicing Faith: Do an inductive study on the word ¡°hope¡±in the book of Psalms. To do this, use a Bible concordance, Bible software, or anonline Bible website and search for t...
INFO:chroma_service:Split 19 content: Jeremiah: Finding God in ChaosSession 8: Jeremiah 31:1-34Session Notes:
¢ÙHow would you summarize the message of Jeremiah31:1-34?
¢ÚWhich of the pictures of renewal most resonatedwith you? Why?
¢ÛRead He...
INFO:chroma_service:Split 20 content: \u25e6  What barriers do you think you will face if you invite God in to renew these areas?
¢ÝJesus has initiated the new covenant with us. Howcould you celebrate his sacri\ufb01cethis week?
\u25e6  Additional Ideas ...
INFO:chroma_service:Split 21 content: Jeremiah: Finding God in ChaosSession 9: Jeremiah 36Session Notes:
¢ÙHow would you summarize the message of Jeremiah36?
¢ÚWhat elements of the story stood out to you?
¢ÛRead 2 Kings 23:36-24:7. How is Je...
INFO:chroma_service:Split 22 content: \u25e6  Now read 1 Peter 1:22-25. What impact does the Word of God have on us?
¢ÝHow could you honor the Word of God in your lifethis week?
\u25e6  Additional Ideas for Practicing Faith: Spend some time meditati...
INFO:chroma_service:Split 23 content: Jeremiah: Finding God in ChaosSession 10: Jeremiah 39:1-40:6Session Notes:
¢ÙHow would you summarize the message of Jeremiah39:1-40:6?
¢ÚThe book of Jeremiah has predicted this moment fromchapter 1. How...
INFO:chroma_service:Split 24 content: \u25e6  Jeremiah¡¯s ministry involved faithful service. What kind of faithful service is Godcalling you into in your own life?
¢ÝWhat would it look like for you to choose faithfulservice to the Lord instead ...
INFO:chroma_service:Split 25 content: \u25e6  Additional Ideas for Practicing Faith: Spend some time this week reading aboutChristian martyrs who gave their life for their faith. Check out recent books withstories of martyrs, or \ufb01nd a copy of ...
INFO:chroma_service:Split 26 content: Jeremiah: Finding God in ChaosSession 11: Jeremiah 44Session Notes:
¢ÙHow would you summarize the message of Jeremiah44?
¢ÚWhat similarities do you see between God¡¯s wordin Jeremiah 44 and earliersectio...
INFO:chroma_service:Split 27 content: ¢ÜIf God sent a prophet to you this week, what problemsor issues might he addressin your life? Consider how you might respond to the word of the Lord in your currentsituation.
¢ÝPraise the Lord that the...
INFO:chroma_service:Split 28 content: \u25e6  Additional Ideas for Practicing Faith: On a sheet of paper, make a list of all theways you have turned away from the Lord in the last 3 months. Now, surrenderthat list to the Lord, and then destroy...
INFO:chroma_service:Split 29 content: Jeremiah: Finding God in ChaosSession 12: Jeremiah 46-51Session Notes:
¢ÙHow would you summarize the message of Jeremiah46-51?
¢ÚHow does this section provide any comfort or hopefor the people of Judah?...
INFO:chroma_service:Split 30 content: \u25e6  What does it mean that Jesus drank from the cup and endured death? Whatimplications are there for us?
¢ÝThe message of Jeremiah involves trusting in theLord; this seems to be the answerto \ufb01nding God...
INFO:chroma_service:Split 31 content: \u25e6  Additional Ideas for Practicing Faith: Take a day of solitude away from your busylife to be by yourself. Spend time re\ufb02ecting on the message of Jeremiah, and askthe Lord to help you sort through th...
INFO:chroma_service:Split 32 content: This video was made possible with support from:...
INFO:chroma_service:Indexing 33 splits for file_id 22
INFO:chroma_service:Successfully indexed document with file_id 22
INFO:root:File Jeremiah_Finding_God_in_Chaos_7789.PDF uploaded and indexed with file_id 22
INFO:sentence_transformers.SentenceTransformer:Use pytorch device_name: cpu
INFO:sentence_transformers.SentenceTransformer:Load pretrained SentenceTransformer: sentence-transformers/all-MiniLM-L6-v2
INFO:chroma_service:Loaded 1 documents from temp_Application_Form_One-Year-Placement-Programme-2025 (7).docx
INFO:chroma_service:Document 0 content: Hong Kong Observatory One-Year Placement Programme 2025

Personal Particulars

English Full-name (Same as that shown on your HKID Card, Passport or Student visa) 

Click or tap here to enter text.



Chinese Full-name (Enter NA if not available) 

Click or tap here to enter text.



Gender

Choose



Email 

Click or tap here to enter text.



Phone Number 

Click or tap here to enter text.



Student Number 

Click or tap here to enter text.



University / Institution

Click or tap here to ent...
INFO:chroma_service:Created 12 splits, 12 valid from temp_Application_Form_One-Year-Placement-Programme-2025 (7).docx
INFO:chroma_service:Split 0 content: Hong Kong Observatory One-Year Placement Programme 2025

Personal Particulars

English Full-name (Same as that shown on your HKID Card, Passport or Student visa) 

Click or tap here to enter text.



...
INFO:chroma_service:Split 1 content: Student Number 

Click or tap here to enter text.



University / Institution

Click or tap here to enter text.



Department 

Click or tap here to enter text.



Year of Study Completed as of 2 Janu...
INFO:chroma_service:Split 2 content: Year of Study Completed as of 2 January 2025 

Click or tap here to enter text.

No Objection Letter (NOL) ¨C If you are a non-local student, please provide a ¡°No Objection Letter¡± (NOL) from the Immig...
INFO:chroma_service:Split 3 content: Choose



Link of Portfolio (if any) 

Click or tap here to enter text.



Cumulative Grade Point Average (CGPA) / Grading / Marks

e.g. 4.11/4.30 or Grading or Marks



Remarks (if any) 

If you have...
INFO:chroma_service:Split 4 content: Technical Knowledge and Strengths (Optional) 

e.g. AI, Linux, Python, R programming, Adobe Illustrator¡­.

	

Transcript and resume (In format with filenames ¡°yourname_transcript.pdf¡± and ¡°yourname_re...
INFO:chroma_service:Split 5 content: Project Applied (At least one and not necessary to fill all)

	

Priority (Up to 3)

Project Code

Project Title

 

A2(a)

Automatic weather reporting for the Hong Kong International Airport (HKIA)

...
INFO:chroma_service:Split 6 content: A4(b)

Enhancement of volcano monitoring using satellite data

 

A6

Investigate risk associated with aviation hazardous weather based on deterministic and probabilistic forecasts

 

A6 & A1

Study ...
INFO:chroma_service:Split 7 content: D2(a)

Enhancement of a regional air¨Csea coupled modelling system for marine forecasting

 

D2(b)

Quantitative study of the effect of sea temperature and salinity profiles on rapid intensity change ...
INFO:chroma_service:Split 8 content: D3

Evaluate the skills and explore new prediction tools for supporting sub-seasonal to seasonal forecast

 

F1(a)

Study of extremely hot weather (XHOT) conditions in Hong Kong and development of XH...
INFO:chroma_service:Split 9 content: F13(a)

Study of severe weather impact on people in terms of population and societal activities

 

F13(b)

Study the use of urban-scale weather observations and land use data in forecasting regional ...
INFO:chroma_service:Split 10 content: Enhancement of Automatic Forecast of Regional Weather and Probabilistic Prediction

 

F3(b)

Enhancement of Severe Weather Nowcast Algorithm for High-impact Significant Convective Weather Phenomena

...
INFO:chroma_service:Split 11 content: R2

Development and enhancement of the radiation and meteorological measurement device and assembly kit for school community

 

R3(a)

Enhancement and optimization of microclimate station network for...
INFO:chroma_service:Indexing 12 splits for file_id 23
INFO:chroma_service:Successfully indexed document with file_id 23
INFO:root:File Application_Form_One-Year-Placement-Programme-2025 (7).docx uploaded and indexed with file_id 23
INFO:sentence_transformers.SentenceTransformer:Use pytorch device_name: cpu
INFO:sentence_transformers.SentenceTransformer:Load pretrained SentenceTransformer: sentence-transformers/all-MiniLM-L6-v2
INFO:chroma_service:Loaded 1 documents from temp_Redis on Windows Release Notes.docx
INFO:chroma_service:Document 0 content: ...
INFO:chroma_service:Created 0 splits, 0 valid from temp_Redis on Windows Release Notes.docx
ERROR:chroma_service:Failed to load or split document temp_Redis on Windows Release Notes.docx: No valid text chunks extracted from temp_Redis on Windows Release Notes.docx
ERROR:chroma_service:Error indexing document with file_id 24: Failed to load or split document temp_Redis on Windows Release Notes.docx: No valid text chunks extracted from temp_Redis on Windows Release Notes.docx
ERROR:root:Error processing Redis on Windows Release Notes.docx: 500: Failed to index Redis on Windows Release Notes.docx. The document may be empty, contain no extractable text, or have unsupported formatting.
INFO:sentence_transformers.SentenceTransformer:Use pytorch device_name: cpu
INFO:sentence_transformers.SentenceTransformer:Load pretrained SentenceTransformer: sentence-transformers/all-MiniLM-L6-v2
INFO:chroma_service:Loaded 1 documents from temp_Redis on Windows Release Notes.docx
INFO:chroma_service:Document 0 content: ...
INFO:chroma_service:Created 0 splits, 0 valid from temp_Redis on Windows Release Notes.docx
ERROR:chroma_service:Failed to load or split document temp_Redis on Windows Release Notes.docx: No valid text chunks extracted from temp_Redis on Windows Release Notes.docx
ERROR:chroma_service:Error indexing document with file_id 25: Failed to load or split document temp_Redis on Windows Release Notes.docx: No valid text chunks extracted from temp_Redis on Windows Release Notes.docx
ERROR:root:Error processing Redis on Windows Release Notes.docx: 500: Failed to index Redis on Windows Release Notes.docx. The document may be empty, contain no extractable text, or have unsupported formatting.
INFO:sentence_transformers.SentenceTransformer:Use pytorch device_name: cpu
INFO:sentence_transformers.SentenceTransformer:Load pretrained SentenceTransformer: sentence-transformers/all-MiniLM-L6-v2
INFO:chromadb.telemetry.product.posthog:Anonymized telemetry enabled. See                     https://docs.trychroma.com/telemetry for more information.
INFO:sentence_transformers.SentenceTransformer:Use pytorch device_name: cpu
INFO:sentence_transformers.SentenceTransformer:Load pretrained SentenceTransformer: sentence-transformers/all-MiniLM-L6-v2
INFO:sentence_transformers.SentenceTransformer:Use pytorch device_name: cpu
INFO:sentence_transformers.SentenceTransformer:Load pretrained SentenceTransformer: sentence-transformers/all-MiniLM-L6-v2
INFO:chroma_service:Loaded 1 documents from temp_Redis on Windows Release Notes.docx
INFO:chroma_service:Document 0 content: ...
INFO:chroma_service:Created 0 splits, 0 valid from temp_Redis on Windows Release Notes.docx
ERROR:chroma_service:Failed to load or split document temp_Redis on Windows Release Notes.docx: No valid text chunks extracted from temp_Redis on Windows Release Notes.docx
ERROR:chroma_service:Error indexing document with file_id 26: Failed to load or split document temp_Redis on Windows Release Notes.docx: No valid text chunks extracted from temp_Redis on Windows Release Notes.docx
ERROR:root:Error processing Redis on Windows Release Notes.docx: 500: Failed to index Redis on Windows Release Notes.docx. The document may be empty, contain no extractable text, or have unsupported formatting.
INFO:sentence_transformers.SentenceTransformer:Use pytorch device_name: cpu
INFO:sentence_transformers.SentenceTransformer:Load pretrained SentenceTransformer: sentence-transformers/all-MiniLM-L6-v2
INFO:chromadb.telemetry.product.posthog:Anonymized telemetry enabled. See                     https://docs.trychroma.com/telemetry for more information.
INFO:sentence_transformers.SentenceTransformer:Use pytorch device_name: cpu
INFO:sentence_transformers.SentenceTransformer:Load pretrained SentenceTransformer: sentence-transformers/all-MiniLM-L6-v2
INFO:sentence_transformers.SentenceTransformer:Use pytorch device_name: cpu
INFO:sentence_transformers.SentenceTransformer:Load pretrained SentenceTransformer: sentence-transformers/all-MiniLM-L6-v2
INFO:chroma_service:Loaded 1 documents from temp_Redis on Windows Release Notes.docx
INFO:chroma_service:Document 0 content: ...
INFO:chroma_service:Created 0 splits, 0 valid from temp_Redis on Windows Release Notes.docx
ERROR:chroma_service:Failed to load or split document temp_Redis on Windows Release Notes.docx: No valid text chunks extracted from temp_Redis on Windows Release Notes.docx
INFO:chroma_service:Error indexing document with file_id 27: Failed to load or split document temp_Redis on Windows Release Notes.docx: No valid text chunks extracted from temp_Redis on Windows Release Notes.docx
ERROR:root:Error processing Redis on Windows Release Notes.docx: 500: Failed to index Redis on Windows Release Notes.docx. The document may be empty, contain no extractable text, or have unsupported formatting.
INFO:sentence_transformers.SentenceTransformer:Use pytorch device_name: cpu
INFO:sentence_transformers.SentenceTransformer:Load pretrained SentenceTransformer: sentence-transformers/all-MiniLM-L6-v2
INFO:chromadb.telemetry.product.posthog:Anonymized telemetry enabled. See                     https://docs.trychroma.com/telemetry for more information.
INFO:sentence_transformers.SentenceTransformer:Use pytorch device_name: cpu
INFO:sentence_transformers.SentenceTransformer:Load pretrained SentenceTransformer: sentence-transformers/all-MiniLM-L6-v2
INFO:sentence_transformers.SentenceTransformer:Use pytorch device_name: cpu
INFO:sentence_transformers.SentenceTransformer:Load pretrained SentenceTransformer: sentence-transformers/all-MiniLM-L6-v2
INFO:chroma_service:Loaded 1 documents from temp_Redis on Windows Release Notes.docx
INFO:chroma_service:Document 0 content: ...
INFO:chroma_service:Created 0 splits, 0 valid from temp_Redis on Windows Release Notes.docx
ERROR:chroma_service:Failed to load or split document temp_Redis on Windows Release Notes.docx: No valid text chunks extracted from temp_Redis on Windows Release Notes.docx
INFO:chroma_service:Error indexing document with file_id 28: Failed to load or split document temp_Redis on Windows Release Notes.docx: No valid text chunks extracted from temp_Redis on Windows Release Notes.docx
ERROR:root:Error processing Redis on Windows Release Notes.docx: 500: Failed to index Redis on Windows Release Notes.docx. The document may be empty, contain no extractable text, or have unsupported formatting.
INFO:sentence_transformers.SentenceTransformer:Use pytorch device_name: cpu
INFO:sentence_transformers.SentenceTransformer:Load pretrained SentenceTransformer: sentence-transformers/all-MiniLM-L6-v2
INFO:chromadb.telemetry.product.posthog:Anonymized telemetry enabled. See                     https://docs.trychroma.com/telemetry for more information.
INFO:sentence_transformers.SentenceTransformer:Use pytorch device_name: cpu
INFO:sentence_transformers.SentenceTransformer:Load pretrained SentenceTransformer: sentence-transformers/all-MiniLM-L6-v2
INFO:sentence_transformers.SentenceTransformer:Use pytorch device_name: cpu
INFO:sentence_transformers.SentenceTransformer:Load pretrained SentenceTransformer: sentence-transformers/all-MiniLM-L6-v2
INFO:chroma_service:Loaded 1 documents from temp_Redis on Windows Release Notes.docx
INFO:chroma_service:Document 0 content: ...
INFO:chroma_service:Created 0 splits, 0 valid from temp_Redis on Windows Release Notes.docx
INFO:chroma_service:Failed to load or split document temp_Redis on Windows Release Notes.docx: No valid text chunks extracted from temp_Redis on Windows Release Notes.docx
INFO:chroma_service:Error indexing document with file_id 29: Failed to load or split document temp_Redis on Windows Release Notes.docx: No valid text chunks extracted from temp_Redis on Windows Release Notes.docx
ERROR:root:Error processing Redis on Windows Release Notes.docx: 500: Failed to index Redis on Windows Release Notes.docx. The document may be empty, contain no extractable text, or have unsupported formatting.
INFO:sentence_transformers.SentenceTransformer:Use pytorch device_name: cpu
INFO:sentence_transformers.SentenceTransformer:Load pretrained SentenceTransformer: sentence-transformers/all-MiniLM-L6-v2
INFO:chromadb.telemetry.product.posthog:Anonymized telemetry enabled. See                     https://docs.trychroma.com/telemetry for more information.
INFO:sentence_transformers.SentenceTransformer:Use pytorch device_name: cpu
INFO:sentence_transformers.SentenceTransformer:Load pretrained SentenceTransformer: sentence-transformers/all-MiniLM-L6-v2
INFO:sentence_transformers.SentenceTransformer:Use pytorch device_name: cpu
INFO:sentence_transformers.SentenceTransformer:Load pretrained SentenceTransformer: sentence-transformers/all-MiniLM-L6-v2
INFO:chroma_service:Loaded 1 documents from temp_Redis on Windows Release Notes.docx
INFO:chroma_service:Document 0 content: ...
INFO:chroma_service:Created 0 splits, 0 valid from temp_Redis on Windows Release Notes.docx
INFO:chroma_service:Failed to load or split document temp_Redis on Windows Release Notes.docx: No valid text chunks extracted from temp_Redis on Windows Release Notes.docx
INFO:chroma_service:Error indexing document with file_id 30: Failed to load or split document temp_Redis on Windows Release Notes.docx: No valid text chunks extracted from temp_Redis on Windows Release Notes.docx
ERROR:root:Error processing Redis on Windows Release Notes.docx: 500: Failed to index Redis on Windows Release Notes.docx. The document may be empty, contain no extractable text, or have unsupported formatting.
INFO:sentence_transformers.SentenceTransformer:Use pytorch device_name: cpu
INFO:sentence_transformers.SentenceTransformer:Load pretrained SentenceTransformer: sentence-transformers/all-MiniLM-L6-v2
INFO:sentence_transformers.SentenceTransformer:Use pytorch device_name: cpu
INFO:sentence_transformers.SentenceTransformer:Load pretrained SentenceTransformer: sentence-transformers/all-MiniLM-L6-v2
INFO:chromadb.telemetry.product.posthog:Anonymized telemetry enabled. See                     https://docs.trychroma.com/telemetry for more information.
INFO:sentence_transformers.SentenceTransformer:Use pytorch device_name: cpu
INFO:sentence_transformers.SentenceTransformer:Load pretrained SentenceTransformer: sentence-transformers/all-MiniLM-L6-v2
INFO:sentence_transformers.SentenceTransformer:Use pytorch device_name: cpu
INFO:sentence_transformers.SentenceTransformer:Load pretrained SentenceTransformer: sentence-transformers/all-MiniLM-L6-v2
INFO:sentence_transformers.SentenceTransformer:Use pytorch device_name: cpu
INFO:sentence_transformers.SentenceTransformer:Load pretrained SentenceTransformer: sentence-transformers/all-MiniLM-L6-v2
INFO:sentence_transformers.SentenceTransformer:Use pytorch device_name: cpu
INFO:sentence_transformers.SentenceTransformer:Load pretrained SentenceTransformer: sentence-transformers/all-MiniLM-L6-v2
INFO:sentence_transformers.SentenceTransformer:Use pytorch device_name: cpu
INFO:sentence_transformers.SentenceTransformer:Load pretrained SentenceTransformer: sentence-transformers/all-MiniLM-L6-v2
INFO:sentence_transformers.SentenceTransformer:Use pytorch device_name: cpu
INFO:sentence_transformers.SentenceTransformer:Load pretrained SentenceTransformer: sentence-transformers/all-MiniLM-L6-v2
INFO:sentence_transformers.SentenceTransformer:Use pytorch device_name: cpu
INFO:sentence_transformers.SentenceTransformer:Load pretrained SentenceTransformer: sentence-transformers/all-MiniLM-L6-v2
INFO:chromadb.telemetry.product.posthog:Anonymized telemetry enabled. See                     https://docs.trychroma.com/telemetry for more information.
INFO:sentence_transformers.SentenceTransformer:Use pytorch device_name: cpu
INFO:sentence_transformers.SentenceTransformer:Load pretrained SentenceTransformer: sentence-transformers/all-MiniLM-L6-v2
INFO:sentence_transformers.SentenceTransformer:Use pytorch device_name: cpu
INFO:sentence_transformers.SentenceTransformer:Load pretrained SentenceTransformer: sentence-transformers/all-MiniLM-L6-v2
INFO:sentence_transformers.SentenceTransformer:Use pytorch device_name: cpu
INFO:sentence_transformers.SentenceTransformer:Load pretrained SentenceTransformer: sentence-transformers/all-MiniLM-L6-v2
INFO:chromadb.telemetry.product.posthog:Anonymized telemetry enabled. See                     https://docs.trychroma.com/telemetry for more information.
INFO:sentence_transformers.SentenceTransformer:Use pytorch device_name: cpu
INFO:sentence_transformers.SentenceTransformer:Load pretrained SentenceTransformer: sentence-transformers/all-MiniLM-L6-v2
INFO:sentence_transformers.SentenceTransformer:Use pytorch device_name: cpu
INFO:sentence_transformers.SentenceTransformer:Load pretrained SentenceTransformer: sentence-transformers/all-MiniLM-L6-v2
INFO:sentence_transformers.SentenceTransformer:Use pytorch device_name: cpu
INFO:sentence_transformers.SentenceTransformer:Load pretrained SentenceTransformer: sentence-transformers/all-MiniLM-L6-v2
INFO:chromadb.telemetry.product.posthog:Anonymized telemetry enabled. See                     https://docs.trychroma.com/telemetry for more information.
INFO:sentence_transformers.SentenceTransformer:Use pytorch device_name: cpu
INFO:sentence_transformers.SentenceTransformer:Load pretrained SentenceTransformer: sentence-transformers/all-MiniLM-L6-v2
INFO:sentence_transformers.SentenceTransformer:Use pytorch device_name: cpu
INFO:sentence_transformers.SentenceTransformer:Load pretrained SentenceTransformer: sentence-transformers/all-MiniLM-L6-v2
INFO:chromadb.telemetry.product.posthog:Anonymized telemetry enabled. See                     https://docs.trychroma.com/telemetry for more information.
INFO:sentence_transformers.SentenceTransformer:Use pytorch device_name: cpu
INFO:sentence_transformers.SentenceTransformer:Load pretrained SentenceTransformer: sentence-transformers/all-MiniLM-L6-v2
INFO:sentence_transformers.SentenceTransformer:Use pytorch device_name: cpu
INFO:sentence_transformers.SentenceTransformer:Load pretrained SentenceTransformer: sentence-transformers/all-MiniLM-L6-v2
INFO:sentence_transformers.SentenceTransformer:Use pytorch device_name: cpu
INFO:sentence_transformers.SentenceTransformer:Load pretrained SentenceTransformer: sentence-transformers/all-MiniLM-L6-v2
INFO:chromadb.telemetry.product.posthog:Anonymized telemetry enabled. See                     https://docs.trychroma.com/telemetry for more information.
INFO:sentence_transformers.SentenceTransformer:Use pytorch device_name: cpu
INFO:sentence_transformers.SentenceTransformer:Load pretrained SentenceTransformer: sentence-transformers/all-MiniLM-L6-v2
INFO:sentence_transformers.SentenceTransformer:Use pytorch device_name: cpu
INFO:sentence_transformers.SentenceTransformer:Load pretrained SentenceTransformer: sentence-transformers/all-MiniLM-L6-v2
INFO:sentence_transformers.SentenceTransformer:Use pytorch device_name: cpu
INFO:sentence_transformers.SentenceTransformer:Load pretrained SentenceTransformer: sentence-transformers/all-MiniLM-L6-v2
INFO:chromadb.telemetry.product.posthog:Anonymized telemetry enabled. See                     https://docs.trychroma.com/telemetry for more information.
INFO:sentence_transformers.SentenceTransformer:Use pytorch device_name: cpu
INFO:sentence_transformers.SentenceTransformer:Load pretrained SentenceTransformer: sentence-transformers/all-MiniLM-L6-v2
INFO:sentence_transformers.SentenceTransformer:Use pytorch device_name: cpu
INFO:sentence_transformers.SentenceTransformer:Load pretrained SentenceTransformer: sentence-transformers/all-MiniLM-L6-v2
INFO:sentence_transformers.SentenceTransformer:Use pytorch device_name: cpu
INFO:sentence_transformers.SentenceTransformer:Load pretrained SentenceTransformer: sentence-transformers/all-MiniLM-L6-v2
INFO:chromadb.telemetry.product.posthog:Anonymized telemetry enabled. See                     https://docs.trychroma.com/telemetry for more information.
INFO:sentence_transformers.SentenceTransformer:Use pytorch device_name: cpu
INFO:sentence_transformers.SentenceTransformer:Load pretrained SentenceTransformer: sentence-transformers/all-MiniLM-L6-v2
INFO:sentence_transformers.SentenceTransformer:Use pytorch device_name: cpu
INFO:sentence_transformers.SentenceTransformer:Load pretrained SentenceTransformer: sentence-transformers/all-MiniLM-L6-v2
INFO:sentence_transformers.SentenceTransformer:Use pytorch device_name: cpu
INFO:sentence_transformers.SentenceTransformer:Load pretrained SentenceTransformer: sentence-transformers/all-MiniLM-L6-v2
INFO:sentence_transformers.SentenceTransformer:Use pytorch device_name: cpu
INFO:sentence_transformers.SentenceTransformer:Load pretrained SentenceTransformer: sentence-transformers/all-MiniLM-L6-v2
INFO:chromadb.telemetry.product.posthog:Anonymized telemetry enabled. See                     https://docs.trychroma.com/telemetry for more information.
INFO:sentence_transformers.SentenceTransformer:Use pytorch device_name: cpu
INFO:sentence_transformers.SentenceTransformer:Load pretrained SentenceTransformer: sentence-transformers/all-MiniLM-L6-v2
INFO:sentence_transformers.SentenceTransformer:Use pytorch device_name: cpu
INFO:sentence_transformers.SentenceTransformer:Load pretrained SentenceTransformer: sentence-transformers/all-MiniLM-L6-v2
INFO:sentence_transformers.SentenceTransformer:Use pytorch device_name: cpu
INFO:sentence_transformers.SentenceTransformer:Load pretrained SentenceTransformer: sentence-transformers/all-MiniLM-L6-v2
INFO:chromadb.telemetry.product.posthog:Anonymized telemetry enabled. See                     https://docs.trychroma.com/telemetry for more information.
INFO:sentence_transformers.SentenceTransformer:Use pytorch device_name: cpu
INFO:sentence_transformers.SentenceTransformer:Load pretrained SentenceTransformer: sentence-transformers/all-MiniLM-L6-v2
INFO:sentence_transformers.SentenceTransformer:Use pytorch device_name: cpu
INFO:sentence_transformers.SentenceTransformer:Load pretrained SentenceTransformer: sentence-transformers/all-MiniLM-L6-v2
INFO:sentence_transformers.SentenceTransformer:Use pytorch device_name: cpu
INFO:sentence_transformers.SentenceTransformer:Load pretrained SentenceTransformer: sentence-transformers/all-MiniLM-L6-v2
INFO:chromadb.telemetry.product.posthog:Anonymized telemetry enabled. See                     https://docs.trychroma.com/telemetry for more information.
INFO:sentence_transformers.SentenceTransformer:Use pytorch device_name: cpu
INFO:sentence_transformers.SentenceTransformer:Load pretrained SentenceTransformer: sentence-transformers/all-MiniLM-L6-v2
INFO:sentence_transformers.SentenceTransformer:Use pytorch device_name: cpu
INFO:sentence_transformers.SentenceTransformer:Load pretrained SentenceTransformer: sentence-transformers/all-MiniLM-L6-v2
INFO:sentence_transformers.SentenceTransformer:Use pytorch device_name: cpu
INFO:sentence_transformers.SentenceTransformer:Load pretrained SentenceTransformer: sentence-transformers/all-MiniLM-L6-v2
INFO:chromadb.telemetry.product.posthog:Anonymized telemetry enabled. See                     https://docs.trychroma.com/telemetry for more information.
INFO:sentence_transformers.SentenceTransformer:Use pytorch device_name: cpu
INFO:sentence_transformers.SentenceTransformer:Load pretrained SentenceTransformer: sentence-transformers/all-MiniLM-L6-v2
INFO:sentence_transformers.SentenceTransformer:Use pytorch device_name: cpu
INFO:sentence_transformers.SentenceTransformer:Load pretrained SentenceTransformer: sentence-transformers/all-MiniLM-L6-v2
INFO:sentence_transformers.SentenceTransformer:Use pytorch device_name: cpu
INFO:sentence_transformers.SentenceTransformer:Load pretrained SentenceTransformer: sentence-transformers/all-MiniLM-L6-v2
INFO:sentence_transformers.SentenceTransformer:Use pytorch device_name: cpu
INFO:sentence_transformers.SentenceTransformer:Load pretrained SentenceTransformer: sentence-transformers/all-MiniLM-L6-v2
INFO:chromadb.telemetry.product.posthog:Anonymized telemetry enabled. See                     https://docs.trychroma.com/telemetry for more information.
INFO:sentence_transformers.SentenceTransformer:Use pytorch device_name: cpu
INFO:sentence_transformers.SentenceTransformer:Load pretrained SentenceTransformer: sentence-transformers/all-MiniLM-L6-v2
INFO:sentence_transformers.SentenceTransformer:Use pytorch device_name: cpu
INFO:sentence_transformers.SentenceTransformer:Load pretrained SentenceTransformer: sentence-transformers/all-MiniLM-L6-v2
INFO:sentence_transformers.SentenceTransformer:Use pytorch device_name: cpu
INFO:sentence_transformers.SentenceTransformer:Load pretrained SentenceTransformer: sentence-transformers/all-MiniLM-L6-v2
INFO:chromadb.telemetry.product.posthog:Anonymized telemetry enabled. See                     https://docs.trychroma.com/telemetry for more information.
INFO:sentence_transformers.SentenceTransformer:Use pytorch device_name: cpu
INFO:sentence_transformers.SentenceTransformer:Load pretrained SentenceTransformer: sentence-transformers/all-MiniLM-L6-v2
INFO:sentence_transformers.SentenceTransformer:Use pytorch device_name: cpu
INFO:sentence_transformers.SentenceTransformer:Load pretrained SentenceTransformer: sentence-transformers/all-MiniLM-L6-v2
INFO:sentence_transformers.SentenceTransformer:Use pytorch device_name: cpu
INFO:sentence_transformers.SentenceTransformer:Load pretrained SentenceTransformer: sentence-transformers/all-MiniLM-L6-v2
INFO:sentence_transformers.SentenceTransformer:Use pytorch device_name: cpu
INFO:sentence_transformers.SentenceTransformer:Load pretrained SentenceTransformer: sentence-transformers/all-MiniLM-L6-v2
INFO:chromadb.telemetry.product.posthog:Anonymized telemetry enabled. See                     https://docs.trychroma.com/telemetry for more information.
INFO:sentence_transformers.SentenceTransformer:Use pytorch device_name: cpu
INFO:sentence_transformers.SentenceTransformer:Load pretrained SentenceTransformer: sentence-transformers/all-MiniLM-L6-v2
INFO:sentence_transformers.SentenceTransformer:Use pytorch device_name: cpu
INFO:sentence_transformers.SentenceTransformer:Load pretrained SentenceTransformer: sentence-transformers/all-MiniLM-L6-v2
INFO:sentence_transformers.SentenceTransformer:Use pytorch device_name: cpu
INFO:sentence_transformers.SentenceTransformer:Load pretrained SentenceTransformer: sentence-transformers/all-MiniLM-L6-v2
INFO:chromadb.telemetry.product.posthog:Anonymized telemetry enabled. See                     https://docs.trychroma.com/telemetry for more information.
INFO:sentence_transformers.SentenceTransformer:Use pytorch device_name: cpu
INFO:sentence_transformers.SentenceTransformer:Load pretrained SentenceTransformer: sentence-transformers/all-MiniLM-L6-v2
INFO:sentence_transformers.SentenceTransformer:Use pytorch device_name: cpu
INFO:sentence_transformers.SentenceTransformer:Load pretrained SentenceTransformer: sentence-transformers/all-MiniLM-L6-v2
INFO:sentence_transformers.SentenceTransformer:Use pytorch device_name: cpu
INFO:sentence_transformers.SentenceTransformer:Load pretrained SentenceTransformer: sentence-transformers/all-MiniLM-L6-v2
INFO:chromadb.telemetry.product.posthog:Anonymized telemetry enabled. See                     https://docs.trychroma.com/telemetry for more information.
INFO:sentence_transformers.SentenceTransformer:Use pytorch device_name: cpu
INFO:sentence_transformers.SentenceTransformer:Load pretrained SentenceTransformer: sentence-transformers/all-MiniLM-L6-v2
INFO:sentence_transformers.SentenceTransformer:Use pytorch device_name: cpu
INFO:sentence_transformers.SentenceTransformer:Load pretrained SentenceTransformer: sentence-transformers/all-MiniLM-L6-v2
INFO:sentence_transformers.SentenceTransformer:Use pytorch device_name: cpu
INFO:sentence_transformers.SentenceTransformer:Load pretrained SentenceTransformer: sentence-transformers/all-MiniLM-L6-v2
INFO:chromadb.telemetry.product.posthog:Anonymized telemetry enabled. See                     https://docs.trychroma.com/telemetry for more information.
INFO:sentence_transformers.SentenceTransformer:Use pytorch device_name: cpu
INFO:sentence_transformers.SentenceTransformer:Load pretrained SentenceTransformer: sentence-transformers/all-MiniLM-L6-v2
INFO:sentence_transformers.SentenceTransformer:Use pytorch device_name: cpu
INFO:sentence_transformers.SentenceTransformer:Load pretrained SentenceTransformer: sentence-transformers/all-MiniLM-L6-v2
INFO:sentence_transformers.SentenceTransformer:Use pytorch device_name: cpu
INFO:sentence_transformers.SentenceTransformer:Load pretrained SentenceTransformer: sentence-transformers/all-MiniLM-L6-v2
INFO:sentence_transformers.SentenceTransformer:Use pytorch device_name: cpu
INFO:sentence_transformers.SentenceTransformer:Load pretrained SentenceTransformer: sentence-transformers/all-MiniLM-L6-v2
INFO:sentence_transformers.SentenceTransformer:Use pytorch device_name: cpu
INFO:sentence_transformers.SentenceTransformer:Load pretrained SentenceTransformer: sentence-transformers/all-MiniLM-L6-v2
INFO:chromadb.telemetry.product.posthog:Anonymized telemetry enabled. See                     https://docs.trychroma.com/telemetry for more information.
INFO:sentence_transformers.SentenceTransformer:Use pytorch device_name: cpu
INFO:sentence_transformers.SentenceTransformer:Load pretrained SentenceTransformer: sentence-transformers/all-MiniLM-L6-v2
INFO:sentence_transformers.SentenceTransformer:Use pytorch device_name: cpu
INFO:sentence_transformers.SentenceTransformer:Load pretrained SentenceTransformer: sentence-transformers/all-MiniLM-L6-v2
INFO:sentence_transformers.SentenceTransformer:Use pytorch device_name: cpu
INFO:sentence_transformers.SentenceTransformer:Load pretrained SentenceTransformer: sentence-transformers/all-MiniLM-L6-v2
INFO:sentence_transformers.SentenceTransformer:Use pytorch device_name: cpu
INFO:sentence_transformers.SentenceTransformer:Load pretrained SentenceTransformer: sentence-transformers/all-MiniLM-L6-v2
INFO:sentence_transformers.SentenceTransformer:Use pytorch device_name: cpu
INFO:sentence_transformers.SentenceTransformer:Load pretrained SentenceTransformer: sentence-transformers/all-MiniLM-L6-v2
INFO:sentence_transformers.SentenceTransformer:Use pytorch device_name: cpu
INFO:sentence_transformers.SentenceTransformer:Load pretrained SentenceTransformer: sentence-transformers/all-MiniLM-L6-v2
INFO:chromadb.telemetry.product.posthog:Anonymized telemetry enabled. See                     https://docs.trychroma.com/telemetry for more information.
INFO:sentence_transformers.SentenceTransformer:Use pytorch device_name: cpu
INFO:sentence_transformers.SentenceTransformer:Load pretrained SentenceTransformer: sentence-transformers/all-MiniLM-L6-v2
INFO:sentence_transformers.SentenceTransformer:Use pytorch device_name: cpu
INFO:sentence_transformers.SentenceTransformer:Load pretrained SentenceTransformer: sentence-transformers/all-MiniLM-L6-v2
INFO:sentence_transformers.SentenceTransformer:Use pytorch device_name: cpu
INFO:sentence_transformers.SentenceTransformer:Load pretrained SentenceTransformer: sentence-transformers/all-MiniLM-L6-v2
INFO:sentence_transformers.SentenceTransformer:Use pytorch device_name: cpu
INFO:sentence_transformers.SentenceTransformer:Load pretrained SentenceTransformer: sentence-transformers/all-MiniLM-L6-v2
INFO:chromadb.telemetry.product.posthog:Anonymized telemetry enabled. See                     https://docs.trychroma.com/telemetry for more information.
INFO:sentence_transformers.SentenceTransformer:Use pytorch device_name: cpu
INFO:sentence_transformers.SentenceTransformer:Load pretrained SentenceTransformer: sentence-transformers/all-MiniLM-L6-v2
INFO:sentence_transformers.SentenceTransformer:Use pytorch device_name: cpu
INFO:sentence_transformers.SentenceTransformer:Load pretrained SentenceTransformer: sentence-transformers/all-MiniLM-L6-v2
INFO:sentence_transformers.SentenceTransformer:Use pytorch device_name: cpu
INFO:sentence_transformers.SentenceTransformer:Load pretrained SentenceTransformer: sentence-transformers/all-MiniLM-L6-v2
INFO:sentence_transformers.SentenceTransformer:Use pytorch device_name: cpu
INFO:sentence_transformers.SentenceTransformer:Load pretrained SentenceTransformer: sentence-transformers/all-MiniLM-L6-v2
INFO:chromadb.telemetry.product.posthog:Anonymized telemetry enabled. See                     https://docs.trychroma.com/telemetry for more information.
INFO:sentence_transformers.SentenceTransformer:Use pytorch device_name: cpu
INFO:sentence_transformers.SentenceTransformer:Load pretrained SentenceTransformer: sentence-transformers/all-MiniLM-L6-v2
INFO:sentence_transformers.SentenceTransformer:Use pytorch device_name: cpu
INFO:sentence_transformers.SentenceTransformer:Load pretrained SentenceTransformer: sentence-transformers/all-MiniLM-L6-v2
INFO:sentence_transformers.SentenceTransformer:Use pytorch device_name: cpu
INFO:sentence_transformers.SentenceTransformer:Load pretrained SentenceTransformer: sentence-transformers/all-MiniLM-L6-v2
INFO:sentence_transformers.SentenceTransformer:Use pytorch device_name: cpu
INFO:sentence_transformers.SentenceTransformer:Load pretrained SentenceTransformer: sentence-transformers/all-MiniLM-L6-v2
INFO:chromadb.telemetry.product.posthog:Anonymized telemetry enabled. See                     https://docs.trychroma.com/telemetry for more information.
INFO:sentence_transformers.SentenceTransformer:Use pytorch device_name: cpu
INFO:sentence_transformers.SentenceTransformer:Load pretrained SentenceTransformer: sentence-transformers/all-MiniLM-L6-v2
INFO:sentence_transformers.SentenceTransformer:Use pytorch device_name: cpu
INFO:sentence_transformers.SentenceTransformer:Load pretrained SentenceTransformer: sentence-transformers/all-MiniLM-L6-v2
INFO:chroma_service:Found 0 document chunks for file_id 8
INFO:chroma_service:Deleted all documents with file_id 8
INFO:sentence_transformers.SentenceTransformer:Use pytorch device_name: cpu
INFO:sentence_transformers.SentenceTransformer:Load pretrained SentenceTransformer: sentence-transformers/all-MiniLM-L6-v2
INFO:chroma_service:Loaded 9 documents from temp_MPF SCHEME - MEMBER INFORMATION CHANGE FORM_signed.pdf
INFO:chroma_service:Document 0 content: 1 of 9
MIC-25V3
MPF SCHEME ¨C
MEMBER INFORMATION CHANGE FORM 
\u0f8c \xd1 \u08f8\u068c\u08d8
Important Notes \u052b\u0db0 :
1. Please read the following notes before completing this form. \u0e08\u052b\u0db0f
(i) eMPF Platform Company Limited ( "eMPF Company" ), a wholly owned subsidiary of the Mandatory Provident Fund Schemes
Authority ( "MPFA" ), will provide the scheme administration services to you through the eMPF Platform, subject to the "General
Terms and Conditions of the eMPF Platform" which can be accessed from https://empf.org.hk/tnc...
INFO:chroma_service:Document 1 content: 2 of 9
MIC-25V3
(2) Member Name ¦³\u1048 ( As shown on HKID Card / Passport ¦­)
 
(3) Identi\ufb01cation \u05fc
 HKID Card \u0ca5\u0512\u0385\u15c7   Passport \u1690\u0e6b ( Applicable ONLY for an individual without HKID Card \u0ca5\u0512\u0385\u15c7\u025b\u027b\u0dec\u1133 )
Document No. \u15c7\u0381\u0eee\u11c1 
  B. CHANGE OF MEMBER PARTICULARS 
1
 \u08d8 
1
 ( Complete only those details to be changed \u08d8) 
1) Change of Contact Information \u08d8
 i) New Address \u0e2d\u03ae\u0467  
Please tick the appropriate type and provide the relevant information. f
 Address Type
 \u03ae\u0467\u15f3§Û (A) Residential Address 
2 & 3
§ª\u03ae\u0467
2 \u02bf 3 AND / OR...
INFO:chroma_service:Document 2 content: 3 of 9
MIC-25V3
(5) Change / Correction of Name 
3
 and / or Signature Specimen 
3
 ¦³ 
3
 \u15a6\u0ec7\u1175\u03cc 
3
 (i) Member Name ¦³\u1048 ( As shown on HKID Card / Passport ¦­ )
Surname in English\u02e4  
Given Name in English\u02d6¦³¦Ï 
Name in Chinese¦³ ( Surname\u02e4 ) ( Given Name ¦³¦Ï ) 
(ii) New Signature Specimen \u0e2d\u15a6\u0ec7\u1175\u03cc
 
1
 For employee member, if you / your employer wish(es) to update member particulars in relation to your employment details ( including but not limited to date of employment ), the 
employer is required to prov...
INFO:chroma_service:Document 3 content: 4 of 9
MIC-25V3
  E.  CHANGE OF PAYMENT METHOD 
5
 \u04bb\u04b7\u02f9\u0c9b¨B\u03cc 
5
 \x80 For Self-Employed Person only \u0406\u0f87\u025b\u027b \x81
If you would like to change the payment method in relation to direct debit 
6
, please download "Direct Debit Authorization" ( "DDA Form" ) 
via visiting the website of the eMPF Platform ( https://empf.org.hk/forms/en ) or scanning the QR code to complete and return "DDA Form". 
Method of payment will be defaulted as "by cheque" if direct debit is cancelled.\u0a9f\u03d4\u0a6e
 6
 \u05f8\u0696
\u082bhttps://empf.org.hk/forms )...
INFO:chroma_service:Document 4 content: 5 of 9
MIC-25V3
Submission Channels \u08b0Enquiries \u0f14
1. Post:  PO Box 98929 Tsim Sha Tsui Post O\ufb03ce
 \u0d89\u0a54 :\u11cc 98929 \u0eee
2. Drop-in Box in any one of the eMPF Service Centres below
 \u04b3\u10c8\u11cc
3. Email address * \u0f65\u0d89\u03ae\u0467 * : forms@support.empf.org.hk
4. Fax * \u0dc2\u0946 * : 3197 2988
1. eMPF Customer Service Hotline \u0a15\u11a0\u11de  : 183 2622
2. Email address \u0f65\u0d89\u03ae\u0467 : enquiry@support.empf.org.hk
3. Fax \u0dc2\u0946 : 3197 2922
 Please do NOT submit duplicate copies to avoid duplication.
 \u1217\u02b6\u120df 
eMPF Service Centres Address & Service Hours \u0d9c
Hong K...
INFO:chroma_service:Document 5 content: 6 of 9
MIC-25V3
APPENDIX A: LIST OF "PERSONAL INFORMATION COLLECTION STATEMENT" ( "PICS" ) OF THE eMPF 
PLATFORM AND THE ONBOARDED MPF SCHEMES
\u137dA: \x91( \x99 ) \u068c
Below are the PICS of the eMPF Platform and the onboarded MPF schemes. Please download and read the PICS of the eMPF Platform and the onboarded MPF 
scheme(s) via visiting the website of the eMPF Platform or scanning respective QR code. Alternatively, you may also get a copy of the PICS by calling eMPF 
Customer Service Hotline 183 2622 or vi...
INFO:chroma_service:Document 6 content: 7 of 9
MIC-25V3
Personal Information Collection Statement of The Onboarded MPF Schemes
\u05fc
Scheme Name \u0f8c¦³\u1048 Trustee Name \u0561\u09c4\u025b¦³\u1048
Scheme Onboarding Date
\u0f8c\u1537\u0b45\u02da\u0c82
( DD / MM / YYYY \u02da\u014a\u02dc\u014a\u03cb )
Link / QR Code
\u0bb9\u0d10\u014a\u025a\u106a\u11c1
Principal MPF ¨C Simple Plan
\u0696 ¨C \u0c2c\u0298\u136f
Principal Trust Company (Asia) Limited
\u02ae\u0321 07 / 05 / 2025
https://empf.org.hk/pics_prinsp
Principal MPF ¨C Smart Plan
\u0696 ¨C \u0c7d\u0298\u136f
https://empf.org.hk/pics_prinsm
Principal MPF Scheme Series 800
\u0f8c 800 \u04fb\u0390
https://empf.org.hk/pics_prins8
SHKP MPF Employer Sponsored Scheme
...
INFO:chroma_service:Document 7 content: 8 of 9
MIC-25V3
  APPENDIX B: LIST OF REQUIRED DOCUMENT(S) FOR MEMBER INFORMATION CHANGE 
  \u137dB: \u068c
Change Items \u04bb\u04b7\u0db0\u0366
( Please refer to List of Required Documents table below for document code details \u1261\u02d6\u0381\u11dc\u0eee\u0f09\u0a8b )
Scheme Name \u0f8c¦³\u1048 (1) Member Name 
¦³\u1048
(2) HKID Card /
Passport No.
\u0ca5\u0512\u0385\u15c7\u014a
\u1690\u0e6b\u0eee\u11c1
(3) Date of Birth 
\u0308\u035b\u02da\u0c82
(4) Nationality 
\u0a37\u162c
(5) Signature 
Specimen 
\u01b8
\u15a6\u0ec7\u1175\u03cc 
\u01b8
AIA MPF - Prime Value Choice
\u0f8c
A1, A2, A3
( if applicable
¦Í\u1247\u035c )
A1 A1 A1 Nil \u0ccc
AMTD MPF Scheme
AMTD \u0f8c
A3, B1, B2
( if applicable
¦Í\u1247\u035c )
A...
INFO:chroma_service:Document 8 content: 9 of 9
MIC-25V3
List of Required Documents ^ \u068c^
Document Types \u02d6\u0381\u15f3§Û Copy \u0a13\u0349 Certi\ufb01ed True Copy 
\xbf
 \u10a9\u15c7\u0a13\u0349 
\xbf
Identity Proof Document 
\u02d6\u0381 
( e.g. HKID Card / Passport \u0ca5\u0512\u0385\u15c7\u014a\u1690\u0e6b )
A1 B1
Deed Poll
\u06f0A2 B2
Marriage Certificate / Legal Documents issued by Family 
Court ( for divorce case )
\u014a \u02d6\u0381 ( \u08e9\u0848) 
A3 B3
Statutory Declaration of the Relevant Change
\u05fcA4 B4
^ Apart from the above required documents, additional documents may be requested on a case-by-case basis by the eMPF Platform. Failure in providing t...
INFO:chroma_service:Created 51 splits, 51 valid from temp_MPF SCHEME - MEMBER INFORMATION CHANGE FORM_signed.pdf
INFO:chroma_service:Split 0 content: 1 of 9
MIC-25V3
MPF SCHEME ¨C
MEMBER INFORMATION CHANGE FORM 
\u0f8c \xd1 \u08f8\u068c\u08d8
Important Notes \u052b\u0db0 :
1. Please read the following notes before completing this form. \u0e08\u052b\u0db0f
(i) eMPF Platform Company Limited ( "eMPF...
INFO:chroma_service:Split 1 content: Terms and Conditions of the eMPF Platform" which can be accessed from https://empf.org.hk/tnc/en. This form is only applicable
to the MPF scheme(s) which has / have got onboard to the eMPF Platform. F...
INFO:chroma_service:Split 2 content: \u02ae\u0321 (\u02ae\u0321\x99) \u0f8c\u104d\u0b23\u0485 (\u0485\x99) \x99
( \u05f5https://empf.org.hk/tnc \u14ed\u168e )\u0f8cf
\u137d A: \x91(\x99) f
(ii) This form is applicable only if you have previously given your signature specimen to the eMPF Platform / the Trustee(s).
 If not...
INFO:chroma_service:Split 3 content: General Terms
and Conditions of
the eMPF Platform
\u033b\u0328
\u06c6
\u0a15\u0295\u02d0\u02f8\u0c64\u0536§½
\u0fc1\u035c\u0bc4f
(iii) The "Scheme(s)" refers to the MPF Scheme(s) which is / are listed in Part A of this form. For details, please refer to the App...
INFO:chroma_service:Split 4 content: (v) The "Member" refers to the individual whose details are set out in Part A of this form.\u08f8\u068cA\u025b\u027bf
2. The changes provided in this form will supersede any previous information which has been kept by th...
INFO:chroma_service:Split 5 content: (Individual)" if there is any change in circumstances ( including but not limited to member name, identity document no., date of birth, residential address,
correspondence address and jurisdiction of ...
INFO:chroma_service:Split 6 content: inaccurate or incomplete. \u08d8( \u104d\u148d\u0a1c ) \u03de\u0382§°\u170a\u04bb
\u0659\u071d30\u05fc ( \u025b )\u065d
\u04bb\u04b7f
4. Please complete this form in BLOCK LETTERS with black or blue pen and tick the appropriate box(es). Please countersign beside any amendment...
INFO:chroma_service:Split 7 content: of the Important Notes ). \u15a6\u0ec7 ( \u030b\u15a6 ) \u0b4c(\u052b\u0db0\u0b4b 1(ii) \u14c3 )f
6. The eMPF Platform will process this request upon receipt of this completed form and all relevant supporting document(s) ( if any ). If there are...
INFO:chroma_service:Split 8 content: \u02d6\u0381 ( ¦Í\u03de )\u036af¦Í\u03de\u1372\u100d ( \u02d6\u0381\u0294\u1101\u038c )\u036af
7. The information provided in this form will be used in accordance with the relevant MPF legislation and for the purposes mentioned in the PICS of the eMPF
Platform and th...
INFO:chroma_service:Split 9 content: \u033b\u0328\u02bf\u0268\u0390 A\u137d A\u1310
\u136f\u12bf\u16c6f
A. MEMBER PARTICULARS \u08d8
1) Member Account(s) Required To Be Updated \u0a6e\u02d2 ( Please select option (i) OR (ii) and tick as appropriate. \u1217\u136f\u12bf (i) \u05d0ii)\u0eeef)
(i) All my MPF accounts under the eM...
INFO:chroma_service:Split 10 content: \u02f8\u136c\u0b23\u04bb\u04b7)
a. Scheme Name \u0f8c¦³\u1048  ( Please refer to the Appendix A \u137dA )
b. Member Account No. \u0a6e\u02d2\u0eee\u11c1
 
MIC
Internal use only
\u02ab\u0bc5\u0a59\u035c
eMPF
Received Date:
MIC
Go Green with
E-Submission
for E\ufb03ciency
\u0b1f
\u08f8\u068c
eMPF Web P...
INFO:chroma_service:Split 11 content: 2 of 9
MIC-25V3
(2) Member Name ¦³\u1048 ( As shown on HKID Card / Passport ¦­)
 
(3) Identi\ufb01cation \u05fc
 HKID Card \u0ca5\u0512\u0385\u15c7   Passport \u1690\u0e6b ( Applicable ONLY for an individual without HKID Card \u0ca5\u0512\u0385\u15c7\u025b\u027b\u0dec\u1133 )
Document N...
INFO:chroma_service:Split 12 content: Address Type
 \u03ae\u0467\u15f3§Û (A) Residential Address 
2 & 3
§ª\u03ae\u0467
2 \u02bf 3 AND / OR
\u05d0B) Correspondence Address \u0bb7\u09c3\u03ae\u0467
Please provide either English OR Chinese Address. If the space provided below is insu\ufb03cient, please...
INFO:chroma_service:Split 13 content: \u0a1c\u0a39
 Hong Kong
 \u0ca5
 Kowloon
 \u0258\u13b2
 New Territories
 \u07a2
City 
\xbc
\u0339 
\xbc
Country 
\xbc
 / Region 
\xbc
\u0895 
\xbc
\u014a\u03ae\u0a1c 
\xbc
Postal code 
\xbc
\u11dc\u0eee 
\xbc
\xbc
 Applicable to address outside Hong Kong only \u0ca5\u02f8\u032e\u03ae\u0467
 (ii) New Telephone Nos. \u0e2d...
INFO:chroma_service:Split 14 content: \u0789
\u0ca5( 852 )\x99f
( Country / Area Code 
#
\u014a\u03ae\u0a1c\u11dc\u0eee 
#
 )
Secondary Telephone No.  \u0b4b\u025a\u144c\u0d16\u0f65\u0f11\u0eee\u11c1
( Country / Area Code 
#
\u014a\u03ae\u0a1c\u11dc\u0eee 
#
 )
 (iii) New Email Address \u0e2d\u0f65\u0d89\u03ae\u0467
   
(2) Correction of Date of Birth 
3 & 4
 \u04bb\u034d\u0308\u035b...
INFO:chroma_service:Split 15 content: 3 of 9
MIC-25V3
(5) Change / Correction of Name 
3
 and / or Signature Specimen 
3
 ¦³ 
3
 \u15a6\u0ec7\u1175\u03cc 
3
 (i) Member Name ¦³\u1048 ( As shown on HKID Card / Passport ¦­ )
Surname in English\u02e4  
Given Name in English...
INFO:chroma_service:Split 16 content: employer is required to provide a written request to the eMPF Platform. \u08d8 (\u0561\u0f87\u02da\u0c82 )\u033b\u0328f
2
 P.O. Box address is not accepted. \u11cc\u03ae\u0467f
3
 Please refer to Appendix B for the required document(s) for informatio...
INFO:chroma_service:Split 17 content: subsequent MPF related services. \u137d B\u0a15f
4
 If you have invested in the Default Investment Strategy, according to the automatic de-risking mechanism, it may trigger an automatic de-risking after your da...
INFO:chroma_service:Split 18 content: \u02d6\u0381f
  C. CHANGE OF COMMUNICATION MEANS OF THE SCHEME \u08b0
I hereby withdraw the consent to receive, inter alia, notices or other documents by electronic means previously given by me for the 
purpose of s...
INFO:chroma_service:Split 19 content: such withdrawal (i) will be irrevocable; (ii) (
 applicable if I have registered with the eMPF Platform ) will not have any impact on my 
e-communication arrangements on the eMPF Platform such that I ...
INFO:chroma_service:Split 20 content: consent given to eMPF Platform Company is revoked; and (iii) will not have any impact on communication which is not given for the 
purposes of the Mandatory Provident Fund Schemes Ordinance such that ...
INFO:chroma_service:Split 21 content: \u0f08\u0d03\u0bb7\u09c3f
Terms and Conditions 
for Receiving Notices, 
Documents and Other 
Communications by 
Electronic Means
e
\u0659
\u06c6
D. DIRECT MARKETING CONSENT OF THE SCHEME \u1256\u0e08¦²
You agree to (i) provide your consent f...
INFO:chroma_service:Split 22 content: in accordance with (a) the Personal Information Collection Statement of eMPF Platform Company Limited; and (b) the Personal Information Collection Statement 
of such Trustee. §½¦­\u0e08 (a) \u0bc5\u02b1 (i) \u05d4
\u0561\u09c4\u025bd\u02bf (i...
INFO:chroma_service:Split 23 content: 4 of 9
MIC-25V3
  E.  CHANGE OF PAYMENT METHOD 
5
 \u04bb\u04b7\u02f9\u0c9b¨B\u03cc 
5
 \x80 For Self-Employed Person only \u0406\u0f87\u025b\u027b \x81
If you would like to change the payment method in relation to direct debit 
6
, please download "Di...
INFO:chroma_service:Split 24 content: Method of payment will be defaulted as "by cheque" if direct debit is cancelled.\u0a9f\u03d4\u0a6e
 6
 \u05f8\u0696
\u082bhttps://empf.org.hk/forms ) \u0a9f\u02f9\u0c9b\u0aac\u16c6\x99(\x99)\u0a9f\u03d4\u0a6ed\u02f9\u0c9b¨B
\x98\u02d5\u0b43\x99f
5
 This part is not applicable for SHKP MPF Employer Spon...
INFO:chroma_service:Split 25 content: confirmation notifying you the success of direct debit setup / change. Please settle contribution by other payment means before direct debit setup / change 
is completed. \u0ba3\u036d / \u0a9f\u03d4\u0a6e\u0361\u1217\u03d3
\u02f9\u0c9bf
Form Centre
\u0295...
INFO:chroma_service:Split 26 content: the Scheme(s) and undertake to be bound by it.\u04bcf
2. I have read and understood the Important Notes of this form. I confirm that the information provided by me to the eMPF Platform / the Trustee(s) in ...
INFO:chroma_service:Split 27 content: the eMPF Platform / the Trustee(s) as a result of any inaccuracy and / or incompleteness of the information provided by me and / or upon execution of any 
such request by the eMPF Platform / the Trust...
INFO:chroma_service:Split 28 content: Centres. \u0a15\u0295\u02d0f
\u2726 Warning \u1646\u0453:
Pursuant to section 43E of the Mandatory Provident Fund Schemes Ordinance ( Cap. 485 ), a person who, in any document given to (i) the MPFA, (ii) a system operator of the e...
INFO:chroma_service:Split 29 content: penalty of a HKD100,000 fine and 12 months' imprisonment on the first conviction and a HKD200,000 fine and two years' imprisonment on each subsequent conviction. A person who 
knowingly and wilfully m...
INFO:chroma_service:Split 30 content: d\u0bf0\u09f7\u0319\u0b88\u106e\u0c9b\u0ca5\u0fc6100,000\u0ec6d\u0bf0\u09f7\u0319\u0b88
\u106e\u0c9b\u0ca5\u0fc6200,000\u12bd\x90¦¡\u052b\u0ec6§¢\u0ae2\u0537\x91( \u0b4b 200 \u0bdd ) \u0b4b 36\u0ec6d\u0319\u0b88\u1039\u0eab\u0547
\u03cb\u02bf\u106e\u0c9bf
1...
INFO:chroma_service:Split 31 content: 5 of 9
MIC-25V3
Submission Channels \u08b0Enquiries \u0f14
1. Post:  PO Box 98929 Tsim Sha Tsui Post O\ufb03ce
 \u0d89\u0a54 :\u11cc 98929 \u0eee
2. Drop-in Box in any one of the eMPF Service Centres below
 \u04b3\u10c8\u11cc
3. Email address * \u0f65\u0d89\u03ae\u0467 ...
INFO:chroma_service:Split 32 content: \u1217\u02b6\u120df 
eMPF Service Centres Address & Service Hours \u0d9c
Hong Kong Island \u08a5
Unit 601B, 6/F, Dah Sing Financial Centre,
No. 248 Queen's Road East, Wanchai, Hong Kong
\u0607248\u1344\u0295\u02d0 6 \u117d 601B\u0703
Kowloon \u0258\u13b2
Suites 120...
INFO:chroma_service:Split 33 content: \u0f38 8 \u0eee¦Í\u02d0\u113f\u0c19\u0b4b 2\u08ad18 \u117d 1802A\u0703
Service Hours \u0d9c:
 Monday to Friday \u0c82\u0253\u0407\u029e
 Saturday \u0c82\u02ac
 Sunday & Public Holiday \u0c82\u02da\u02bf\u02ae\u0b3a\u09ff\u0c82
9:00 am ¨C 6:00 pm \u026a\u02b9 9\u08db \u0407 \u0268\u02b9 6\u08db
9:00 am ¨C 1:00 pm \u026a\u02b9 9\u08db \u0407 \u0268\u02b9 1\u08db
Closed \u08b9
eMPF Customer Se...
INFO:chroma_service:Split 34 content: 6 of 9
MIC-25V3
APPENDIX A: LIST OF "PERSONAL INFORMATION COLLECTION STATEMENT" ( "PICS" ) OF THE eMPF 
PLATFORM AND THE ONBOARDED MPF SCHEMES
\u137dA: \x91( \x99 ) \u068c
Below are the PICS of the eMPF Platform and ...
INFO:chroma_service:Split 35 content: Customer Service Hotline 183 2622 or visiting any one of the eMPF Service Centres. \x99f\u1217\u14ed\u168e\u1310
\u0a15\u11a0\u11de 183 2622 \u0551\u0b9e\u0382§°\u0253\u0d9c
\x99\u0a13\u0349f
Personal Information Collection Statement of The eMPF Platform \u05fcLink / QR Code
\u0bb9\u0d10\u014a\u025a\u106a\u11c1...
INFO:chroma_service:Split 36 content: Link / QR Code
\u0bb9\u0d10\u014a\u025a\u106a\u11c1
AIA MPF - Prime Value Choice 
\u0f8c
AIA Company (Trustee) Limited
\u02ae\u0321 03 / 09 / 2025 
https://empf.org.hk/pics_aia
AMTD MPF Scheme
AMTD \u0f8c
Bank Consortium Trust Company Limited 
\u02ae\u0321 03 ...
INFO:chroma_service:Split 37 content: BCT \u0298\u136f
Bank Consortium Trust Company Limited 
\u02ae\u0321
01 / 08 / 2025
https://empf.org.hk/pics_bctpc
BCT Strategic MPF Scheme 
BCT \u0f8c 03 / 07 / 2025
https://empf.org.hk/pics_bctsg
BEA (MPF) Master Trust Sche...
INFO:chroma_service:Split 38 content: Provident Fund Scheme
\u0f8c
BOCI-Prudential Trustee Limited
\u02ae\u0321 05 / 06 / 2025
https://empf.org.hk/pics_bociec
China Life MPF Master Trust Scheme
\u0f8c
China Life Trustees Limited
\u02ae\u0321 29 / 07 / 2024
https://emp...
INFO:chroma_service:Split 39 content: \u0f8c
YF Life Trustees Limited
\u02ae\u0321 26 / 06 / 2024
https://empf.org.hk/pics_y\ufb02ife
My Choice Mandatory Provident Fund Scheme 
\u0f8c
BOCI-Prudential Trustee Limited
\u02ae\u0321 05 / 06 / 2025
https://empf.org.hk/pics_boci...
INFO:chroma_service:Split 40 content: 7 of 9
MIC-25V3
Personal Information Collection Statement of The Onboarded MPF Schemes
\u05fc
Scheme Name \u0f8c¦³\u1048 Trustee Name \u0561\u09c4\u025b¦³\u1048
Scheme Onboarding Date
\u0f8c\u1537\u0b45\u02da\u0c82
( DD / MM / YYYY \u02da\u014a\u02dc\u014a\u03cb )
Link / QR Code
\u0bb9\u0d10\u014a\u025a\u106a\u11c1
...
INFO:chroma_service:Split 41 content: \u0f8c 800 \u04fb\u0390
https://empf.org.hk/pics_prins8
SHKP MPF Employer Sponsored Scheme
\u0f8c
Standard Chartered Trustee (Hong Kong) Limited
\u09c4 ( \u0ca5 ) \u02ae\u0321 02 / 10 / 2024
https://empf.org.hk/pics_sc
1...
INFO:chroma_service:Split 42 content: 8 of 9
MIC-25V3
  APPENDIX B: LIST OF REQUIRED DOCUMENT(S) FOR MEMBER INFORMATION CHANGE 
  \u137dB: \u068c
Change Items \u04bb\u04b7\u0db0\u0366
( Please refer to List of Required Documents table below for document code details \u1261...
INFO:chroma_service:Split 43 content: ( if applicable
¦Í\u1247\u035c )
A1 A1 A1 Nil \u0ccc
AMTD MPF Scheme
AMTD \u0f8c
A3, B1, B2
( if applicable
¦Í\u1247\u035c )
A1 A1 A1 Nil \u0ccc
BCOM Joyful Retirement MPF Scheme
\u0f8c A1, A2 A1 A1 A1 A1
BCT (MPF) Pro Choice
BCT \u0298\u136f A3, B1, B...
INFO:chroma_service:Split 44 content: \u0f8c
BOC-Prudential Easy-Choice
Mandatory Provident Fund
Scheme
\u0f8c
A1, A2, A3
( if applicable
¦Í\u1247\u035c )
A1
\xdc
 , B4 A1, B4 A1 Nil \u0ccc
China Life MPF Master Trust Scheme
\u0f8c A1, A2 A1 A1 Nil \u0ccc Nil \u0ccc
Manulife Retire...
INFO:chroma_service:Split 45 content: ( if applicable
¦Í\u1247\u035c )
A1
\xdc
 , B4 A1, B4 A1 Nil \u0ccc
Principal MPF ¨C Simple Plan
\u0696 ¨C \u0c2c\u0298\u136f
A1, A2, A3
( if applicable
¦Í\u1247\u035c )
A1 A1 A1 A1Principal MPF ¨C Smart Plan
\u0696 ¨C \u0c7d\u0298\u136f
Principal MPF Scheme Series 800
\u0f8c 80...
INFO:chroma_service:Split 46 content: \u0f8c
(i) A1 and \u02bf ,
(ii) A2 and / or \u02bf\u014a
\u05d0A3
( if applicable
¦Í\u1247\u035c )
A1
¡À
 OR \u05d0A4 A1, A4 Nil \u0ccc Nil \u0ccc
\u01b8 
If member fails to provide the signature that matches with the signature specimen of the eMPF Platform...
INFO:chroma_service:Split 47 content: \xdc 
Please provide the old identity document used during enrolment as supporting document ( if available ). \u02d6\u0381 ( ¦Í\u03de )f
¡À 
Please provide a copy of new and old passport if member does not have HKID Card...
INFO:chroma_service:Split 48 content: 9 of 9
MIC-25V3
List of Required Documents ^ \u068c^
Document Types \u02d6\u0381\u15f3§Û Copy \u0a13\u0349 Certi\ufb01ed True Copy 
\xbf
 \u10a9\u15c7\u0a13\u0349 
\xbf
Identity Proof Document 
\u02d6\u0381 
( e.g. HKID Card / Passport \u0ca5\u0512\u0385\u15c7\u014a\u1690\u0e6b )
A1 B1
Deed Poll
\u06f0A2 B2
Mar...
INFO:chroma_service:Split 49 content: Court ( for divorce case )
\u014a \u02d6\u0381 ( \u08e9\u0848) 
A3 B3
Statutory Declaration of the Relevant Change
\u05fcA4 B4
^ Apart from the above required documents, additional documents may be requested on a case-by-case basi...
INFO:chroma_service:Split 50 content: \u0a15f
\xbf
 Certified true copies should be certified by any of the following personnel: \u10a9\u15c7\u0a13\u0349\u0340\u0db2\u0ebe\u035f\u0268\u0390\u025b\u027b\u10a9\u15c7j
 (i) a certified public accountant / lawyer / notary public / professional company secretary acceptab...
INFO:chroma_service:Indexing 51 splits for file_id 31
INFO:chroma_service:Successfully indexed document with file_id 31
INFO:root:File MPF SCHEME - MEMBER INFORMATION CHANGE FORM_signed.pdf uploaded and indexed with file_id 31
INFO:chroma_service:Found 0 document chunks for file_id 23
INFO:chroma_service:Deleted all documents with file_id 23
INFO:chroma_service:Found 0 document chunks for file_id 31
INFO:chroma_service:Deleted all documents with file_id 31
INFO:sentence_transformers.SentenceTransformer:Use pytorch device_name: cpu
INFO:sentence_transformers.SentenceTransformer:Load pretrained SentenceTransformer: sentence-transformers/all-MiniLM-L6-v2
INFO:chroma_service:Loaded 1 documents from temp_Chan Pak Yeung-AL-0820PM.pdf
INFO:chroma_service:Document 0 content: CHAN PAK YEUNG EDW I N
AP,  R5
Manpower Services (Hong Kong) Limited
20 Aug, 2025 (pm)
0.5
21 Aug, 2025
12 Aug, 2025...
INFO:chroma_service:Created 1 splits, 1 valid from temp_Chan Pak Yeung-AL-0820PM.pdf
INFO:chroma_service:Split 0 content: CHAN PAK YEUNG EDW I N
AP,  R5
Manpower Services (Hong Kong) Limited
20 Aug, 2025 (pm)
0.5
21 Aug, 2025
12 Aug, 2025...
INFO:chroma_service:Indexing 1 splits for file_id 32
INFO:chroma_service:Successfully indexed document with file_id 32
INFO:root:File Chan Pak Yeung-AL-0820PM.pdf uploaded and indexed with file_id 32
INFO:sentence_transformers.SentenceTransformer:Use pytorch device_name: cpu
INFO:sentence_transformers.SentenceTransformer:Load pretrained SentenceTransformer: sentence-transformers/all-MiniLM-L6-v2
INFO:sentence_transformers.SentenceTransformer:Use pytorch device_name: cpu
INFO:sentence_transformers.SentenceTransformer:Load pretrained SentenceTransformer: sentence-transformers/all-MiniLM-L6-v2
INFO:chromadb.telemetry.product.posthog:Anonymized telemetry enabled. See                     https://docs.trychroma.com/telemetry for more information.
INFO:sentence_transformers.SentenceTransformer:Use pytorch device_name: cpu
INFO:sentence_transformers.SentenceTransformer:Load pretrained SentenceTransformer: sentence-transformers/all-MiniLM-L6-v2
INFO:sentence_transformers.SentenceTransformer:Use pytorch device_name: cpu
INFO:sentence_transformers.SentenceTransformer:Load pretrained SentenceTransformer: sentence-transformers/all-MiniLM-L6-v2
INFO:sentence_transformers.SentenceTransformer:Use pytorch device_name: cpu
INFO:sentence_transformers.SentenceTransformer:Load pretrained SentenceTransformer: sentence-transformers/all-MiniLM-L6-v2
INFO:chromadb.telemetry.product.posthog:Anonymized telemetry enabled. See                     https://docs.trychroma.com/telemetry for more information.
INFO:sentence_transformers.SentenceTransformer:Use pytorch device_name: cpu
INFO:sentence_transformers.SentenceTransformer:Load pretrained SentenceTransformer: sentence-transformers/all-MiniLM-L6-v2
INFO:sentence_transformers.SentenceTransformer:Use pytorch device_name: cpu
INFO:sentence_transformers.SentenceTransformer:Load pretrained SentenceTransformer: sentence-transformers/all-MiniLM-L6-v2
INFO:sentence_transformers.SentenceTransformer:Use pytorch device_name: cpu
INFO:sentence_transformers.SentenceTransformer:Load pretrained SentenceTransformer: sentence-transformers/all-MiniLM-L6-v2
INFO:sentence_transformers.SentenceTransformer:Use pytorch device_name: cpu
INFO:sentence_transformers.SentenceTransformer:Load pretrained SentenceTransformer: sentence-transformers/all-MiniLM-L6-v2
INFO:chromadb.telemetry.product.posthog:Anonymized telemetry enabled. See                     https://docs.trychroma.com/telemetry for more information.
INFO:sentence_transformers.SentenceTransformer:Use pytorch device_name: cpu
INFO:sentence_transformers.SentenceTransformer:Load pretrained SentenceTransformer: sentence-transformers/all-MiniLM-L6-v2
INFO:sentence_transformers.SentenceTransformer:Use pytorch device_name: cpu
INFO:sentence_transformers.SentenceTransformer:Load pretrained SentenceTransformer: sentence-transformers/all-MiniLM-L6-v2
INFO:sentence_transformers.SentenceTransformer:Use pytorch device_name: cpu
INFO:sentence_transformers.SentenceTransformer:Load pretrained SentenceTransformer: sentence-transformers/all-MiniLM-L6-v2
INFO:chroma_service:Loaded 1 documents from temp_Chan Pak Yeung-AL-0904-0905-signed.pdf
INFO:chroma_service:Document 0 content: ...
INFO:chroma_service:Created 0 splits, 0 valid from temp_Chan Pak Yeung-AL-0904-0905-signed.pdf
ERROR:chroma_service:Failed to load or split document temp_Chan Pak Yeung-AL-0904-0905-signed.pdf: No valid text chunks extracted from temp_Chan Pak Yeung-AL-0904-0905-signed.pdf
ERROR:chroma_service:Error indexing document with file_id 33: Failed to load or split document temp_Chan Pak Yeung-AL-0904-0905-signed.pdf: No valid text chunks extracted from temp_Chan Pak Yeung-AL-0904-0905-signed.pdf
ERROR:root:Error processing Chan Pak Yeung-AL-0904-0905-signed.pdf: 500: Failed to index Chan Pak Yeung-AL-0904-0905-signed.pdf. The document may be empty, contain no extractable text, or have unsupported formatting.
INFO:sentence_transformers.SentenceTransformer:Use pytorch device_name: cpu
INFO:sentence_transformers.SentenceTransformer:Load pretrained SentenceTransformer: sentence-transformers/all-MiniLM-L6-v2
INFO:chroma_service:Loaded 1 documents from temp_Chan Pak Yeung-AL-0904-0905-signed.pdf
INFO:chroma_service:Document 0 content: ...
INFO:chroma_service:Created 0 splits, 0 valid from temp_Chan Pak Yeung-AL-0904-0905-signed.pdf
ERROR:chroma_service:Failed to load or split document temp_Chan Pak Yeung-AL-0904-0905-signed.pdf: No valid text chunks extracted from temp_Chan Pak Yeung-AL-0904-0905-signed.pdf
ERROR:chroma_service:Error indexing document with file_id 34: Failed to load or split document temp_Chan Pak Yeung-AL-0904-0905-signed.pdf: No valid text chunks extracted from temp_Chan Pak Yeung-AL-0904-0905-signed.pdf
ERROR:root:Error processing Chan Pak Yeung-AL-0904-0905-signed.pdf: 500: Failed to index Chan Pak Yeung-AL-0904-0905-signed.pdf. The document may be empty, contain no extractable text, or have unsupported formatting.
INFO:sentence_transformers.SentenceTransformer:Use pytorch device_name: cpu
INFO:sentence_transformers.SentenceTransformer:Load pretrained SentenceTransformer: sentence-transformers/all-MiniLM-L6-v2
INFO:chromadb.telemetry.product.posthog:Anonymized telemetry enabled. See                     https://docs.trychroma.com/telemetry for more information.
INFO:sentence_transformers.SentenceTransformer:Use pytorch device_name: cpu
INFO:sentence_transformers.SentenceTransformer:Load pretrained SentenceTransformer: sentence-transformers/all-MiniLM-L6-v2
INFO:sentence_transformers.SentenceTransformer:Use pytorch device_name: cpu
INFO:sentence_transformers.SentenceTransformer:Load pretrained SentenceTransformer: sentence-transformers/all-MiniLM-L6-v2
INFO:chroma_service:Loaded 1 documents from temp_Chan Pak Yeung-AL-0904-0905-signed.pdf
INFO:chroma_service:Document 0 content: ...
INFO:chroma_service:Created 0 splits, 0 valid from temp_Chan Pak Yeung-AL-0904-0905-signed.pdf
ERROR:chroma_service:Failed to load or split document temp_Chan Pak Yeung-AL-0904-0905-signed.pdf: No valid text chunks extracted from temp_Chan Pak Yeung-AL-0904-0905-signed.pdf
ERROR:chroma_service:Error indexing document with file_id 35: Failed to load or split document temp_Chan Pak Yeung-AL-0904-0905-signed.pdf: No valid text chunks extracted from temp_Chan Pak Yeung-AL-0904-0905-signed.pdf
ERROR:root:Error processing Chan Pak Yeung-AL-0904-0905-signed.pdf: 500: Failed to index Chan Pak Yeung-AL-0904-0905-signed.pdf. The document may be empty, contain no extractable text, or have unsupported formatting.
INFO:sentence_transformers.SentenceTransformer:Use pytorch device_name: cpu
INFO:sentence_transformers.SentenceTransformer:Load pretrained SentenceTransformer: sentence-transformers/all-MiniLM-L6-v2
INFO:chromadb.telemetry.product.posthog:Anonymized telemetry enabled. See                     https://docs.trychroma.com/telemetry for more information.
INFO:sentence_transformers.SentenceTransformer:Use pytorch device_name: cpu
INFO:sentence_transformers.SentenceTransformer:Load pretrained SentenceTransformer: sentence-transformers/all-MiniLM-L6-v2
INFO:sentence_transformers.SentenceTransformer:Use pytorch device_name: cpu
INFO:sentence_transformers.SentenceTransformer:Load pretrained SentenceTransformer: sentence-transformers/all-MiniLM-L6-v2
INFO:chroma_service:Loaded 1 documents from temp_Chan Pak Yeung-AL-0904-0905-signed.pdf
INFO:chroma_service:Document 0 content: ...
INFO:chroma_service:Created 0 splits, 0 valid from temp_Chan Pak Yeung-AL-0904-0905-signed.pdf
ERROR:chroma_service:Failed to load or split document temp_Chan Pak Yeung-AL-0904-0905-signed.pdf: No valid text chunks extracted from temp_Chan Pak Yeung-AL-0904-0905-signed.pdf
ERROR:chroma_service:Error indexing document with file_id 36: Failed to load or split document temp_Chan Pak Yeung-AL-0904-0905-signed.pdf: No valid text chunks extracted from temp_Chan Pak Yeung-AL-0904-0905-signed.pdf
ERROR:root:Error processing Chan Pak Yeung-AL-0904-0905-signed.pdf: 500: Failed to index Chan Pak Yeung-AL-0904-0905-signed.pdf. The document may be empty, contain no extractable text, or have unsupported formatting.
INFO:sentence_transformers.SentenceTransformer:Use pytorch device_name: cpu
INFO:sentence_transformers.SentenceTransformer:Load pretrained SentenceTransformer: sentence-transformers/all-MiniLM-L6-v2
INFO:chromadb.telemetry.product.posthog:Anonymized telemetry enabled. See                     https://docs.trychroma.com/telemetry for more information.
INFO:sentence_transformers.SentenceTransformer:Use pytorch device_name: cpu
INFO:sentence_transformers.SentenceTransformer:Load pretrained SentenceTransformer: sentence-transformers/all-MiniLM-L6-v2
INFO:sentence_transformers.SentenceTransformer:Use pytorch device_name: cpu
INFO:sentence_transformers.SentenceTransformer:Load pretrained SentenceTransformer: sentence-transformers/all-MiniLM-L6-v2
INFO:chroma_service:Loaded 1 documents from temp_Chan Pak Yeung-AL-0904-0905.pdf
INFO:chroma_service:Document 0 content: CHAN PAK YEUNG EDW I N
AP,  R5
Manpower Services (Hong Kong) Limited
September 4th-5th, 2025
2
September 8th, 2025
August 4th, 2025
James Li. HR
7 Aug 2025...
INFO:chroma_service:Created 1 splits, 1 valid from temp_Chan Pak Yeung-AL-0904-0905.pdf
INFO:chroma_service:Split 0 content: CHAN PAK YEUNG EDW I N
AP,  R5
Manpower Services (Hong Kong) Limited
September 4th-5th, 2025
2
September 8th, 2025
August 4th, 2025
James Li. HR
7 Aug 2025...
INFO:chroma_service:Indexing 1 splits for file_id 37
INFO:chroma_service:Successfully indexed document with file_id 37
INFO:root:File Chan Pak Yeung-AL-0904-0905.pdf uploaded and indexed with file_id 37
INFO:sentence_transformers.SentenceTransformer:Use pytorch device_name: cpu
INFO:sentence_transformers.SentenceTransformer:Load pretrained SentenceTransformer: sentence-transformers/all-MiniLM-L6-v2
INFO:sentence_transformers.SentenceTransformer:Use pytorch device_name: cpu
INFO:sentence_transformers.SentenceTransformer:Load pretrained SentenceTransformer: sentence-transformers/all-MiniLM-L6-v2
INFO:chromadb.telemetry.product.posthog:Anonymized telemetry enabled. See                     https://docs.trychroma.com/telemetry for more information.
INFO:sentence_transformers.SentenceTransformer:Use pytorch device_name: cpu
INFO:sentence_transformers.SentenceTransformer:Load pretrained SentenceTransformer: sentence-transformers/all-MiniLM-L6-v2
INFO:sentence_transformers.SentenceTransformer:Use pytorch device_name: cpu
INFO:sentence_transformers.SentenceTransformer:Load pretrained SentenceTransformer: sentence-transformers/all-MiniLM-L6-v2
INFO:chromadb.telemetry.product.posthog:Anonymized telemetry enabled. See                     https://docs.trychroma.com/telemetry for more information.
INFO:sentence_transformers.SentenceTransformer:Use pytorch device_name: cpu
INFO:sentence_transformers.SentenceTransformer:Load pretrained SentenceTransformer: sentence-transformers/all-MiniLM-L6-v2
INFO:sentence_transformers.SentenceTransformer:Use pytorch device_name: cpu
INFO:sentence_transformers.SentenceTransformer:Load pretrained SentenceTransformer: sentence-transformers/all-MiniLM-L6-v2
INFO:chromadb.telemetry.product.posthog:Anonymized telemetry enabled. See                     https://docs.trychroma.com/telemetry for more information.
INFO:sentence_transformers.SentenceTransformer:Use pytorch device_name: cpu
INFO:sentence_transformers.SentenceTransformer:Load pretrained SentenceTransformer: sentence-transformers/all-MiniLM-L6-v2
INFO:sentence_transformers.SentenceTransformer:Use pytorch device_name: cpu
INFO:sentence_transformers.SentenceTransformer:Load pretrained SentenceTransformer: sentence-transformers/all-MiniLM-L6-v2
INFO:sentence_transformers.SentenceTransformer:Use pytorch device_name: cpu
INFO:sentence_transformers.SentenceTransformer:Load pretrained SentenceTransformer: sentence-transformers/all-MiniLM-L6-v2
INFO:sentence_transformers.SentenceTransformer:Use pytorch device_name: cpu
INFO:sentence_transformers.SentenceTransformer:Load pretrained SentenceTransformer: sentence-transformers/all-MiniLM-L6-v2
INFO:chromadb.telemetry.product.posthog:Anonymized telemetry enabled. See                     https://docs.trychroma.com/telemetry for more information.
INFO:sentence_transformers.SentenceTransformer:Use pytorch device_name: cpu
INFO:sentence_transformers.SentenceTransformer:Load pretrained SentenceTransformer: sentence-transformers/all-MiniLM-L6-v2
INFO:sentence_transformers.SentenceTransformer:Use pytorch device_name: cpu
INFO:sentence_transformers.SentenceTransformer:Load pretrained SentenceTransformer: sentence-transformers/all-MiniLM-L6-v2
INFO:sentence_transformers.SentenceTransformer:Use pytorch device_name: cpu
INFO:sentence_transformers.SentenceTransformer:Load pretrained SentenceTransformer: sentence-transformers/all-MiniLM-L6-v2
INFO:chromadb.telemetry.product.posthog:Anonymized telemetry enabled. See                     https://docs.trychroma.com/telemetry for more information.
INFO:sentence_transformers.SentenceTransformer:Use pytorch device_name: cpu
INFO:sentence_transformers.SentenceTransformer:Load pretrained SentenceTransformer: sentence-transformers/all-MiniLM-L6-v2
INFO:sentence_transformers.SentenceTransformer:Use pytorch device_name: cpu
INFO:sentence_transformers.SentenceTransformer:Load pretrained SentenceTransformer: sentence-transformers/all-MiniLM-L6-v2
INFO:sentence_transformers.SentenceTransformer:Use pytorch device_name: cpu
INFO:sentence_transformers.SentenceTransformer:Load pretrained SentenceTransformer: sentence-transformers/all-MiniLM-L6-v2
INFO:chromadb.telemetry.product.posthog:Anonymized telemetry enabled. See                     https://docs.trychroma.com/telemetry for more information.
INFO:sentence_transformers.SentenceTransformer:Use pytorch device_name: cpu
INFO:sentence_transformers.SentenceTransformer:Load pretrained SentenceTransformer: sentence-transformers/all-MiniLM-L6-v2
INFO:sentence_transformers.SentenceTransformer:Use pytorch device_name: cpu
INFO:sentence_transformers.SentenceTransformer:Load pretrained SentenceTransformer: sentence-transformers/all-MiniLM-L6-v2
INFO:sentence_transformers.SentenceTransformer:Use pytorch device_name: cpu
INFO:sentence_transformers.SentenceTransformer:Load pretrained SentenceTransformer: sentence-transformers/all-MiniLM-L6-v2
INFO:chromadb.telemetry.product.posthog:Anonymized telemetry enabled. See                     https://docs.trychroma.com/telemetry for more information.
INFO:sentence_transformers.SentenceTransformer:Use pytorch device_name: cpu
INFO:sentence_transformers.SentenceTransformer:Load pretrained SentenceTransformer: sentence-transformers/all-MiniLM-L6-v2
INFO:sentence_transformers.SentenceTransformer:Use pytorch device_name: cpu
INFO:sentence_transformers.SentenceTransformer:Load pretrained SentenceTransformer: sentence-transformers/all-MiniLM-L6-v2
INFO:sentence_transformers.SentenceTransformer:Use pytorch device_name: cpu
INFO:sentence_transformers.SentenceTransformer:Load pretrained SentenceTransformer: sentence-transformers/all-MiniLM-L6-v2
INFO:sentence_transformers.SentenceTransformer:Use pytorch device_name: cpu
INFO:sentence_transformers.SentenceTransformer:Load pretrained SentenceTransformer: sentence-transformers/all-MiniLM-L6-v2
INFO:sentence_transformers.SentenceTransformer:Use pytorch device_name: cpu
INFO:sentence_transformers.SentenceTransformer:Load pretrained SentenceTransformer: sentence-transformers/all-MiniLM-L6-v2
INFO:sentence_transformers.SentenceTransformer:Use pytorch device_name: cpu
INFO:sentence_transformers.SentenceTransformer:Load pretrained SentenceTransformer: sentence-transformers/all-MiniLM-L6-v2
INFO:sentence_transformers.SentenceTransformer:Use pytorch device_name: cpu
INFO:sentence_transformers.SentenceTransformer:Load pretrained SentenceTransformer: sentence-transformers/all-MiniLM-L6-v2
INFO:sentence_transformers.SentenceTransformer:Use pytorch device_name: cpu
INFO:sentence_transformers.SentenceTransformer:Load pretrained SentenceTransformer: sentence-transformers/all-MiniLM-L6-v2
INFO:sentence_transformers.SentenceTransformer:Use pytorch device_name: cpu
INFO:sentence_transformers.SentenceTransformer:Load pretrained SentenceTransformer: sentence-transformers/all-MiniLM-L6-v2
INFO:chromadb.telemetry.product.posthog:Anonymized telemetry enabled. See                     https://docs.trychroma.com/telemetry for more information.
INFO:sentence_transformers.SentenceTransformer:Use pytorch device_name: cpu
INFO:sentence_transformers.SentenceTransformer:Load pretrained SentenceTransformer: sentence-transformers/all-MiniLM-L6-v2
INFO:sentence_transformers.SentenceTransformer:Use pytorch device_name: cpu
INFO:sentence_transformers.SentenceTransformer:Load pretrained SentenceTransformer: sentence-transformers/all-MiniLM-L6-v2
INFO:chromadb.telemetry.product.posthog:Anonymized telemetry enabled. See                     https://docs.trychroma.com/telemetry for more information.
INFO:sentence_transformers.SentenceTransformer:Use pytorch device_name: cpu
INFO:sentence_transformers.SentenceTransformer:Load pretrained SentenceTransformer: sentence-transformers/all-MiniLM-L6-v2
INFO:sentence_transformers.SentenceTransformer:Use pytorch device_name: cpu
INFO:sentence_transformers.SentenceTransformer:Load pretrained SentenceTransformer: sentence-transformers/all-MiniLM-L6-v2
INFO:chromadb.telemetry.product.posthog:Anonymized telemetry enabled. See                     https://docs.trychroma.com/telemetry for more information.
INFO:sentence_transformers.SentenceTransformer:Use pytorch device_name: cpu
INFO:sentence_transformers.SentenceTransformer:Load pretrained SentenceTransformer: sentence-transformers/all-MiniLM-L6-v2
INFO:sentence_transformers.SentenceTransformer:Use pytorch device_name: cpu
INFO:sentence_transformers.SentenceTransformer:Load pretrained SentenceTransformer: sentence-transformers/all-MiniLM-L6-v2
INFO:chromadb.telemetry.product.posthog:Anonymized telemetry enabled. See                     https://docs.trychroma.com/telemetry for more information.
INFO:sentence_transformers.SentenceTransformer:Use pytorch device_name: cpu
INFO:sentence_transformers.SentenceTransformer:Load pretrained SentenceTransformer: sentence-transformers/all-MiniLM-L6-v2
INFO:sentence_transformers.SentenceTransformer:Use pytorch device_name: cpu
INFO:sentence_transformers.SentenceTransformer:Load pretrained SentenceTransformer: sentence-transformers/all-MiniLM-L6-v2
INFO:chromadb.telemetry.product.posthog:Anonymized telemetry enabled. See                     https://docs.trychroma.com/telemetry for more information.
INFO:sentence_transformers.SentenceTransformer:Use pytorch device_name: cpu
INFO:sentence_transformers.SentenceTransformer:Load pretrained SentenceTransformer: sentence-transformers/all-MiniLM-L6-v2
INFO:sentence_transformers.SentenceTransformer:Use pytorch device_name: cpu
INFO:sentence_transformers.SentenceTransformer:Load pretrained SentenceTransformer: sentence-transformers/all-MiniLM-L6-v2
INFO:sentence_transformers.SentenceTransformer:Use pytorch device_name: cpu
INFO:sentence_transformers.SentenceTransformer:Load pretrained SentenceTransformer: sentence-transformers/all-MiniLM-L6-v2
INFO:chromadb.telemetry.product.posthog:Anonymized telemetry enabled. See                     https://docs.trychroma.com/telemetry for more information.
INFO:sentence_transformers.SentenceTransformer:Use pytorch device_name: cpu
INFO:sentence_transformers.SentenceTransformer:Load pretrained SentenceTransformer: sentence-transformers/all-MiniLM-L6-v2
INFO:sentence_transformers.SentenceTransformer:Use pytorch device_name: cpu
INFO:sentence_transformers.SentenceTransformer:Load pretrained SentenceTransformer: sentence-transformers/all-MiniLM-L6-v2
INFO:chromadb.telemetry.product.posthog:Anonymized telemetry enabled. See                     https://docs.trychroma.com/telemetry for more information.
INFO:sentence_transformers.SentenceTransformer:Use pytorch device_name: cpu
INFO:sentence_transformers.SentenceTransformer:Load pretrained SentenceTransformer: sentence-transformers/all-MiniLM-L6-v2
INFO:sentence_transformers.SentenceTransformer:Use pytorch device_name: cpu
INFO:sentence_transformers.SentenceTransformer:Load pretrained SentenceTransformer: sentence-transformers/all-MiniLM-L6-v2
INFO:sentence_transformers.SentenceTransformer:Use pytorch device_name: cpu
INFO:sentence_transformers.SentenceTransformer:Load pretrained SentenceTransformer: sentence-transformers/all-MiniLM-L6-v2
INFO:sentence_transformers.SentenceTransformer:Use pytorch device_name: cpu
INFO:sentence_transformers.SentenceTransformer:Load pretrained SentenceTransformer: sentence-transformers/all-MiniLM-L6-v2
INFO:chromadb.telemetry.product.posthog:Anonymized telemetry enabled. See                     https://docs.trychroma.com/telemetry for more information.
INFO:sentence_transformers.SentenceTransformer:Use pytorch device_name: cpu
INFO:sentence_transformers.SentenceTransformer:Load pretrained SentenceTransformer: sentence-transformers/all-MiniLM-L6-v2
INFO:sentence_transformers.SentenceTransformer:Use pytorch device_name: cpu
INFO:sentence_transformers.SentenceTransformer:Load pretrained SentenceTransformer: sentence-transformers/all-MiniLM-L6-v2
INFO:sentence_transformers.SentenceTransformer:Use pytorch device_name: cpu
INFO:sentence_transformers.SentenceTransformer:Load pretrained SentenceTransformer: sentence-transformers/all-MiniLM-L6-v2
INFO:chromadb.telemetry.product.posthog:Anonymized telemetry enabled. See                     https://docs.trychroma.com/telemetry for more information.
INFO:sentence_transformers.SentenceTransformer:Use pytorch device_name: cpu
INFO:sentence_transformers.SentenceTransformer:Load pretrained SentenceTransformer: sentence-transformers/all-MiniLM-L6-v2
INFO:sentence_transformers.SentenceTransformer:Use pytorch device_name: cpu
INFO:sentence_transformers.SentenceTransformer:Load pretrained SentenceTransformer: sentence-transformers/all-MiniLM-L6-v2
INFO:sentence_transformers.SentenceTransformer:Use pytorch device_name: cpu
INFO:sentence_transformers.SentenceTransformer:Load pretrained SentenceTransformer: sentence-transformers/all-MiniLM-L6-v2
INFO:chromadb.telemetry.product.posthog:Anonymized telemetry enabled. See                     https://docs.trychroma.com/telemetry for more information.
INFO:sentence_transformers.SentenceTransformer:Use pytorch device_name: cpu
INFO:sentence_transformers.SentenceTransformer:Load pretrained SentenceTransformer: sentence-transformers/all-MiniLM-L6-v2
INFO:sentence_transformers.SentenceTransformer:Use pytorch device_name: cpu
INFO:sentence_transformers.SentenceTransformer:Load pretrained SentenceTransformer: sentence-transformers/all-MiniLM-L6-v2
INFO:sentence_transformers.SentenceTransformer:Use pytorch device_name: cpu
INFO:sentence_transformers.SentenceTransformer:Load pretrained SentenceTransformer: sentence-transformers/all-MiniLM-L6-v2
INFO:chromadb.telemetry.product.posthog:Anonymized telemetry enabled. See                     https://docs.trychroma.com/telemetry for more information.
INFO:sentence_transformers.SentenceTransformer:Use pytorch device_name: cpu
INFO:sentence_transformers.SentenceTransformer:Load pretrained SentenceTransformer: sentence-transformers/all-MiniLM-L6-v2
INFO:sentence_transformers.SentenceTransformer:Use pytorch device_name: cpu
INFO:sentence_transformers.SentenceTransformer:Load pretrained SentenceTransformer: sentence-transformers/all-MiniLM-L6-v2
INFO:sentence_transformers.SentenceTransformer:Use pytorch device_name: cpu
INFO:sentence_transformers.SentenceTransformer:Load pretrained SentenceTransformer: sentence-transformers/all-MiniLM-L6-v2
INFO:sentence_transformers.SentenceTransformer:Use pytorch device_name: cpu
INFO:sentence_transformers.SentenceTransformer:Load pretrained SentenceTransformer: sentence-transformers/all-MiniLM-L6-v2
INFO:chromadb.telemetry.product.posthog:Anonymized telemetry enabled. See                     https://docs.trychroma.com/telemetry for more information.
INFO:sentence_transformers.SentenceTransformer:Use pytorch device_name: cpu
INFO:sentence_transformers.SentenceTransformer:Load pretrained SentenceTransformer: sentence-transformers/all-MiniLM-L6-v2
INFO:sentence_transformers.SentenceTransformer:Use pytorch device_name: cpu
INFO:sentence_transformers.SentenceTransformer:Load pretrained SentenceTransformer: sentence-transformers/all-MiniLM-L6-v2
INFO:sentence_transformers.SentenceTransformer:Use pytorch device_name: cpu
INFO:sentence_transformers.SentenceTransformer:Load pretrained SentenceTransformer: sentence-transformers/all-MiniLM-L6-v2
INFO:chromadb.telemetry.product.posthog:Anonymized telemetry enabled. See                     https://docs.trychroma.com/telemetry for more information.
INFO:sentence_transformers.SentenceTransformer:Use pytorch device_name: cpu
INFO:sentence_transformers.SentenceTransformer:Load pretrained SentenceTransformer: sentence-transformers/all-MiniLM-L6-v2
INFO:sentence_transformers.SentenceTransformer:Use pytorch device_name: cpu
INFO:sentence_transformers.SentenceTransformer:Load pretrained SentenceTransformer: sentence-transformers/all-MiniLM-L6-v2
INFO:sentence_transformers.SentenceTransformer:Use pytorch device_name: cpu
INFO:sentence_transformers.SentenceTransformer:Load pretrained SentenceTransformer: sentence-transformers/all-MiniLM-L6-v2
INFO:chromadb.telemetry.product.posthog:Anonymized telemetry enabled. See                     https://docs.trychroma.com/telemetry for more information.
INFO:sentence_transformers.SentenceTransformer:Use pytorch device_name: cpu
INFO:sentence_transformers.SentenceTransformer:Load pretrained SentenceTransformer: sentence-transformers/all-MiniLM-L6-v2
INFO:sentence_transformers.SentenceTransformer:Use pytorch device_name: cpu
INFO:sentence_transformers.SentenceTransformer:Load pretrained SentenceTransformer: sentence-transformers/all-MiniLM-L6-v2
INFO:sentence_transformers.SentenceTransformer:Use pytorch device_name: cpu
INFO:sentence_transformers.SentenceTransformer:Load pretrained SentenceTransformer: sentence-transformers/all-MiniLM-L6-v2
INFO:chromadb.telemetry.product.posthog:Anonymized telemetry enabled. See                     https://docs.trychroma.com/telemetry for more information.
INFO:sentence_transformers.SentenceTransformer:Use pytorch device_name: cpu
INFO:sentence_transformers.SentenceTransformer:Load pretrained SentenceTransformer: sentence-transformers/all-MiniLM-L6-v2
INFO:sentence_transformers.SentenceTransformer:Use pytorch device_name: cpu
INFO:sentence_transformers.SentenceTransformer:Load pretrained SentenceTransformer: sentence-transformers/all-MiniLM-L6-v2
INFO:sentence_transformers.SentenceTransformer:Use pytorch device_name: cpu
INFO:sentence_transformers.SentenceTransformer:Load pretrained SentenceTransformer: sentence-transformers/all-MiniLM-L6-v2
INFO:sentence_transformers.SentenceTransformer:Use pytorch device_name: cpu
INFO:sentence_transformers.SentenceTransformer:Load pretrained SentenceTransformer: sentence-transformers/all-MiniLM-L6-v2
INFO:sentence_transformers.SentenceTransformer:Use pytorch device_name: cpu
INFO:sentence_transformers.SentenceTransformer:Load pretrained SentenceTransformer: sentence-transformers/all-MiniLM-L6-v2
INFO:chromadb.telemetry.product.posthog:Anonymized telemetry enabled. See                     https://docs.trychroma.com/telemetry for more information.
INFO:sentence_transformers.SentenceTransformer:Use pytorch device_name: cpu
INFO:sentence_transformers.SentenceTransformer:Load pretrained SentenceTransformer: sentence-transformers/all-MiniLM-L6-v2
INFO:sentence_transformers.SentenceTransformer:Use pytorch device_name: cpu
INFO:sentence_transformers.SentenceTransformer:Load pretrained SentenceTransformer: sentence-transformers/all-MiniLM-L6-v2
INFO:sentence_transformers.SentenceTransformer:Use pytorch device_name: cpu
INFO:sentence_transformers.SentenceTransformer:Load pretrained SentenceTransformer: sentence-transformers/all-MiniLM-L6-v2
INFO:chromadb.telemetry.product.posthog:Anonymized telemetry enabled. See                     https://docs.trychroma.com/telemetry for more information.
INFO:sentence_transformers.SentenceTransformer:Use pytorch device_name: cpu
INFO:sentence_transformers.SentenceTransformer:Load pretrained SentenceTransformer: sentence-transformers/all-MiniLM-L6-v2
INFO:sentence_transformers.SentenceTransformer:Use pytorch device_name: cpu
INFO:sentence_transformers.SentenceTransformer:Load pretrained SentenceTransformer: sentence-transformers/all-MiniLM-L6-v2
INFO:chromadb.telemetry.product.posthog:Anonymized telemetry enabled. See                     https://docs.trychroma.com/telemetry for more information.
INFO:sentence_transformers.SentenceTransformer:Use pytorch device_name: cpu
INFO:sentence_transformers.SentenceTransformer:Load pretrained SentenceTransformer: sentence-transformers/all-MiniLM-L6-v2
INFO:sentence_transformers.SentenceTransformer:Use pytorch device_name: cpu
INFO:sentence_transformers.SentenceTransformer:Load pretrained SentenceTransformer: sentence-transformers/all-MiniLM-L6-v2
INFO:sentence_transformers.SentenceTransformer:Use pytorch device_name: cpu
INFO:sentence_transformers.SentenceTransformer:Load pretrained SentenceTransformer: sentence-transformers/all-MiniLM-L6-v2
INFO:chromadb.telemetry.product.posthog:Anonymized telemetry enabled. See                     https://docs.trychroma.com/telemetry for more information.
INFO:sentence_transformers.SentenceTransformer:Use pytorch device_name: cpu
INFO:sentence_transformers.SentenceTransformer:Load pretrained SentenceTransformer: sentence-transformers/all-MiniLM-L6-v2
INFO:sentence_transformers.SentenceTransformer:Use pytorch device_name: cpu
INFO:sentence_transformers.SentenceTransformer:Load pretrained SentenceTransformer: sentence-transformers/all-MiniLM-L6-v2
ERROR:chroma_service:Error creating CustomRetriever: 2 validation errors for CustomRetriever
vectorstore
  Field required [type=missing, input_value={}, input_type=dict]
    For further information visit https://errors.pydantic.dev/2.11/v/missing
query
  Field required [type=missing, input_value={}, input_type=dict]
    For further information visit https://errors.pydantic.dev/2.11/v/missing
INFO:sentence_transformers.SentenceTransformer:Use pytorch device_name: cpu
INFO:sentence_transformers.SentenceTransformer:Load pretrained SentenceTransformer: sentence-transformers/all-MiniLM-L6-v2
INFO:chromadb.telemetry.product.posthog:Anonymized telemetry enabled. See                     https://docs.trychroma.com/telemetry for more information.
INFO:sentence_transformers.SentenceTransformer:Use pytorch device_name: cpu
INFO:sentence_transformers.SentenceTransformer:Load pretrained SentenceTransformer: sentence-transformers/all-MiniLM-L6-v2
INFO:sentence_transformers.SentenceTransformer:Use pytorch device_name: cpu
INFO:sentence_transformers.SentenceTransformer:Load pretrained SentenceTransformer: sentence-transformers/all-MiniLM-L6-v2
ERROR:chroma_service:Error creating CustomRetriever: 1 validation error for CustomRetriever
docs
  Field required [type=missing, input_value={}, input_type=dict]
    For further information visit https://errors.pydantic.dev/2.11/v/missing
INFO:sentence_transformers.SentenceTransformer:Use pytorch device_name: cpu
INFO:sentence_transformers.SentenceTransformer:Load pretrained SentenceTransformer: sentence-transformers/all-MiniLM-L6-v2
INFO:chromadb.telemetry.product.posthog:Anonymized telemetry enabled. See                     https://docs.trychroma.com/telemetry for more information.
INFO:sentence_transformers.SentenceTransformer:Use pytorch device_name: cpu
INFO:sentence_transformers.SentenceTransformer:Load pretrained SentenceTransformer: sentence-transformers/all-MiniLM-L6-v2
INFO:sentence_transformers.SentenceTransformer:Use pytorch device_name: cpu
INFO:sentence_transformers.SentenceTransformer:Load pretrained SentenceTransformer: sentence-transformers/all-MiniLM-L6-v2
INFO:sentence_transformers.SentenceTransformer:Use pytorch device_name: cpu
INFO:sentence_transformers.SentenceTransformer:Load pretrained SentenceTransformer: sentence-transformers/all-MiniLM-L6-v2
INFO:chromadb.telemetry.product.posthog:Anonymized telemetry enabled. See                     https://docs.trychroma.com/telemetry for more information.
INFO:sentence_transformers.SentenceTransformer:Use pytorch device_name: cpu
INFO:sentence_transformers.SentenceTransformer:Load pretrained SentenceTransformer: sentence-transformers/all-MiniLM-L6-v2
INFO:sentence_transformers.SentenceTransformer:Use pytorch device_name: cpu
INFO:sentence_transformers.SentenceTransformer:Load pretrained SentenceTransformer: sentence-transformers/all-MiniLM-L6-v2
INFO:sentence_transformers.SentenceTransformer:Use pytorch device_name: cpu
INFO:sentence_transformers.SentenceTransformer:Load pretrained SentenceTransformer: sentence-transformers/all-MiniLM-L6-v2
INFO:sentence_transformers.SentenceTransformer:Use pytorch device_name: cpu
INFO:sentence_transformers.SentenceTransformer:Load pretrained SentenceTransformer: sentence-transformers/all-MiniLM-L6-v2
INFO:chromadb.telemetry.product.posthog:Anonymized telemetry enabled. See                     https://docs.trychroma.com/telemetry for more information.
INFO:sentence_transformers.SentenceTransformer:Use pytorch device_name: cpu
INFO:sentence_transformers.SentenceTransformer:Load pretrained SentenceTransformer: sentence-transformers/all-MiniLM-L6-v2
INFO:sentence_transformers.SentenceTransformer:Use pytorch device_name: cpu
INFO:sentence_transformers.SentenceTransformer:Load pretrained SentenceTransformer: sentence-transformers/all-MiniLM-L6-v2
INFO:sentence_transformers.SentenceTransformer:Use pytorch device_name: cpu
INFO:sentence_transformers.SentenceTransformer:Load pretrained SentenceTransformer: sentence-transformers/all-MiniLM-L6-v2
INFO:chromadb.telemetry.product.posthog:Anonymized telemetry enabled. See                     https://docs.trychroma.com/telemetry for more information.
INFO:sentence_transformers.SentenceTransformer:Use pytorch device_name: cpu
INFO:sentence_transformers.SentenceTransformer:Load pretrained SentenceTransformer: sentence-transformers/all-MiniLM-L6-v2
INFO:sentence_transformers.SentenceTransformer:Use pytorch device_name: cpu
INFO:sentence_transformers.SentenceTransformer:Load pretrained SentenceTransformer: sentence-transformers/all-MiniLM-L6-v2
INFO:chromadb.telemetry.product.posthog:Anonymized telemetry enabled. See                     https://docs.trychroma.com/telemetry for more information.
INFO:sentence_transformers.SentenceTransformer:Use pytorch device_name: cpu
INFO:sentence_transformers.SentenceTransformer:Load pretrained SentenceTransformer: sentence-transformers/all-MiniLM-L6-v2
INFO:sentence_transformers.SentenceTransformer:Use pytorch device_name: cpu
INFO:sentence_transformers.SentenceTransformer:Load pretrained SentenceTransformer: sentence-transformers/all-MiniLM-L6-v2
INFO:root:File Chan Pak Yeung-AL-0904.pdf uploaded and indexed with file_id 38
INFO:sentence_transformers.SentenceTransformer:Use pytorch device_name: cpu
INFO:sentence_transformers.SentenceTransformer:Load pretrained SentenceTransformer: sentence-transformers/all-MiniLM-L6-v2
INFO:sentence_transformers.SentenceTransformer:Use pytorch device_name: cpu
INFO:sentence_transformers.SentenceTransformer:Load pretrained SentenceTransformer: sentence-transformers/all-MiniLM-L6-v2
INFO:chromadb.telemetry.product.posthog:Anonymized telemetry enabled. See                     https://docs.trychroma.com/telemetry for more information.
INFO:sentence_transformers.SentenceTransformer:Use pytorch device_name: cpu
INFO:sentence_transformers.SentenceTransformer:Load pretrained SentenceTransformer: sentence-transformers/all-MiniLM-L6-v2
INFO:sentence_transformers.SentenceTransformer:Use pytorch device_name: cpu
INFO:sentence_transformers.SentenceTransformer:Load pretrained SentenceTransformer: sentence-transformers/all-MiniLM-L6-v2
ERROR:chroma_service:Failed to load or split document temp_Chan Pak Yeung-AL-0606.pdf: unstructured package not found, please install it with `pip install unstructured`
ERROR:chroma_service:Error indexing document with file_id 39: Failed to load or split document temp_Chan Pak Yeung-AL-0606.pdf: unstructured package not found, please install it with `pip install unstructured`
ERROR:root:Error processing Chan Pak Yeung-AL-0606.pdf: 500: Failed to index Chan Pak Yeung-AL-0606.pdf. The document may be empty, contain no extractable text, or have unsupported formatting.
INFO:sentence_transformers.SentenceTransformer:Use pytorch device_name: cpu
INFO:sentence_transformers.SentenceTransformer:Load pretrained SentenceTransformer: sentence-transformers/all-MiniLM-L6-v2
ERROR:chroma_service:Failed to load or split document temp_Chan Pak Yeung-AL-0904-0905.pdf: unstructured package not found, please install it with `pip install unstructured`
ERROR:chroma_service:Error indexing document with file_id 40: Failed to load or split document temp_Chan Pak Yeung-AL-0904-0905.pdf: unstructured package not found, please install it with `pip install unstructured`
ERROR:root:Error processing Chan Pak Yeung-AL-0904-0905.pdf: 500: Failed to index Chan Pak Yeung-AL-0904-0905.pdf. The document may be empty, contain no extractable text, or have unsupported formatting.
INFO:sentence_transformers.SentenceTransformer:Use pytorch device_name: cpu
INFO:sentence_transformers.SentenceTransformer:Load pretrained SentenceTransformer: sentence-transformers/all-MiniLM-L6-v2
INFO:chromadb.telemetry.product.posthog:Anonymized telemetry enabled. See                     https://docs.trychroma.com/telemetry for more information.
INFO:sentence_transformers.SentenceTransformer:Use pytorch device_name: cpu
INFO:sentence_transformers.SentenceTransformer:Load pretrained SentenceTransformer: sentence-transformers/all-MiniLM-L6-v2
INFO:sentence_transformers.SentenceTransformer:Use pytorch device_name: cpu
INFO:sentence_transformers.SentenceTransformer:Load pretrained SentenceTransformer: sentence-transformers/all-MiniLM-L6-v2
INFO:pikepdf._core:pikepdf C++ to Python logger bridge initialized
ERROR:chroma_service:Error indexing document with file_id 41: Expected metadata value to be a str, int, float, bool, or None, got {'points': ((40.57300000000009, 132.15499999999997), (40.57300000000009, 277.962), (380.72200000000004, 277.962), (380.72200000000004, 132.15499999999997)), 'system': 'PixelSpace', 'layout_width': 595.2, 'layout_height': 841.68} which is a dict in upsert.

Try filtering complex metadata from the document using langchain_community.vectorstores.utils.filter_complex_metadata.
ERROR:root:Error processing Chan Pak Yeung-AL-0904-0905.pdf: 500: Failed to index Chan Pak Yeung-AL-0904-0905.pdf. The document may be empty, contain no extractable text, or have unsupported formatting.
INFO:sentence_transformers.SentenceTransformer:Use pytorch device_name: cpu
INFO:sentence_transformers.SentenceTransformer:Load pretrained SentenceTransformer: sentence-transformers/all-MiniLM-L6-v2
INFO:chromadb.telemetry.product.posthog:Anonymized telemetry enabled. See                     https://docs.trychroma.com/telemetry for more information.
INFO:sentence_transformers.SentenceTransformer:Use pytorch device_name: cpu
INFO:sentence_transformers.SentenceTransformer:Load pretrained SentenceTransformer: sentence-transformers/all-MiniLM-L6-v2
INFO:sentence_transformers.SentenceTransformer:Use pytorch device_name: cpu
INFO:sentence_transformers.SentenceTransformer:Load pretrained SentenceTransformer: sentence-transformers/all-MiniLM-L6-v2
INFO:pikepdf._core:pikepdf C++ to Python logger bridge initialized
INFO:root:File Chan Pak Yeung-AL-0904-0905.pdf uploaded and indexed with file_id 42
INFO:sentence_transformers.SentenceTransformer:Use pytorch device_name: cpu
INFO:sentence_transformers.SentenceTransformer:Load pretrained SentenceTransformer: sentence-transformers/all-MiniLM-L6-v2
INFO:chromadb.telemetry.product.posthog:Anonymized telemetry enabled. See                     https://docs.trychroma.com/telemetry for more information.
INFO:sentence_transformers.SentenceTransformer:Use pytorch device_name: cpu
INFO:sentence_transformers.SentenceTransformer:Load pretrained SentenceTransformer: sentence-transformers/all-MiniLM-L6-v2
INFO:sentence_transformers.SentenceTransformer:Use pytorch device_name: cpu
INFO:sentence_transformers.SentenceTransformer:Load pretrained SentenceTransformer: sentence-transformers/all-MiniLM-L6-v2
INFO:pikepdf._core:pikepdf C++ to Python logger bridge initialized
WARNING:pdfminer.pdfpage:The PDF <_io.BufferedReader name='temp_access_application.pdf'> contains a metadata field indicating that it should not allow text extraction. Ignoring this field and proceeding. Use the check_extractable if you want to raise an error in this case
INFO:root:File access_application.pdf uploaded and indexed with file_id 43
INFO:sentence_transformers.SentenceTransformer:Use pytorch device_name: cpu
INFO:sentence_transformers.SentenceTransformer:Load pretrained SentenceTransformer: sentence-transformers/all-MiniLM-L6-v2
INFO:sentence_transformers.SentenceTransformer:Use pytorch device_name: cpu
INFO:sentence_transformers.SentenceTransformer:Load pretrained SentenceTransformer: sentence-transformers/all-MiniLM-L6-v2
INFO:chromadb.telemetry.product.posthog:Anonymized telemetry enabled. See                     https://docs.trychroma.com/telemetry for more information.
INFO:sentence_transformers.SentenceTransformer:Use pytorch device_name: cpu
INFO:sentence_transformers.SentenceTransformer:Load pretrained SentenceTransformer: sentence-transformers/all-MiniLM-L6-v2
INFO:sentence_transformers.SentenceTransformer:Use pytorch device_name: cpu
INFO:sentence_transformers.SentenceTransformer:Load pretrained SentenceTransformer: sentence-transformers/all-MiniLM-L6-v2
INFO:sentence_transformers.SentenceTransformer:Use pytorch device_name: cpu
INFO:sentence_transformers.SentenceTransformer:Load pretrained SentenceTransformer: sentence-transformers/all-MiniLM-L6-v2
INFO:chromadb.telemetry.product.posthog:Anonymized telemetry enabled. See                     https://docs.trychroma.com/telemetry for more information.
INFO:sentence_transformers.SentenceTransformer:Use pytorch device_name: cpu
INFO:sentence_transformers.SentenceTransformer:Load pretrained SentenceTransformer: sentence-transformers/all-MiniLM-L6-v2
INFO:sentence_transformers.SentenceTransformer:Use pytorch device_name: cpu
INFO:sentence_transformers.SentenceTransformer:Load pretrained SentenceTransformer: sentence-transformers/all-MiniLM-L6-v2
INFO:sentence_transformers.SentenceTransformer:Use pytorch device_name: cpu
INFO:sentence_transformers.SentenceTransformer:Load pretrained SentenceTransformer: sentence-transformers/all-MiniLM-L6-v2
INFO:chromadb.telemetry.product.posthog:Anonymized telemetry enabled. See                     https://docs.trychroma.com/telemetry for more information.
INFO:sentence_transformers.SentenceTransformer:Use pytorch device_name: cpu
INFO:sentence_transformers.SentenceTransformer:Load pretrained SentenceTransformer: sentence-transformers/all-MiniLM-L6-v2
INFO:sentence_transformers.SentenceTransformer:Use pytorch device_name: cpu
INFO:sentence_transformers.SentenceTransformer:Load pretrained SentenceTransformer: sentence-transformers/all-MiniLM-L6-v2
INFO:pikepdf._core:pikepdf C++ to Python logger bridge initialized
WARNING:pdfminer.pdfpage:The PDF <_io.BufferedReader name='temp_access_application.pdf'> contains a metadata field indicating that it should not allow text extraction. Ignoring this field and proceeding. Use the check_extractable if you want to raise an error in this case
INFO:root:File access_application.pdf uploaded and indexed with file_id 47
INFO:sentence_transformers.SentenceTransformer:Use pytorch device_name: cpu
INFO:sentence_transformers.SentenceTransformer:Load pretrained SentenceTransformer: sentence-transformers/all-MiniLM-L6-v2
INFO:sentence_transformers.SentenceTransformer:Use pytorch device_name: cpu
INFO:sentence_transformers.SentenceTransformer:Load pretrained SentenceTransformer: sentence-transformers/all-MiniLM-L6-v2
INFO:chromadb.telemetry.product.posthog:Anonymized telemetry enabled. See                     https://docs.trychroma.com/telemetry for more information.
INFO:sentence_transformers.SentenceTransformer:Use pytorch device_name: cpu
INFO:sentence_transformers.SentenceTransformer:Load pretrained SentenceTransformer: sentence-transformers/all-MiniLM-L6-v2
INFO:sentence_transformers.SentenceTransformer:Use pytorch device_name: cpu
INFO:sentence_transformers.SentenceTransformer:Load pretrained SentenceTransformer: sentence-transformers/all-MiniLM-L6-v2
ERROR:chroma_service:Failed to load or split document temp_pilot_programme_uc.docx: Docx2txtLoader.__init__() got an unexpected keyword argument 'mode'
ERROR:chroma_service:Error indexing document with file_id 49: Failed to load or split document temp_pilot_programme_uc.docx: Docx2txtLoader.__init__() got an unexpected keyword argument 'mode'
ERROR:root:Error processing pilot_programme_uc.docx: 500: Failed to index temp_pilot_programme_uc.docx. The document may be empty, contain no extractable text, or have unsupported formatting: Failed to load or split document temp_pilot_programme_uc.docx: Docx2txtLoader.__init__() got an unexpected keyword argument 'mode'
INFO:sentence_transformers.SentenceTransformer:Use pytorch device_name: cpu
INFO:sentence_transformers.SentenceTransformer:Load pretrained SentenceTransformer: sentence-transformers/all-MiniLM-L6-v2
INFO:sentence_transformers.SentenceTransformer:Use pytorch device_name: cpu
INFO:sentence_transformers.SentenceTransformer:Load pretrained SentenceTransformer: sentence-transformers/all-MiniLM-L6-v2
INFO:chromadb.telemetry.product.posthog:Anonymized telemetry enabled. See                     https://docs.trychroma.com/telemetry for more information.
INFO:sentence_transformers.SentenceTransformer:Use pytorch device_name: cpu
INFO:sentence_transformers.SentenceTransformer:Load pretrained SentenceTransformer: sentence-transformers/all-MiniLM-L6-v2
INFO:sentence_transformers.SentenceTransformer:Use pytorch device_name: cpu
INFO:sentence_transformers.SentenceTransformer:Load pretrained SentenceTransformer: sentence-transformers/all-MiniLM-L6-v2
INFO:root:File pilot_programme_uc.docx uploaded and indexed with file_id 50
INFO:sentence_transformers.SentenceTransformer:Use pytorch device_name: cpu
INFO:sentence_transformers.SentenceTransformer:Load pretrained SentenceTransformer: sentence-transformers/all-MiniLM-L6-v2
INFO:root:File access_application.docx uploaded and indexed with file_id 51
INFO:sentence_transformers.SentenceTransformer:Use pytorch device_name: cpu
INFO:sentence_transformers.SentenceTransformer:Load pretrained SentenceTransformer: sentence-transformers/all-MiniLM-L6-v2
INFO:sentence_transformers.SentenceTransformer:Use pytorch device_name: cpu
INFO:sentence_transformers.SentenceTransformer:Load pretrained SentenceTransformer: sentence-transformers/all-MiniLM-L6-v2
INFO:chromadb.telemetry.product.posthog:Anonymized telemetry enabled. See                     https://docs.trychroma.com/telemetry for more information.
INFO:sentence_transformers.SentenceTransformer:Use pytorch device_name: cpu
INFO:sentence_transformers.SentenceTransformer:Load pretrained SentenceTransformer: sentence-transformers/all-MiniLM-L6-v2
INFO:sentence_transformers.SentenceTransformer:Use pytorch device_name: cpu
INFO:sentence_transformers.SentenceTransformer:Load pretrained SentenceTransformer: sentence-transformers/all-MiniLM-L6-v2
INFO:pikepdf._core:pikepdf C++ to Python logger bridge initialized
WARNING:pdfminer.pdffont:Could get FontBBox from font descriptor because None cannot be parsed as 4 floats
WARNING:pdfminer.pdffont:Could get FontBBox from font descriptor because None cannot be parsed as 4 floats
WARNING:pdfminer.pdffont:Could get FontBBox from font descriptor because None cannot be parsed as 4 floats
WARNING:pdfminer.pdffont:Could get FontBBox from font descriptor because None cannot be parsed as 4 floats
INFO:unstructured_inference:Reading PDF for file: temp_Chan Pak Yeung-AL-0820PM.pdf ...
ERROR:chroma_service:Failed to load or split document temp_Chan Pak Yeung-AL-0820PM.pdf: Unable to get page count. Is poppler installed and in PATH?
ERROR:chroma_service:Error indexing document with file_id 54: Failed to load or split document temp_Chan Pak Yeung-AL-0820PM.pdf: Unable to get page count. Is poppler installed and in PATH?
ERROR:root:Error processing Chan Pak Yeung-AL-0820PM.pdf: 500: Failed to index temp_Chan Pak Yeung-AL-0820PM.pdf: Failed to load or split document temp_Chan Pak Yeung-AL-0820PM.pdf: Unable to get page count. Is poppler installed and in PATH?
INFO:sentence_transformers.SentenceTransformer:Use pytorch device_name: cpu
INFO:sentence_transformers.SentenceTransformer:Load pretrained SentenceTransformer: sentence-transformers/all-MiniLM-L6-v2
INFO:chromadb.telemetry.product.posthog:Anonymized telemetry enabled. See                     https://docs.trychroma.com/telemetry for more information.
INFO:sentence_transformers.SentenceTransformer:Use pytorch device_name: cpu
INFO:sentence_transformers.SentenceTransformer:Load pretrained SentenceTransformer: sentence-transformers/all-MiniLM-L6-v2
INFO:sentence_transformers.SentenceTransformer:Use pytorch device_name: cpu
INFO:sentence_transformers.SentenceTransformer:Load pretrained SentenceTransformer: sentence-transformers/all-MiniLM-L6-v2
INFO:pikepdf._core:pikepdf C++ to Python logger bridge initialized
WARNING:pdfminer.pdffont:Could get FontBBox from font descriptor because None cannot be parsed as 4 floats
WARNING:pdfminer.pdffont:Could get FontBBox from font descriptor because None cannot be parsed as 4 floats
WARNING:pdfminer.pdffont:Could get FontBBox from font descriptor because None cannot be parsed as 4 floats
WARNING:pdfminer.pdffont:Could get FontBBox from font descriptor because None cannot be parsed as 4 floats
INFO:unstructured_inference:Reading PDF for file: temp_Chan Pak Yeung-AL-0820PM.pdf ...
ERROR:chroma_service:Failed to load or split document temp_Chan Pak Yeung-AL-0820PM.pdf: Unable to get page count. Is poppler installed and in PATH?
ERROR:chroma_service:Error indexing document with file_id 55: Failed to load or split document temp_Chan Pak Yeung-AL-0820PM.pdf: Unable to get page count. Is poppler installed and in PATH?
ERROR:root:Error processing Chan Pak Yeung-AL-0820PM.pdf: 500: Failed to index temp_Chan Pak Yeung-AL-0820PM.pdf: Failed to load or split document temp_Chan Pak Yeung-AL-0820PM.pdf: Unable to get page count. Is poppler installed and in PATH?
INFO:sentence_transformers.SentenceTransformer:Use pytorch device_name: cpu
INFO:sentence_transformers.SentenceTransformer:Load pretrained SentenceTransformer: sentence-transformers/all-MiniLM-L6-v2
INFO:chromadb.telemetry.product.posthog:Anonymized telemetry enabled. See                     https://docs.trychroma.com/telemetry for more information.
INFO:sentence_transformers.SentenceTransformer:Use pytorch device_name: cpu
INFO:sentence_transformers.SentenceTransformer:Load pretrained SentenceTransformer: sentence-transformers/all-MiniLM-L6-v2
INFO:sentence_transformers.SentenceTransformer:Use pytorch device_name: cpu
INFO:sentence_transformers.SentenceTransformer:Load pretrained SentenceTransformer: sentence-transformers/all-MiniLM-L6-v2
INFO:pikepdf._core:pikepdf C++ to Python logger bridge initialized
WARNING:pdfminer.pdffont:Could get FontBBox from font descriptor because None cannot be parsed as 4 floats
WARNING:pdfminer.pdffont:Could get FontBBox from font descriptor because None cannot be parsed as 4 floats
WARNING:pdfminer.pdffont:Could get FontBBox from font descriptor because None cannot be parsed as 4 floats
WARNING:pdfminer.pdffont:Could get FontBBox from font descriptor because None cannot be parsed as 4 floats
INFO:root:File Chan Pak Yeung-AL-0820PM.pdf uploaded and indexed with file_id 56
INFO:sentence_transformers.SentenceTransformer:Use pytorch device_name: cpu
INFO:sentence_transformers.SentenceTransformer:Load pretrained SentenceTransformer: sentence-transformers/all-MiniLM-L6-v2
INFO:sentence_transformers.SentenceTransformer:Use pytorch device_name: cpu
INFO:sentence_transformers.SentenceTransformer:Load pretrained SentenceTransformer: sentence-transformers/all-MiniLM-L6-v2
INFO:sentence_transformers.SentenceTransformer:Use pytorch device_name: cpu
INFO:sentence_transformers.SentenceTransformer:Load pretrained SentenceTransformer: sentence-transformers/all-MiniLM-L6-v2
INFO:chromadb.telemetry.product.posthog:Anonymized telemetry enabled. See                     https://docs.trychroma.com/telemetry for more information.
INFO:sentence_transformers.SentenceTransformer:Use pytorch device_name: cpu
INFO:sentence_transformers.SentenceTransformer:Load pretrained SentenceTransformer: sentence-transformers/all-MiniLM-L6-v2
INFO:sentence_transformers.SentenceTransformer:Use pytorch device_name: cpu
INFO:sentence_transformers.SentenceTransformer:Load pretrained SentenceTransformer: sentence-transformers/all-MiniLM-L6-v2
INFO:sentence_transformers.SentenceTransformer:Use pytorch device_name: cpu
INFO:sentence_transformers.SentenceTransformer:Load pretrained SentenceTransformer: sentence-transformers/all-MiniLM-L6-v2
INFO:chromadb.telemetry.product.posthog:Anonymized telemetry enabled. See                     https://docs.trychroma.com/telemetry for more information.
INFO:sentence_transformers.SentenceTransformer:Use pytorch device_name: cpu
INFO:sentence_transformers.SentenceTransformer:Load pretrained SentenceTransformer: sentence-transformers/all-MiniLM-L6-v2
INFO:sentence_transformers.SentenceTransformer:Use pytorch device_name: cpu
INFO:sentence_transformers.SentenceTransformer:Load pretrained SentenceTransformer: sentence-transformers/all-MiniLM-L6-v2
INFO:root:File gundam_image.jpg uploaded and indexed with file_id 57
INFO:sentence_transformers.SentenceTransformer:Use pytorch device_name: cpu
INFO:sentence_transformers.SentenceTransformer:Load pretrained SentenceTransformer: sentence-transformers/all-MiniLM-L6-v2
INFO:sentence_transformers.SentenceTransformer:Use pytorch device_name: cpu
INFO:sentence_transformers.SentenceTransformer:Load pretrained SentenceTransformer: sentence-transformers/all-MiniLM-L6-v2
INFO:chromadb.telemetry.product.posthog:Anonymized telemetry enabled. See                     https://docs.trychroma.com/telemetry for more information.
INFO:sentence_transformers.SentenceTransformer:Use pytorch device_name: cpu
INFO:sentence_transformers.SentenceTransformer:Load pretrained SentenceTransformer: sentence-transformers/all-MiniLM-L6-v2
INFO:sentence_transformers.SentenceTransformer:Use pytorch device_name: cpu
INFO:sentence_transformers.SentenceTransformer:Load pretrained SentenceTransformer: sentence-transformers/all-MiniLM-L6-v2
INFO:root:File gundam_image.jpg uploaded and indexed with file_id 58
INFO:sentence_transformers.SentenceTransformer:Use pytorch device_name: cpu
INFO:sentence_transformers.SentenceTransformer:Load pretrained SentenceTransformer: sentence-transformers/all-MiniLM-L6-v2
INFO:sentence_transformers.SentenceTransformer:Use pytorch device_name: cpu
INFO:sentence_transformers.SentenceTransformer:Load pretrained SentenceTransformer: sentence-transformers/all-MiniLM-L6-v2
INFO:sentence_transformers.SentenceTransformer:Use pytorch device_name: cpu
INFO:sentence_transformers.SentenceTransformer:Load pretrained SentenceTransformer: sentence-transformers/all-MiniLM-L6-v2
INFO:sentence_transformers.SentenceTransformer:Use pytorch device_name: cpu
INFO:sentence_transformers.SentenceTransformer:Load pretrained SentenceTransformer: sentence-transformers/all-MiniLM-L6-v2
INFO:chromadb.telemetry.product.posthog:Anonymized telemetry enabled. See                     https://docs.trychroma.com/telemetry for more information.
INFO:sentence_transformers.SentenceTransformer:Use pytorch device_name: cpu
INFO:sentence_transformers.SentenceTransformer:Load pretrained SentenceTransformer: sentence-transformers/all-MiniLM-L6-v2
INFO:sentence_transformers.SentenceTransformer:Use pytorch device_name: cpu
INFO:sentence_transformers.SentenceTransformer:Load pretrained SentenceTransformer: sentence-transformers/all-MiniLM-L6-v2
INFO:sentence_transformers.SentenceTransformer:Use pytorch device_name: cpu
INFO:sentence_transformers.SentenceTransformer:Load pretrained SentenceTransformer: sentence-transformers/all-MiniLM-L6-v2
INFO:chromadb.telemetry.product.posthog:Anonymized telemetry enabled. See                     https://docs.trychroma.com/telemetry for more information.
INFO:sentence_transformers.SentenceTransformer:Use pytorch device_name: cpu
INFO:sentence_transformers.SentenceTransformer:Load pretrained SentenceTransformer: sentence-transformers/all-MiniLM-L6-v2
INFO:sentence_transformers.SentenceTransformer:Use pytorch device_name: cpu
INFO:sentence_transformers.SentenceTransformer:Load pretrained SentenceTransformer: sentence-transformers/all-MiniLM-L6-v2
INFO:sentence_transformers.SentenceTransformer:Use pytorch device_name: cpu
INFO:sentence_transformers.SentenceTransformer:Load pretrained SentenceTransformer: sentence-transformers/all-MiniLM-L6-v2
INFO:chromadb.telemetry.product.posthog:Anonymized telemetry enabled. See                     https://docs.trychroma.com/telemetry for more information.
INFO:sentence_transformers.SentenceTransformer:Use pytorch device_name: cpu
INFO:sentence_transformers.SentenceTransformer:Load pretrained SentenceTransformer: sentence-transformers/all-MiniLM-L6-v2
INFO:sentence_transformers.SentenceTransformer:Use pytorch device_name: cpu
INFO:sentence_transformers.SentenceTransformer:Load pretrained SentenceTransformer: sentence-transformers/all-MiniLM-L6-v2
INFO:sentence_transformers.SentenceTransformer:Use pytorch device_name: cpu
INFO:sentence_transformers.SentenceTransformer:Load pretrained SentenceTransformer: sentence-transformers/all-MiniLM-L6-v2
INFO:sentence_transformers.SentenceTransformer:Use pytorch device_name: cpu
INFO:sentence_transformers.SentenceTransformer:Load pretrained SentenceTransformer: sentence-transformers/all-MiniLM-L6-v2
INFO:chromadb.telemetry.product.posthog:Anonymized telemetry enabled. See                     https://docs.trychroma.com/telemetry for more information.
INFO:sentence_transformers.SentenceTransformer:Use pytorch device_name: cpu
INFO:sentence_transformers.SentenceTransformer:Load pretrained SentenceTransformer: sentence-transformers/all-MiniLM-L6-v2
INFO:sentence_transformers.SentenceTransformer:Use pytorch device_name: cpu
INFO:sentence_transformers.SentenceTransformer:Load pretrained SentenceTransformer: sentence-transformers/all-MiniLM-L6-v2
INFO:sentence_transformers.SentenceTransformer:Use pytorch device_name: cpu
INFO:sentence_transformers.SentenceTransformer:Load pretrained SentenceTransformer: sentence-transformers/all-MiniLM-L6-v2
INFO:chromadb.telemetry.product.posthog:Anonymized telemetry enabled. See                     https://docs.trychroma.com/telemetry for more information.
INFO:sentence_transformers.SentenceTransformer:Use pytorch device_name: cpu
INFO:sentence_transformers.SentenceTransformer:Load pretrained SentenceTransformer: sentence-transformers/all-MiniLM-L6-v2
INFO:sentence_transformers.SentenceTransformer:Use pytorch device_name: cpu
INFO:sentence_transformers.SentenceTransformer:Load pretrained SentenceTransformer: sentence-transformers/all-MiniLM-L6-v2
INFO:sentence_transformers.SentenceTransformer:Use pytorch device_name: cpu
INFO:sentence_transformers.SentenceTransformer:Load pretrained SentenceTransformer: sentence-transformers/all-MiniLM-L6-v2
INFO:chromadb.telemetry.product.posthog:Anonymized telemetry enabled. See                     https://docs.trychroma.com/telemetry for more information.
INFO:sentence_transformers.SentenceTransformer:Use pytorch device_name: cpu
INFO:sentence_transformers.SentenceTransformer:Load pretrained SentenceTransformer: sentence-transformers/all-MiniLM-L6-v2
INFO:sentence_transformers.SentenceTransformer:Use pytorch device_name: cpu
INFO:sentence_transformers.SentenceTransformer:Load pretrained SentenceTransformer: sentence-transformers/all-MiniLM-L6-v2
INFO:sentence_transformers.SentenceTransformer:Use pytorch device_name: cpu
INFO:sentence_transformers.SentenceTransformer:Load pretrained SentenceTransformer: sentence-transformers/all-MiniLM-L6-v2
INFO:chromadb.telemetry.product.posthog:Anonymized telemetry enabled. See                     https://docs.trychroma.com/telemetry for more information.
INFO:sentence_transformers.SentenceTransformer:Use pytorch device_name: cpu
INFO:sentence_transformers.SentenceTransformer:Load pretrained SentenceTransformer: sentence-transformers/all-MiniLM-L6-v2
INFO:sentence_transformers.SentenceTransformer:Use pytorch device_name: cpu
INFO:sentence_transformers.SentenceTransformer:Load pretrained SentenceTransformer: sentence-transformers/all-MiniLM-L6-v2
INFO:chromadb.telemetry.product.posthog:Anonymized telemetry enabled. See                     https://docs.trychroma.com/telemetry for more information.
INFO:sentence_transformers.SentenceTransformer:Use pytorch device_name: cpu
INFO:sentence_transformers.SentenceTransformer:Load pretrained SentenceTransformer: sentence-transformers/all-MiniLM-L6-v2
INFO:sentence_transformers.SentenceTransformer:Use pytorch device_name: cpu
INFO:sentence_transformers.SentenceTransformer:Load pretrained SentenceTransformer: sentence-transformers/all-MiniLM-L6-v2
INFO:sentence_transformers.SentenceTransformer:Use pytorch device_name: cpu
INFO:sentence_transformers.SentenceTransformer:Load pretrained SentenceTransformer: sentence-transformers/all-MiniLM-L6-v2
INFO:sentence_transformers.SentenceTransformer:Use pytorch device_name: cpu
INFO:sentence_transformers.SentenceTransformer:Load pretrained SentenceTransformer: sentence-transformers/all-MiniLM-L6-v2
INFO:sentence_transformers.SentenceTransformer:Use pytorch device_name: cpu
INFO:sentence_transformers.SentenceTransformer:Load pretrained SentenceTransformer: sentence-transformers/all-MiniLM-L6-v2
INFO:chromadb.telemetry.product.posthog:Anonymized telemetry enabled. See                     https://docs.trychroma.com/telemetry for more information.
INFO:sentence_transformers.SentenceTransformer:Use pytorch device_name: cpu
INFO:sentence_transformers.SentenceTransformer:Load pretrained SentenceTransformer: sentence-transformers/all-MiniLM-L6-v2
INFO:sentence_transformers.SentenceTransformer:Use pytorch device_name: cpu
INFO:sentence_transformers.SentenceTransformer:Load pretrained SentenceTransformer: sentence-transformers/all-MiniLM-L6-v2
INFO:sentence_transformers.SentenceTransformer:Use pytorch device_name: cpu
INFO:sentence_transformers.SentenceTransformer:Load pretrained SentenceTransformer: sentence-transformers/all-MiniLM-L6-v2
INFO:sentence_transformers.SentenceTransformer:Use pytorch device_name: cpu
INFO:sentence_transformers.SentenceTransformer:Load pretrained SentenceTransformer: sentence-transformers/all-MiniLM-L6-v2
INFO:chromadb.telemetry.product.posthog:Anonymized telemetry enabled. See                     https://docs.trychroma.com/telemetry for more information.
INFO:sentence_transformers.SentenceTransformer:Use pytorch device_name: cpu
INFO:sentence_transformers.SentenceTransformer:Load pretrained SentenceTransformer: sentence-transformers/all-MiniLM-L6-v2
INFO:sentence_transformers.SentenceTransformer:Use pytorch device_name: cpu
INFO:sentence_transformers.SentenceTransformer:Load pretrained SentenceTransformer: sentence-transformers/all-MiniLM-L6-v2
INFO:sentence_transformers.SentenceTransformer:Use pytorch device_name: cpu
INFO:sentence_transformers.SentenceTransformer:Load pretrained SentenceTransformer: sentence-transformers/all-MiniLM-L6-v2
INFO:chromadb.telemetry.product.posthog:Anonymized telemetry enabled. See                     https://docs.trychroma.com/telemetry for more information.
INFO:sentence_transformers.SentenceTransformer:Use pytorch device_name: cpu
INFO:sentence_transformers.SentenceTransformer:Load pretrained SentenceTransformer: sentence-transformers/all-MiniLM-L6-v2
INFO:sentence_transformers.SentenceTransformer:Use pytorch device_name: cpu
INFO:sentence_transformers.SentenceTransformer:Load pretrained SentenceTransformer: sentence-transformers/all-MiniLM-L6-v2
INFO:chromadb.telemetry.product.posthog:Anonymized telemetry enabled. See                     https://docs.trychroma.com/telemetry for more information.
INFO:sentence_transformers.SentenceTransformer:Use pytorch device_name: cpu
INFO:sentence_transformers.SentenceTransformer:Load pretrained SentenceTransformer: sentence-transformers/all-MiniLM-L6-v2
INFO:sentence_transformers.SentenceTransformer:Use pytorch device_name: cpu
INFO:sentence_transformers.SentenceTransformer:Load pretrained SentenceTransformer: sentence-transformers/all-MiniLM-L6-v2
INFO:chromadb.telemetry.product.posthog:Anonymized telemetry enabled. See                     https://docs.trychroma.com/telemetry for more information.
INFO:sentence_transformers.SentenceTransformer:Use pytorch device_name: cpu
INFO:sentence_transformers.SentenceTransformer:Load pretrained SentenceTransformer: sentence-transformers/all-MiniLM-L6-v2
INFO:sentence_transformers.SentenceTransformer:Use pytorch device_name: cpu
INFO:sentence_transformers.SentenceTransformer:Load pretrained SentenceTransformer: sentence-transformers/all-MiniLM-L6-v2
INFO:pikepdf._core:pikepdf C++ to Python logger bridge initialized
INFO:chroma_service:PII detected and redacted in document split: Email address ëŠà]µØÖ· : enquiry@support.empf.org.hk...
INFO:chroma_service:PII detected and redacted in document split: Email address * ëŠà]µØÖ· * : forms@support.empf.org.hk...
INFO:root:File MPF SCHEME - MEMBER INFORMATION CHANGE FORM_signed.pdf uploaded and indexed with file_id 59
INFO:sentence_transformers.SentenceTransformer:Use pytorch device_name: cpu
INFO:sentence_transformers.SentenceTransformer:Load pretrained SentenceTransformer: sentence-transformers/all-MiniLM-L6-v2
INFO:chromadb.telemetry.product.posthog:Anonymized telemetry enabled. See                     https://docs.trychroma.com/telemetry for more information.
INFO:sentence_transformers.SentenceTransformer:Use pytorch device_name: cpu
INFO:sentence_transformers.SentenceTransformer:Load pretrained SentenceTransformer: sentence-transformers/all-MiniLM-L6-v2
INFO:sentence_transformers.SentenceTransformer:Use pytorch device_name: cpu
INFO:sentence_transformers.SentenceTransformer:Load pretrained SentenceTransformer: sentence-transformers/all-MiniLM-L6-v2
INFO:pikepdf._core:pikepdf C++ to Python logger bridge initialized
INFO:chroma_service:PII detected and redacted in document split: Email address ëŠà]µØÖ· : enquiry@support.empf.org.hk...
INFO:chroma_service:PII detected and redacted in document split: Email address * ëŠà]µØÖ· * : forms@support.empf.org.hk...
INFO:root:File MPF SCHEME - MEMBER INFORMATION CHANGE FORM_signed.pdf uploaded and indexed with file_id 60
ERROR:root:Error processing MPF SCHEME - MEMBER INFORMATION CHANGE FORM_signed.pdf: can only join an iterable
INFO:sentence_transformers.SentenceTransformer:Use pytorch device_name: cpu
INFO:sentence_transformers.SentenceTransformer:Load pretrained SentenceTransformer: sentence-transformers/all-MiniLM-L6-v2
INFO:chromadb.telemetry.product.posthog:Anonymized telemetry enabled. See                     https://docs.trychroma.com/telemetry for more information.
INFO:sentence_transformers.SentenceTransformer:Use pytorch device_name: cpu
INFO:sentence_transformers.SentenceTransformer:Load pretrained SentenceTransformer: sentence-transformers/all-MiniLM-L6-v2
INFO:sentence_transformers.SentenceTransformer:Use pytorch device_name: cpu
INFO:sentence_transformers.SentenceTransformer:Load pretrained SentenceTransformer: sentence-transformers/all-MiniLM-L6-v2
INFO:pikepdf._core:pikepdf C++ to Python logger bridge initialized
INFO:chroma_service:PII detected and redacted in document split: Email address ëŠà]µØÖ· : enquiry@support.empf.org.hk...
INFO:chroma_service:PII detected and redacted in document split: Email address * ëŠà]µØÖ· * : forms@support.empf.org.hk...
INFO:root:File MPF SCHEME - MEMBER INFORMATION CHANGE FORM_signed.pdf uploaded and indexed with file_id 61
INFO:sentence_transformers.SentenceTransformer:Use pytorch device_name: cpu
INFO:sentence_transformers.SentenceTransformer:Load pretrained SentenceTransformer: sentence-transformers/all-MiniLM-L6-v2
WARNING:pdfminer.pdfpage:The PDF <_io.BufferedReader name='temp_MPF SCHEME - MEMBER INFORMATION CHANGE FORM.pdf'> contains a metadata field indicating that it should not allow text extraction. Ignoring this field and proceeding. Use the check_extractable if you want to raise an error in this case
INFO:chroma_service:PII detected and redacted in document split: Email address ëŠà]µØÖ· : enquiry@support.empf.org.hk...
INFO:chroma_service:PII detected and redacted in document split: Email address * ëŠà]µØÖ· * : forms@support.empf.org.hk...
INFO:root:File MPF SCHEME - MEMBER INFORMATION CHANGE FORM.pdf uploaded and indexed with file_id 62
INFO:sentence_transformers.SentenceTransformer:Use pytorch device_name: cpu
INFO:sentence_transformers.SentenceTransformer:Load pretrained SentenceTransformer: sentence-transformers/all-MiniLM-L6-v2
INFO:chromadb.telemetry.product.posthog:Anonymized telemetry enabled. See                     https://docs.trychroma.com/telemetry for more information.
INFO:sentence_transformers.SentenceTransformer:Use pytorch device_name: cpu
INFO:sentence_transformers.SentenceTransformer:Load pretrained SentenceTransformer: sentence-transformers/all-MiniLM-L6-v2
INFO:sentence_transformers.SentenceTransformer:Use pytorch device_name: cpu
INFO:sentence_transformers.SentenceTransformer:Load pretrained SentenceTransformer: sentence-transformers/all-MiniLM-L6-v2
INFO:pikepdf._core:pikepdf C++ to Python logger bridge initialized
INFO:chroma_service:PII detected and redacted in document split: Internal use only ƒÈ²¿Œ£ÓÃ...
INFO:chroma_service:PII detected and redacted in document split: Go Green with E-Submission for E\ufb03ciency žé¸üÓÐÐ§ÂÊ ÕˆÊ¹ÓÃëŠ×Ó±í¸ñ...
INFO:chroma_service:PII detected and redacted in document split: eMPF Received Date:...
INFO:chroma_service:PII detected and redacted in document split: MPF SCHEME ¨C MEMBER INFORMATION CHANGE FORM Š·e½ðÓ‹„ £­ ³É†T¸ü¸ÄÙYÁÏ±í¸ñ...
INFO:chroma_service:PII detected and redacted in document split: eMPF Web Portal ·e½ðÒ×¾WÉÏÆ½Ì¨...
INFO:chroma_service:PII detected and redacted in document split: Important Notes ÖØÒªÊÂí— : 1. Please read the following notes before completing this form. Õˆì¶ÌîŒ‘±¾±í¸ñÇ°…¢é†ÒÔÏÂ×¢...
INFO:chroma_service:PII detected and redacted in document split: eMPF Platform Company Limited ( "eMPF Company" ), a wholly owned subsidiary of the Mandatory Provide...
INFO:chroma_service:PII detected and redacted in document split: . For details, please refer to the Appendix A: List of "Personal Information Collection Statement" (...
INFO:chroma_service:PII detected and redacted in document split: . If not, please submit your request via eMPF Member Portal or visit eMPF Service Centre to provide ...
INFO:chroma_service:PII detected and redacted in document split: General Terms and Conditions of the eMPF Platform ·e½ðÒ×Æ½Ì¨ Ò»°ã—l¿î¼°¼š„t...
INFO:chroma_service:PII detected and redacted in document split: (iii) The "Scheme(s)" refers to the MPF Scheme(s) which is / are listed in Part A of this form. For ...
INFO:chroma_service:PII detected and redacted in document split: A ²¿·ÖËùÁÐµÄŠ·e½ðÓ‹„¡£Ô”ÇéÕˆ…¢é†¸½ä› A¡£...
INFO:chroma_service:PII detected and redacted in document split: (iv) The "Trustee(s)" refers to the trustee(s) which is / are associated with the Scheme(s) listed i...
INFO:chroma_service:PII detected and redacted in document split: A.¡¸ÊÜÓšÈË¡¹Ö¸ì¶±¾±í¸ñ A ²¿·ÖËùÁÐµÄÓ‹„ÆäÏàêPÊÜÓšÈË£¬Ô”ÇéÕˆ…¢é†¸½ä› A¡£ The "Member" refers to the individual whose details are set ...
INFO:chroma_service:PII detected and redacted in document split: (v) The changes provided in this form will supersede any previous information which has been kept by...
INFO:chroma_service:PII detected and redacted in document split: 3. You must notify the eMPF Platform within 30 days via accessing eMPF Member Portal, or completing ...
INFO:chroma_service:PII detected and redacted in document split: . ÈçÄãµÄ‚€ÈËÙYÁÏ ( °üÀ¨µ«²»ÏÞì¶³É†TÐÕÃû¡¢Éí·Ö×CÃ÷ÎÄ¼þÌ–´a¡¢³öÉúÈÕÆÚ¡¢¾Ó×¡µØÖ·¡¢Í¨ÓµØÖ·¼°¶„Õ¾ÓÁôË¾·¨¹ÜÝ …^ ) ÓÐÈÎºÎ×ƒ¸ü ¶øŒ§ÖÂ¶„Õ¾ÓÃñÉí·Ö×ÔÎÒ×CÃ÷²»Õý´_¡¢²»œÊ´_»ò²»ÍêÕû£¬Äã±ØíšÔÚ×ƒ¸üááµÄ 3...
INFO:chroma_service:PII detected and redacted in document split: 4. Please complete this form in BLOCK LETTERS with black or blue pen and tick the appropriate box(es...
INFO:chroma_service:PII detected and redacted in document split: The signature ( including countersign ) in this form should match with the signature specimen of the...
INFO:chroma_service:PII detected and redacted in document split: . If there are any omissions ( including but not limited to missing page(s) / supporting document(s)...
INFO:chroma_service:PII detected and redacted in document split: . For details, please refer to the Appendix A. If you wish to update the use of your personal data f...
INFO:chroma_service:PII detected and redacted in document split: A. MEMBER PARTICULARS ³É†TÙYÁÏ...
INFO:chroma_service:PII detected and redacted in document split: (1) Member Account(s) Required To Be Updated ÐèÒª¸ü¸ÄµÄ³É†TŽ¤‘ô ( Please select option (i) OR (ii) and tick a...
INFO:chroma_service:PII detected and redacted in document split: (i) All my MPF accounts under the eMPF Platform ì¶·e½ðÒ×Æ½Ì¨ÏÂ±¾ÈËËùÓÐŠ·e½ðŽ¤‘ô...
INFO:chroma_service:PII detected and redacted in document split: (ii) My specific account under the eMPF Platform listed as below ·e½ðÒ×Æ½Ì¨ÏÂÏÂÁÐ±¾ÈËÖ¸¶¨µÄŠ·e½ðŽ¤‘ô...
INFO:chroma_service:PII detected and redacted in document split: ( Please fill in additional form(s) if you have more than 1 account under the same scheme or differe...
INFO:chroma_service:PII detected and redacted in document split: a. Scheme Name Ó‹„Ãû·Q ( Please refer to the Appendix A Õˆ…¢é†¸½ä› A )...
INFO:chroma_service:PII detected and redacted in document split: b. Member Account No. ³É†TŽ¤‘ôÌ–´a...
INFO:chroma_service:PII detected and redacted in document split: (2) Member Name ³É†TÃû·Q ( As shown on HKID Card / Passport ÅcÏã¸ÛÉí·Ý×C¨u×oÕÕÉÏµÄÐÕÃûÏàÍ¬ )...
INFO:chroma_service:PII detected and redacted in document split: (3) Identi\ufb01cation Éí·Ö×CÃ÷...
INFO:chroma_service:PII detected and redacted in document split: HKID Card Ïã¸ÛÉí·Ý×C...
INFO:chroma_service:PII detected and redacted in document split: Passport ×oÕÕ ( Applicable ONLY for an individual without HKID Card ƒH¹©›]ÓÐÏã¸ÛÉí·Ý×CÈËÊ¿ÌîŒ‘ )...
INFO:chroma_service:PII detected and redacted in document split: Document No. ×C¼þÌ–´a...
INFO:chroma_service:PII detected and redacted in document split: B. CHANGE OF MEMBER PARTICULARS 1 ¸ü¸Ä³É†TÙYÁÏ 1 ( Complete only those details to be changed Ö»ÐèÌîŒ‘Ðè¸ü¸ÄµÄÙYÁÏ )...
INFO:chroma_service:PII detected and redacted in document split: (1) Change of Contact Information ¸ü¸ÄÂ“½jÙYÁÏ...
INFO:chroma_service:PII detected and redacted in document split: (i) New Address ÐÂµØÖ·...
INFO:chroma_service:PII detected and redacted in document split: Please tick the appropriate type and provide the relevant information. ÕˆÔÚßm®”·½¸ñÌîÉÏÌÞÌ–KÌá¹©ÏàêPÙYÁÏ¡£...
INFO:chroma_service:PII detected and redacted in document split: Address Type µØÖ·î„e...
INFO:chroma_service:PII detected and redacted in document split: Residential Address 2 & 3 ¾Ó×¡µØÖ· 2 ¼° 3...
INFO:chroma_service:PII detected and redacted in document split: Correspondence Address Í¨ÓµØÖ·...
INFO:chroma_service:PII detected and redacted in document split: Please provide either English OR Chinese Address. If the space provided below is insu\ufb03cient, please ...
INFO:chroma_service:PII detected and redacted in document split: Flat / Room †ÎÎ»¨uÊÒ...
INFO:chroma_service:PII detected and redacted in document split: Floor ŒÓ”µ Block ×ù...
INFO:chroma_service:PII detected and redacted in document split: Building / Estate ´óB¨uÎÝÔ·...
INFO:chroma_service:PII detected and redacted in document split: Street ( Street No. and Street Name ) ½ÖµÀ ( ½ÖÌ–¼°½ÖµÀÃû·Q )...
INFO:chroma_service:PII detected and redacted in document split: District Area …^Óò...
INFO:chroma_service:PII detected and redacted in document split: Hong Kong Ïã¸Û...
INFO:chroma_service:PII detected and redacted in document split: Kowloon ¾Åýˆ...
INFO:chroma_service:PII detected and redacted in document split: New Territories...
INFO:chroma_service:PII detected and redacted in document split: ÐÂ½ç ¡ô City ³ÇÊÐ ¡ô ¡ô...
INFO:chroma_service:PII detected and redacted in document split: Country ‡ø¼Ò...
INFO:chroma_service:PII detected and redacted in document split: ¡ô¨uµØ…^ ¡ô...
INFO:chroma_service:PII detected and redacted in document split: Postal code à]Õþ¾ŽÌ–...
INFO:chroma_service:PII detected and redacted in document split: Applicable to address outside Hong Kong only Ö»ßmÓÃì¶Ïã¸ÛÒÔÍâµØÖ·...
INFO:chroma_service:PII detected and redacted in document split: (ii) New Telephone Nos. ÐÂëŠÔ’Ì–´a...
INFO:chroma_service:PII detected and redacted in document split: Mobile Phone No. ÊÖÌáëŠÔ’Ì–´a...
INFO:chroma_service:PII detected and redacted in document split: Secondary Telephone No. µÚ¶þÂ“½jëŠÔ’Ì–´a...
INFO:chroma_service:PII detected and redacted in document split: ( Country / Area Code # ‡ø¼Ò¨uµØ…^¾ŽÌ– # )...
INFO:chroma_service:PII detected and redacted in document split: ( Country / Area Code # ‡ø¼Ò¨uµØ…^¾ŽÌ– # )...
INFO:chroma_service:PII detected and redacted in document split: # SMS ( if applicable ) will be sent to Hong Kong mobile phone no. only. If no country / area code i...
INFO:chroma_service:PII detected and redacted in document split: (iii) New Email Address ÐÂëŠà]µØÖ·...
INFO:chroma_service:PII detected and redacted in document split: (2) Correction of Date of Birth 3 & 4 ¸üÕý³öÉúÈÕÆÚ 3 ¼° 4...
INFO:chroma_service:PII detected and redacted in document split: Date of Birth ³öÉúÈÕÆÚ...
INFO:chroma_service:PII detected and redacted in document split: (3) Change / Correction of Identi\ufb01cation 3 ¸ü¸Ä¨u¸üÕýÉí·Ö×CÃ÷ 3...
INFO:chroma_service:PII detected and redacted in document split: HKID Card Ïã¸ÛÉí·Ý×C...
INFO:chroma_service:PII detected and redacted in document split: Passport ×oÕÕ ( Applicable ONLY for an individual without HKID Card ƒH¹©›]ÓÐÏã¸ÛÉí·Ý×CÈËÊ¿ÌîŒ‘ )...
INFO:chroma_service:PII detected and redacted in document split: Document No. ×C¼þÌ–´a...
INFO:chroma_service:PII detected and redacted in document split: (4) Change of Nationality 3 ¸ü¸Ä‡ø¼® 3...
INFO:chroma_service:PII detected and redacted in document split: Nationality ‡ø¼®...
INFO:chroma_service:PII detected and redacted in document split: (5) Change / Correction of Name 3 and / or Signature Specimen 3 ¸ü¸Ä¨u¸üÕýÐÕÃû 3 ¼°¨u»òºžÊð˜ÓÊ½ 3...
INFO:chroma_service:PII detected and redacted in document split: (i) Member Name ³É†TÃû·Q ( As shown on HKID Card / Passport ÅcÏã¸ÛÉí·Ý×C¨u×oÕÕÉÏµÄÐÕÃûÏàÍ¬ )...
INFO:chroma_service:PII detected and redacted in document split: Surname in English Ó¢ÎÄÐÕÊÏ...
INFO:chroma_service:PII detected and redacted in document split: Given Name in English Ó¢ÎÄÃû×Ö...
INFO:chroma_service:PII detected and redacted in document split: Name in Chinese ÖÐÎÄÐÕÃû...
INFO:chroma_service:PII detected and redacted in document split: ( Surname ÐÕÊÏ )...
INFO:chroma_service:PII detected and redacted in document split: ( Given Name Ãû×Ö )...
INFO:chroma_service:PII detected and redacted in document split: (ii) New Signature Specimen ÐÂºžÊð˜ÓÊ½...
INFO:chroma_service:PII detected and redacted in document split: 1 For employee member, if you / your employer wish(es) to update member particulars in relation to y...
INFO:chroma_service:PII detected and redacted in document split: 2 P.O. Box address is not accepted. Ë¡²»½ÓÊÜà]ÕþÐÅÏäµØÖ·¡£ 3 Please refer to Appendix B for the required docume...
INFO:chroma_service:PII detected and redacted in document split: subsequent MPF related services. Õˆ…¢é†¸½ä› B ÒÔÌá¹©¸ü¸ÄÙYÁÏËùÐèÎÄ¼þ¡£ÈçÎ´ÄÜÌá¹©ËùÐèÎÄ¼þ£¬·e½ðÒ×Æ½Ì¨Œ¢Ÿo·¨Ìá¹©ëSááµÄŠ·e½ðÏàêP·þ„Õ¡£...
INFO:chroma_service:PII detected and redacted in document split: If you have invested in the Default Investment Strategy, according to the automatic de-risking mecha...
INFO:chroma_service:PII detected and redacted in document split: C. CHANGE OF COMMUNICATION MEANS OF THE SCHEME ¸ü¸ÄÓ‹„µÄÍ¨ÓÍ¾½...
INFO:chroma_service:PII detected and redacted in document split: I hereby withdraw the consent to receive, inter alia, notices or other documents by electronic means...
INFO:chroma_service:PII detected and redacted in document split: . I understand and agree that such withdrawal (i) will be irrevocable; (ii) ( applicable if I have r...
INFO:chroma_service:PII detected and redacted in document split: and until my consent given to eMPF Platform Company is revoked; and (iii) will not have any impact o...
INFO:chroma_service:PII detected and redacted in document split: . ±¾ÈËÖ”´Ë³·»ØÏÈÇ°°üÀ¨¾Í¡¶ŠÖÆÐÔ¹«·e½ðÓ‹„£¨Ò»°ã£©ÒŽÀý¡·µÚ 206(2) —lÒÔëŠ×Ó·½Ê½½ÓÊÕÏàêPÍ¨Öª»ò ÆäËûÎÄ¼þµÄÍ¬Òâ£¬ßmÓÃì¶ ( ÈçÉÏËùÊ¾ ) ±¾ÈËËùÓÐÓÉ·e½ðÒ×Æ½Ì¨ÓÐÏÞ¹«Ë¾¹ÜÀíµÄŠ·e½ðŽ¤‘ô£¬»òÉÏÊöÖ¸...
INFO:chroma_service:PII detected and redacted in document split: Terms and Conditions for Receiving Notices, Documents and Other Communications by Electronic Means ÒÔ...
INFO:chroma_service:PII detected and redacted in document split: D. DIRECT MARKETING CONSENT OF THE SCHEME Ó‹„µÄÖ±½Ó´ÙäNÒâÏò...
INFO:chroma_service:PII detected and redacted in document split: You agree to (i) provide your consent for eMPF Platform Company Limited to transfer your personal da...
INFO:chroma_service:PII detected and redacted in document split: . ÄãÍ¬Òâ (a) ·e½ðÒ×Æ½Ì¨ÓÐÏÞ¹«Ë¾¸ù“þÆä‚€ÈËÙYÁÏÊÕ¼¯Â•Ã÷¼°ÄãËùµÇÓ›µÄŠ·e½ðÓ‹„ÊÜÓšÈË¸ù“þÆä‚€ÈËÙYÁÏÊÕ¼¯Â•Ã÷²¿·Ö (i) ÞDÒÆÄãµÄ‚€ÈËÙYÁÏÓèÄãËù µÇÓ›µÄŠ·e½ðÓ‹„µÄÊÜÓšÈË£¬¼° (ii) Ô“ÊÜÓšÈËÞDÒÆ...
INFO:chroma_service:PII detected and redacted in document split: Yes Í¬Òâ No ·´Œ¦ 3 of 9 1...
INFO:chroma_service:PII detected and redacted in document split: E. CHANGE OF PAYMENT METHOD 5 ¸ü¸Ä¸¶¿î·½Ê½ 5 £¨ For Self-Employed Person only ƒHÏÞ×ÔƒlÈËÊ¿ £©...
INFO:chroma_service:PII detected and redacted in document split: If you would like to change the payment method in relation to direct debit 6, please download "Direc...
INFO:chroma_service:PII detected and redacted in document split: Form Centre ±í¸ñÖÐÐÄ...
INFO:chroma_service:PII detected and redacted in document split: 5 This part is not applicable for SHKP MPF Employer Sponsored Scheme. ´Ë²¿·Ö²»ßmÓÃì¶ÐÂµØŠ·e½ðƒlÖ÷ IÞkÓ‹„¡£ 6 The setu...
INFO:chroma_service:PII detected and redacted in document split: F. AUTHORIZATION AND DECLARATION ÊÚ™à¼°Â•Ã÷...
INFO:chroma_service:PII detected and redacted in document split: By signing this form, the Member ( "I" ) ÔÚºžÊð±¾±í¸ñ£¬³É†T ( ÏÂ·Q¡¸±¾ÈË¡¹) : 1....
INFO:chroma_service:PII detected and redacted in document split: I hereby confirm that I have received, read and understood the General Terms and Conditions of the e...
INFO:chroma_service:PII detected and redacted in document split: . I confirm that the information provided by me to the eMPF Platform / the Trustee(s) in this form i...
INFO:chroma_service:PII detected and redacted in document split: I agree to indemnify and keep the eMPF Platform / the Trustee(s) indemnified against any and all los...
INFO:chroma_service:PII detected and redacted in document split: Signature of Member ¨‹...
INFO:chroma_service:PII detected and redacted in document split: ³É†TºžÊð ¨‹ Date ÈÕÆÚ...
INFO:chroma_service:PII detected and redacted in document split: ¨‹ The signature should match with the signature specimen maintained by the eMPF Platform. If you are...
INFO:chroma_service:PII detected and redacted in document split: Centres. ºžÊð±ØíšÅc·e½ðÒ×Æ½Ì¨µÄºžÊð˜ÓÊ½Ïà·û¡£ÈçÄãŸo·¨Ìá¹©ÓÐÐ§µÄºžÊðÒÔ¹©ºËŒ£¬ÕˆÇ°Íù·e½ðÒ×·þ„ÕÖÐÐÄ¡£...
INFO:chroma_service:PII detected and redacted in document split: \u2726 Warning ¾¯¸æ : Pursuant to section 43E of the Mandatory Provident Fund Schemes Ordinance ( Cap...
INFO:chroma_service:PII detected and redacted in document split: . 485 ), a person who, in any document given to (i) the MPFA, (ii) a system operator of the eMPF Pla...
INFO:chroma_service:PII detected and redacted in document split: . A person who knowingly and wilfully makes ( otherwise than on oath ) a statement false in a materi...
INFO:chroma_service:PII detected and redacted in document split: . 200 ) and is liable on conviction to imprisonment for two years and to a fine. ¸ù“þ¡¶ŠÖÆÐÔ¹«·e½ðÓ‹„—lÀý¡·( µÚ 4...
INFO:chroma_service:PII detected and redacted in document split: Submission Channels ßf½»Í¾½...
INFO:chroma_service:PII detected and redacted in document split: Enquiries ²éÔƒ...
INFO:chroma_service:PII detected and redacted in document split: Post: PO Box 98929 Tsim Sha Tsui Post O\ufb03ce à]¼Ä : ¼âÉ³¾×à]Õþ¾Öà]ÕþÐÅÏä 98929 Ì–...
INFO:chroma_service:PII detected and redacted in document split: eMPF Customer Service Hotline ·e½ðÒ×¿Í‘ô·þ„ÕŸá¾€ : 183 2622...
INFO:chroma_service:PII detected and redacted in document split: Drop-in Box in any one of the eMPF Service Centres below ÏÂÁÐÈÎºÎÒ»ég·e½ðÒ×·þ„ÕÖÐÐÄµÄÍ¶ßfÏä...
INFO:chroma_service:PII detected and redacted in document split: Email address ëŠà]µØÖ· : enquiry@support.empf.org.hk...
INFO:chroma_service:PII detected and redacted in document split: Email address * ëŠà]µØÖ· * : forms@support.empf.org.hk...
INFO:chroma_service:PII detected and redacted in document split: Fax ‚÷Õæ : 3197 2922...
INFO:chroma_service:PII detected and redacted in document split: Fax * ‚÷Õæ * : 3197 2988...
INFO:chroma_service:PII detected and redacted in document split: Please do NOT submit duplicate copies to avoid duplication....
INFO:chroma_service:PII detected and redacted in document split: ÕˆÎðßf½»ÏàÍ¬±í¸ñ£¬ÒÔÃâÖØÑ}¡£...
INFO:chroma_service:PII detected and redacted in document split: eMPF Service Centres Address & Service Hours ·e½ðÒ×·þ„ÕÖÐÐÄµØÖ·¼°·þ„Õ•rég...
INFO:chroma_service:PII detected and redacted in document split: Hong Kong Island Ïã¸Ûu Unit 601B, 6/F, Dah Sing Financial Centre,...
INFO:chroma_service:PII detected and redacted in document split: Kowloon ¾Åýˆ Suites 1205-6, 12/F, Chinachem Golden Plaza,...
INFO:chroma_service:PII detected and redacted in document split: New Territories ÐÂ½ç Suite 1802A, 18/F, Tower 2, Nina Tower,...
INFO:chroma_service:PII detected and redacted in document split: No. 248 Queen's Road East, Wanchai, Hong Kong Ïã¸Ûž³×Ð»Êºó´óµÀ–| 248 Ì–´óÐÂ½ðÈÚÖÐÐÄ 6 ˜Ç 601B ÊÒ...
INFO:chroma_service:PII detected and redacted in document split: No. 77 Mody Road, Tsim Sha Tsui East, Kowloon ¾Åýˆ¼âÉ³¾×–|²¿üNµØµÀ 77 Ì–ÈAí®Vˆö 12 ˜Ç 1205-6 ÊÒ...
INFO:chroma_service:PII detected and redacted in document split: No. 8 Yeung Uk Road, Tsuen Wan, New Territories ÐÂ½çÜõž³—îÎÝµÀ 8 Ì–ÈçÐÄVˆöµÚ 2 ×ù 18 ˜Ç 1802A ÊÒ...
INFO:chroma_service:PII detected and redacted in document split: Service Hours ·þ„Õ•rég : Monday to Friday Saturday Sunday & Public Holiday...
INFO:chroma_service:PII detected and redacted in document split: ÐÇÆÚÒ»ÖÁÎå ÐÇÆÚÁù ÐÇÆÚÈÕ¼°¹«±Š¼ÙÆÚ...
INFO:chroma_service:PII detected and redacted in document split: 9:00 am ¨C 6:00 pm 9:00 am ¨C 1:00 pm Closed ÐÝÏ¢...
INFO:chroma_service:PII detected and redacted in document split: ÉÏÎç 9 •r ÖÁ ÏÂÎç 6 •r ÉÏÎç 9 •r ÖÁ ÏÂÎç 1 •r...
INFO:chroma_service:PII detected and redacted in document split: eMPF Customer Service Hotline Service Hours ·e½ðÒ×¿Í‘ô·þ„ÕŸá¾€·þ„Õ•rég...
INFO:chroma_service:PII detected and redacted in document split: Monday to Friday Saturday Sunday & Public Holiday...
INFO:chroma_service:PII detected and redacted in document split: ÐÇÆÚÒ»ÖÁÎå ÐÇÆÚÁù ÐÇÆÚÈÕ¼°¹«±Š¼ÙÆÚ...
INFO:chroma_service:PII detected and redacted in document split: 9:00 am ¨C 7:00 pm 9:00 am ¨C 1:00 pm Closed ÐÝÏ¢...
INFO:chroma_service:PII detected and redacted in document split: ÉÏÎç 9 •r ÖÁ ÏÂÎç 7 •r ÉÏÎç 9 •r ÖÁ ÏÂÎç 1 •r...
INFO:chroma_service:PII detected and redacted in document split: Not applicable for submission of certified true copy ( if any ). ²»ßmÓÃì¶ßf½»ÕJ×C¸±±¾ ( ÈçÓÐ )¡£...
INFO:chroma_service:PII detected and redacted in document split: APPENDIX A: LIST OF "PERSONAL INFORMATION COLLECTION STATEMENT" ( "PICS" ) OF THE eMPF PLATFORM AND ...
INFO:chroma_service:PII detected and redacted in document split: Below are the PICS of the eMPF Platform and the onboarded MPF schemes. Please download and read the ...
INFO:chroma_service:PII detected and redacted in document split: . ÏÂÁÐžé·e½ðÒ×Æ½Ì¨¼°ÒÑÞDÒÆÖÁ·e½ðÒ×Æ½Ì¨µÄŠ·e½ðÓ‹„µÄ¡¸Â•Ã÷¡¹¡£ÕˆžgÓ[·e ½ðÒ×Æ½Ì¨µÄ¾Wí“»ò’ßÃèÏàêP¶þ¾S´aÏÂÝd¼°Ô”é†·e½ðÒ×Æ½Ì¨¼°ÒÑÞDÒÆÖÁ·e½ðÒ×Æ½Ì¨µÄŠ·e½ðÓ‹„¡¸Â•Ã÷¡¹¡£ÄãÒà¿ÉÖÂëŠ·e½ðÒ×¿Í‘ô·þ„ÕŸá¾€ 18...
INFO:chroma_service:PII detected and redacted in document split: Personal Information Collection Statement of The eMPF Platform ·e½ðÒ×Æ½Ì¨ÊÕ¼¯‚€ÈËÙYÁÏÂ•Ã÷...
INFO:chroma_service:PII detected and redacted in document split: Link / QR Code ßB½Y¨u¶þ¾S´a...
INFO:chroma_service:PII detected and redacted in document split: The eMPF Platform ·e½ðÒ×Æ½Ì¨...
INFO:chroma_service:PII detected and redacted in document split: Personal Information Collection Statement of The Onboarded MPF Schemes ÒÑÞDÒÆÖÁ·e½ðÒ×Æ½Ì¨µÄŠ·e½ðÓ‹„ÊÕ¼¯‚€ÈËÙYÁÏÂ•Ã÷...
INFO:chroma_service:PII detected and redacted in document split: Scheme Name Ó‹„Ãû·Q...
INFO:chroma_service:PII detected and redacted in document split: Trustee Name ÊÜÓšÈËÃû·Q...
INFO:chroma_service:PII detected and redacted in document split: Scheme Onboarding Date Ó‹„ÞDÒÆÈÕÆÚ ( DD / MM / YYYY ÈÕ¨uÔÂ¨uÄê )...
INFO:chroma_service:PII detected and redacted in document split: Link / QR Code ßB½Y¨u¶þ¾S´a...
INFO:chroma_service:PII detected and redacted in document split: AIA MPF - Prime Value Choice ÓÑ°îŠ·e½ðƒžßxÓ‹„...
INFO:chroma_service:PII detected and redacted in document split: AIA Company (Trustee) Limited ÓÑ°î£¨ÐÅÓš£©ÓÐÏÞ¹«Ë¾...
INFO:chroma_service:PII detected and redacted in document split: AMTD MPF Scheme AMTD Š·e½ðÓ‹„...
INFO:chroma_service:PII detected and redacted in document split: Bank Consortium Trust Company Limited ãyÂ“ÐÅÓšÓÐÏÞ¹«Ë¾...
INFO:chroma_service:PII detected and redacted in document split: BCOM Joyful Retirement MPF Scheme ½»Í¨ãyÐÐÓäÓ¯ÍËÐÝŠ·e½ðÓ‹„...
INFO:chroma_service:PII detected and redacted in document split: Bank of Communications Trustee Limited ½»Í¨ãyÐÐÐÅÓšÓÐÏÞ¹«Ë¾...
INFO:chroma_service:PII detected and redacted in document split: BCT (MPF) Pro Choice BCT ·e½ðÖ®ßx...
INFO:chroma_service:PII detected and redacted in document split: Bank Consortium Trust Company Limited ãyÂ“ÐÅÓšÓÐÏÞ¹«Ë¾...
INFO:chroma_service:PII detected and redacted in document split: BCT Strategic MPF Scheme BCT Š·e½ð²ßÂÔÓ‹„...
INFO:chroma_service:PII detected and redacted in document split: BEA (MPF) Master Trust Scheme –|†£¨Š·e½ð£©¼¯³ÉÐÅÓšÓ‹„...
INFO:chroma_service:PII detected and redacted in document split: Bank of East Asia (Trustees) Limited –|†ãyÐÐ£¨ÐÅÓš£©ÓÐÏÞ¹«Ë¾...
INFO:chroma_service:PII detected and redacted in document split: BEA (MPF) Value Scheme –|†£¨Š·e½ð£©Ïí»ÝÓ‹„...
INFO:chroma_service:PII detected and redacted in document split: BOC-Prudential Easy-Choice Mandatory Provident Fund Scheme ÖÐãy±£Õ\º†Ò×Š·e½ðÓ‹„...
INFO:chroma_service:PII detected and redacted in document split: BOCI-Prudential Trustee Limited ÖÐãy‡øëHÓ¢‡ø±£Õ\ÐÅÓšÓÐÏÞ¹«Ë¾...
INFO:chroma_service:PII detected and redacted in document split: China Life MPF Master Trust Scheme ÖÐ‡øÈË‰ÛŠ·e½ð¼¯³ÉÐÅÓšÓ‹„...
INFO:chroma_service:PII detected and redacted in document split: China Life Trustees Limited ÖÐ‡øÈË‰ÛÐÅÓšÓÐÏÞ¹«Ë¾...
INFO:chroma_service:PII detected and redacted in document split: Manulife RetireChoice (MPF) Scheme ºêÀûÍËÐÝ¾«ßx£¨Š·e½ð£©Ó‹„...
INFO:chroma_service:PII detected and redacted in document split: Bank Consortium Trust Company Limited ãyÂ“ÐÅÓšÓÐÏÞ¹«Ë¾...
INFO:chroma_service:PII detected and redacted in document split: MASS Mandatory Provident Fund Scheme ÈfÈ«ŠÖÆÐÔ¹«·e½ðÓ‹„...
INFO:chroma_service:PII detected and redacted in document split: YF Life Trustees Limited ÈfÍ¨ÐÅÓšÓÐÏÞ¹«Ë¾...
INFO:chroma_service:PII detected and redacted in document split: My Choice Mandatory Provident Fund Scheme ÎÒµÄŠ·e½ðÓ‹„...
INFO:chroma_service:PII detected and redacted in document split: BOCI-Prudential Trustee Limited ÖÐãy‡øëHÓ¢‡ø±£Õ\ÐÅÓšÓÐÏÞ¹«Ë¾...
INFO:chroma_service:PII detected and redacted in document split: Personal Information Collection Statement of The Onboarded MPF Schemes ÒÑÞDÒÆÖÁ·e½ðÒ×Æ½Ì¨µÄŠ·e½ðÓ‹„ÊÕ¼¯‚€ÈËÙYÁÏÂ•Ã÷...
INFO:chroma_service:PII detected and redacted in document split: Scheme Name Ó‹„Ãû·Q...
INFO:chroma_service:PII detected and redacted in document split: Trustee Name ÊÜÓšÈËÃû·Q...
INFO:chroma_service:PII detected and redacted in document split: Scheme Onboarding Date Ó‹„ÞDÒÆÈÕÆÚ ( DD / MM / YYYY ÈÕ¨uÔÂ¨uÄê )...
INFO:chroma_service:PII detected and redacted in document split: Link / QR Code ßB½Y¨u¶þ¾S´a...
INFO:chroma_service:PII detected and redacted in document split: Principal MPF ¨C Simple Plan ÐÅ°²Š·e½ð ¨C Ò×¸»Ö®ßx...
INFO:chroma_service:PII detected and redacted in document split: Principal MPF ¨C Smart Plan ÐÅ°²Š·e½ð ¨C Ã÷ÖÇÖ®ßx...
INFO:chroma_service:PII detected and redacted in document split: Principal Trust Company (Asia) Limited ÐÅ°²ÐÅÓš£¨†ÖÞ£©ÓÐÏÞ¹«Ë¾...
INFO:chroma_service:PII detected and redacted in document split: Principal MPF Scheme Series 800 ÐÅ°²Š·e½ðÓ‹„ 800 ÏµÁÐ...
INFO:chroma_service:PII detected and redacted in document split: SHKP MPF Employer Sponsored Scheme ÐÂµØŠ·e½ðƒlÖ÷ IÞkÓ‹„...
INFO:chroma_service:PII detected and redacted in document split: Standard Chartered Trustee (Hong Kong) Limited Ôü´òÐÅÓš ( Ïã¸Û ) ÓÐÏÞ¹«Ë¾...
INFO:chroma_service:PII detected and redacted in document split: APPENDIX B: LIST OF REQUIRED DOCUMENT(S) FOR MEMBER INFORMATION CHANGE ¸½ä› B: ³É†T¸ü¸ÄÙYÁÏËùÐèÎÄ¼þÁÐ±í...
INFO:chroma_service:PII detected and redacted in document split: Change Items ¸ü¸Äí—Ä¿ ( Please refer to List of Required Documents table below for document code details...
INFO:chroma_service:PII detected and redacted in document split: Scheme Name Ó‹„Ãû·Q...
INFO:chroma_service:PII detected and redacted in document split: (1) Member Name ³É†TÃû·Q...
INFO:chroma_service:PII detected and redacted in document split: (2) HKID Card / Passport No. Ïã¸ÛÉí·Ý×C¨u ×oÕÕÌ–´a...
INFO:chroma_service:PII detected and redacted in document split: (3) Date of Birth ³öÉúÈÕÆÚ...
INFO:chroma_service:PII detected and redacted in document split: (4) Nationality ‡ø¼®...
INFO:chroma_service:PII detected and redacted in document split: (5) Signature Specimen ¦¸ ºžÊð˜ÓÊ½...
INFO:chroma_service:PII detected and redacted in document split: AIA MPF - Prime Value Choice ÓÑ°îŠ·e½ðƒžßxÓ‹„...
INFO:chroma_service:PII detected and redacted in document split: A1, A2, A3 ( if applicable ÈçßmÓÃ )...
INFO:chroma_service:PII detected and redacted in document split: AMTD MPF Scheme AMTD Š·e½ðÓ‹„...
INFO:chroma_service:PII detected and redacted in document split: A3, B1, B2 ( if applicable ÈçßmÓÃ )...
INFO:chroma_service:PII detected and redacted in document split: BCOM Joyful Retirement MPF Scheme ½»Í¨ãyÐÐÓäÓ¯ÍËÐÝŠ·e½ðÓ‹„...
INFO:chroma_service:PII detected and redacted in document split: BCT (MPF) Pro Choice BCT ·e½ðÖ®ßx...
INFO:chroma_service:PII detected and redacted in document split: BCT Strategic MPF Scheme BCT Š·e½ð²ßÂÔÓ‹„...
INFO:chroma_service:PII detected and redacted in document split: A3, B1, B2 ( if applicable ÈçßmÓÃ )...
INFO:chroma_service:PII detected and redacted in document split: BEA (MPF) Master Trust Scheme –|†£¨Š·e½ð£©¼¯³ÉÐÅÓšÓ‹„...
INFO:chroma_service:PII detected and redacted in document split: BEA (MPF) Value Scheme –|†©vŠ·e½ð©wÏí»ÝÓ‹„...
INFO:chroma_service:PII detected and redacted in document split: BOC-Prudential Easy-Choice Mandatory Provident Fund Scheme ÖÐãy±£Õ\º†Ò×Š·e½ðÓ‹„...
INFO:chroma_service:PII detected and redacted in document split: A1, A2, A3 ( if applicable ÈçßmÓÃ )...
INFO:chroma_service:PII detected and redacted in document split: China Life MPF Master Trust Scheme ÖÐ‡øÈË‰ÛŠ·e½ð¼¯³ÉÐÅÓšÓ‹„...
INFO:chroma_service:PII detected and redacted in document split: Manulife RetireChoice (MPF) Scheme ºêÀûÍËÐÝ¾«ßx£¨Š·e½ð£©Ó‹„...
INFO:chroma_service:PII detected and redacted in document split: A3, B1, B2 ( if applicable ÈçßmÓÃ )...
INFO:chroma_service:PII detected and redacted in document split: MASS Mandatory Provident Fund Scheme ÈfÈ«ŠÖÆÐÔ¹«·e½ðÓ‹„...
INFO:chroma_service:PII detected and redacted in document split: My Choice Mandatory Provident Fund Scheme ÎÒµÄŠ·e½ðÓ‹„...
INFO:chroma_service:PII detected and redacted in document split: A1, A2, A3 ( if applicable ÈçßmÓÃ )...
INFO:chroma_service:PII detected and redacted in document split: Principal MPF ¨C Simple Plan ÐÅ°²Š·e½ð ¨C Ò×¸»Ö®ßx...
INFO:chroma_service:PII detected and redacted in document split: Principal MPF ¨C Smart Plan ÐÅ°²Š·e½ð ¨C Ã÷ÖÇÖ®ßx...
INFO:chroma_service:PII detected and redacted in document split: A1, A2, A3 ( if applicable ÈçßmÓÃ )...
INFO:chroma_service:PII detected and redacted in document split: Principal MPF Scheme Series 800 ÐÅ°²Š·e½ðÓ‹„ 800 ÏµÁÐ...
INFO:chroma_service:PII detected and redacted in document split: SHKP MPF Employer Sponsored Scheme ÐÂµØŠ·e½ðƒlÖ÷ IÞkÓ‹„...
INFO:chroma_service:PII detected and redacted in document split: (i) A1 and ¼° , (ii) A2 and / or ¼°¨u »ò A3 ( if applicable ÈçßmÓÃ )...
INFO:chroma_service:PII detected and redacted in document split: ¦¸ If member fails to provide the signature that matches with the signature specimen of the eMPF Plat...
INFO:chroma_service:PII detected and redacted in document split: ¡ø For an employee member, please provide a copy. If not, please provide a certified true copy. ÈçŒÙƒl†T³É...
INFO:chroma_service:PII detected and redacted in document split: List of Required Documents ^ ËùÐèÎÄ¼þÁÐ±í ^...
INFO:chroma_service:PII detected and redacted in document split: Document Types ÎÄ¼þî„e...
INFO:chroma_service:PII detected and redacted in document split: Copy ¸±±¾...
INFO:chroma_service:PII detected and redacted in document split: Certi\ufb01ed True Copy...
INFO:chroma_service:PII detected and redacted in document split: ¨Œ ÕJ×C¸±±¾ ¨Œ...
INFO:chroma_service:PII detected and redacted in document split: Identity Proof Document Éí·Ö×CÃ÷ÎÄ¼þ ( e.g. HKID Card / Passport ÀýÈçÏã¸ÛÉí·Ý×C¨u×oÕÕ )...
INFO:chroma_service:PII detected and redacted in document split: Deed Poll ¸ÄÃûÆõ...
INFO:chroma_service:PII detected and redacted in document split: Marriage Certificate / Legal Documents issued by Family Court ( for divorce case ) ½Y»é×C•ø¨u ¼ÒÊÂ·¨Í¥°l³öµÄ·¨¶¨ÎÄ¼þ...
INFO:chroma_service:PII detected and redacted in document split: Statutory Declaration of the Relevant Change ÏàêP¸ü¸ÄµÄ·¨¶¨Â•Ã÷...
INFO:chroma_service:PII detected and redacted in document split: ^ Apart from the above required documents, additional documents may be requested on a case-by-case b...
INFO:chroma_service:PII detected and redacted in document split: . ³ýÉÏÊöËùÐèÎÄ¼þÍâ£¬·e½ðÒ×Æ½Ì¨•þ¸ù“þ¾ßówÇé›rÒªÇóÌá¹©î~ÍâÎÄ¼þ¡£ÈçÎ´ÄÜÌá¹©ËùÐèÎÄ¼þ£¬·e½ðÒ× Æ½Ì¨Œ¢Ÿo·¨Ìá¹©ëSááµÄŠ·e½ðÏàêP·þ„Õ¡£ Certified true copies should be cer...
INFO:chroma_service:PII detected and redacted in document split: ¨uÂÉŽŸ¨u¹«×CÈË¨uŒ£˜I¹«Ë¾ÃØ•ø£»»ò...
INFO:chroma_service:PII detected and redacted in document split: (ii) a person from any designated channel(s) acceptable by the Trustee(s) of the Scheme(s). For deta...
INFO:chroma_service:PII detected and redacted in document split: ¿ÉµÄÖ¸¶¨ÈËÊ¿£¬ÕˆÍ¸ß^ÊÜÓšÈË¾Wí“¨uŸá¾€Â“½jÊÜÓšÈË²éÔƒÔ”Çé¡£...
INFO:root:File MPF SCHEME - MEMBER INFORMATION CHANGE FORM_signed.pdf uploaded and indexed with file_id 63
INFO:sentence_transformers.SentenceTransformer:Use pytorch device_name: cpu
INFO:sentence_transformers.SentenceTransformer:Load pretrained SentenceTransformer: sentence-transformers/all-MiniLM-L6-v2
INFO:chromadb.telemetry.product.posthog:Anonymized telemetry enabled. See                     https://docs.trychroma.com/telemetry for more information.
INFO:sentence_transformers.SentenceTransformer:Use pytorch device_name: cpu
INFO:sentence_transformers.SentenceTransformer:Load pretrained SentenceTransformer: sentence-transformers/all-MiniLM-L6-v2
INFO:sentence_transformers.SentenceTransformer:Use pytorch device_name: cpu
INFO:sentence_transformers.SentenceTransformer:Load pretrained SentenceTransformer: sentence-transformers/all-MiniLM-L6-v2
INFO:pikepdf._core:pikepdf C++ to Python logger bridge initialized
WARNING:pdfminer.pdfpage:The PDF <_io.BufferedReader name='temp_MPF SCHEME - MEMBER INFORMATION CHANGE FORM.pdf'> contains a metadata field indicating that it should not allow text extraction. Ignoring this field and proceeding. Use the check_extractable if you want to raise an error in this case
INFO:chroma_service:PII detected and redacted in document split: Internal use only ƒÈ²¿Œ£ÓÃ...
INFO:chroma_service:PII detected and redacted in document split: Go Green with E-Submission for E\ufb03ciency žé¸üÓÐÐ§ÂÊ ÕˆÊ¹ÓÃëŠ×Ó±í¸ñ...
INFO:chroma_service:PII detected and redacted in document split: eMPF Received Date:...
INFO:chroma_service:PII detected and redacted in document split: MPF SCHEME ¨C MEMBER INFORMATION CHANGE FORM Š·e½ðÓ‹„ £­ ³É†T¸ü¸ÄÙYÁÏ±í¸ñ...
INFO:chroma_service:PII detected and redacted in document split: eMPF Web Portal ·e½ðÒ×¾WÉÏÆ½Ì¨...
INFO:chroma_service:PII detected and redacted in document split: Important Notes ÖØÒªÊÂí— : 1. Please read the following notes before completing this form. Õˆì¶ÌîŒ‘±¾±í¸ñÇ°…¢é†ÒÔÏÂ×¢...
INFO:chroma_service:PII detected and redacted in document split: eMPF Platform Company Limited ( "eMPF Company" ), a wholly owned subsidiary of the Mandatory Provide...
INFO:chroma_service:PII detected and redacted in document split: . For details, please refer to the Appendix A: List of "Personal Information Collection Statement" (...
INFO:chroma_service:PII detected and redacted in document split: . If not, please submit your request via eMPF Member Portal or visit eMPF Service Centre to provide ...
INFO:chroma_service:PII detected and redacted in document split: General Terms and Conditions of the eMPF Platform ·e½ðÒ×Æ½Ì¨ Ò»°ã—l¿î¼°¼š„t...
INFO:chroma_service:PII detected and redacted in document split: (iii) The "Scheme(s)" refers to the MPF Scheme(s) which is / are listed in Part A of this form. For ...
INFO:chroma_service:PII detected and redacted in document split: A ²¿·ÖËùÁÐµÄŠ·e½ðÓ‹„¡£Ô”ÇéÕˆ…¢é†¸½ä› A¡£...
INFO:chroma_service:PII detected and redacted in document split: (iv) The "Trustee(s)" refers to the trustee(s) which is / are associated with the Scheme(s) listed i...
INFO:chroma_service:PII detected and redacted in document split: A.¡¸ÊÜÓšÈË¡¹Ö¸ì¶±¾±í¸ñ A ²¿·ÖËùÁÐµÄÓ‹„ÆäÏàêPÊÜÓšÈË£¬Ô”ÇéÕˆ…¢é†¸½ä› A¡£ The "Member" refers to the individual whose details are set ...
INFO:chroma_service:PII detected and redacted in document split: (v) The changes provided in this form will supersede any previous information which has been kept by...
INFO:chroma_service:PII detected and redacted in document split: 3. You must notify the eMPF Platform within 30 days via accessing eMPF Member Portal, or completing ...
INFO:chroma_service:PII detected and redacted in document split: . ÈçÄãµÄ‚€ÈËÙYÁÏ ( °üÀ¨µ«²»ÏÞì¶³É†TÐÕÃû¡¢Éí·Ö×CÃ÷ÎÄ¼þÌ–´a¡¢³öÉúÈÕÆÚ¡¢¾Ó×¡µØÖ·¡¢Í¨ÓµØÖ·¼°¶„Õ¾ÓÁôË¾·¨¹ÜÝ …^ ) ÓÐÈÎºÎ×ƒ¸ü ¶øŒ§ÖÂ¶„Õ¾ÓÃñÉí·Ö×ÔÎÒ×CÃ÷²»Õý´_¡¢²»œÊ´_»ò²»ÍêÕû£¬Äã±ØíšÔÚ×ƒ¸üááµÄ 3...
INFO:chroma_service:PII detected and redacted in document split: 4. Please complete this form in BLOCK LETTERS with black or blue pen and tick the appropriate box(es...
INFO:chroma_service:PII detected and redacted in document split: The signature ( including countersign ) in this form should match with the signature specimen of the...
INFO:chroma_service:PII detected and redacted in document split: . If there are any omissions ( including but not limited to missing page(s) / supporting document(s)...
INFO:chroma_service:PII detected and redacted in document split: . For details, please refer to the Appendix A. If you wish to update the use of your personal data f...
INFO:chroma_service:PII detected and redacted in document split: A. MEMBER PARTICULARS ³É†TÙYÁÏ...
INFO:chroma_service:PII detected and redacted in document split: (1) Member Account(s) Required To Be Updated ÐèÒª¸ü¸ÄµÄ³É†TŽ¤‘ô ( Please select option (i) OR (ii) and tick a...
INFO:chroma_service:PII detected and redacted in document split: (i) All my MPF accounts under the eMPF Platform ì¶·e½ðÒ×Æ½Ì¨ÏÂ±¾ÈËËùÓÐŠ·e½ðŽ¤‘ô...
INFO:chroma_service:PII detected and redacted in document split: (ii) My specific account under the eMPF Platform listed as below ·e½ðÒ×Æ½Ì¨ÏÂÏÂÁÐ±¾ÈËÖ¸¶¨µÄŠ·e½ðŽ¤‘ô...
INFO:chroma_service:PII detected and redacted in document split: ( Please fill in additional form(s) if you have more than 1 account under the same scheme or differe...
INFO:chroma_service:PII detected and redacted in document split: a. Scheme Name Ó‹„Ãû·Q ( Please refer to the Appendix A Õˆ…¢é†¸½ä› A )...
INFO:chroma_service:PII detected and redacted in document split: b. Member Account No. ³É†TŽ¤‘ôÌ–´a...
INFO:chroma_service:PII detected and redacted in document split: (2) Member Name ³É†TÃû·Q ( As shown on HKID Card / Passport ÅcÏã¸ÛÉí·Ý×C¨u×oÕÕÉÏµÄÐÕÃûÏàÍ¬ )...
INFO:chroma_service:PII detected and redacted in document split: (3) Identi\ufb01cation Éí·Ö×CÃ÷...
INFO:chroma_service:PII detected and redacted in document split: HKID Card Ïã¸ÛÉí·Ý×C...
INFO:chroma_service:PII detected and redacted in document split: Passport ×oÕÕ ( Applicable ONLY for an individual without HKID Card ƒH¹©›]ÓÐÏã¸ÛÉí·Ý×CÈËÊ¿ÌîŒ‘ )...
INFO:chroma_service:PII detected and redacted in document split: Document No. ×C¼þÌ–´a...
INFO:chroma_service:PII detected and redacted in document split: B. CHANGE OF MEMBER PARTICULARS 1 ¸ü¸Ä³É†TÙYÁÏ 1 ( Complete only those details to be changed Ö»ÐèÌîŒ‘Ðè¸ü¸ÄµÄÙYÁÏ )...
INFO:chroma_service:PII detected and redacted in document split: (1) Change of Contact Information ¸ü¸ÄÂ“½jÙYÁÏ...
INFO:chroma_service:PII detected and redacted in document split: (i) New Address ÐÂµØÖ·...
INFO:chroma_service:PII detected and redacted in document split: Please tick the appropriate type and provide the relevant information. ÕˆÔÚßm®”·½¸ñÌîÉÏÌÞÌ–KÌá¹©ÏàêPÙYÁÏ¡£...
INFO:chroma_service:PII detected and redacted in document split: Address Type µØÖ·î„e...
INFO:chroma_service:PII detected and redacted in document split: Residential Address 2 & 3 ¾Ó×¡µØÖ· 2 ¼° 3...
INFO:chroma_service:PII detected and redacted in document split: Correspondence Address Í¨ÓµØÖ·...
INFO:chroma_service:PII detected and redacted in document split: Please provide either English OR Chinese Address. If the space provided below is insu\ufb03cient, please ...
INFO:chroma_service:PII detected and redacted in document split: Flat / Room †ÎÎ»¨uÊÒ...
INFO:chroma_service:PII detected and redacted in document split: Floor ŒÓ”µ Block ×ù...
INFO:chroma_service:PII detected and redacted in document split: Building / Estate ´óB¨uÎÝÔ·...
INFO:chroma_service:PII detected and redacted in document split: Street ( Street No. and Street Name ) ½ÖµÀ ( ½ÖÌ–¼°½ÖµÀÃû·Q )...
INFO:chroma_service:PII detected and redacted in document split: District Area …^Óò...
INFO:chroma_service:PII detected and redacted in document split: Hong Kong Ïã¸Û...
INFO:chroma_service:PII detected and redacted in document split: Kowloon ¾Åýˆ...
INFO:chroma_service:PII detected and redacted in document split: New Territories...
INFO:chroma_service:PII detected and redacted in document split: ÐÂ½ç ¡ô City ³ÇÊÐ ¡ô ¡ô...
INFO:chroma_service:PII detected and redacted in document split: Country ‡ø¼Ò...
INFO:chroma_service:PII detected and redacted in document split: ¡ô¨uµØ…^ ¡ô...
INFO:chroma_service:PII detected and redacted in document split: Postal code à]Õþ¾ŽÌ–...
INFO:chroma_service:PII detected and redacted in document split: Applicable to address outside Hong Kong only Ö»ßmÓÃì¶Ïã¸ÛÒÔÍâµØÖ·...
INFO:chroma_service:PII detected and redacted in document split: (ii) New Telephone Nos. ÐÂëŠÔ’Ì–´a...
INFO:chroma_service:PII detected and redacted in document split: Mobile Phone No. ÊÖÌáëŠÔ’Ì–´a...
INFO:chroma_service:PII detected and redacted in document split: Secondary Telephone No. µÚ¶þÂ“½jëŠÔ’Ì–´a...
INFO:chroma_service:PII detected and redacted in document split: ( Country / Area Code # ‡ø¼Ò¨uµØ…^¾ŽÌ– # )...
INFO:chroma_service:PII detected and redacted in document split: ( Country / Area Code # ‡ø¼Ò¨uµØ…^¾ŽÌ– # )...
INFO:chroma_service:PII detected and redacted in document split: # SMS ( if applicable ) will be sent to Hong Kong mobile phone no. only. If no country / area code i...
INFO:chroma_service:PII detected and redacted in document split: (iii) New Email Address ÐÂëŠà]µØÖ·...
INFO:chroma_service:PII detected and redacted in document split: (2) Correction of Date of Birth 3 & 4 ¸üÕý³öÉúÈÕÆÚ 3 ¼° 4...
INFO:chroma_service:PII detected and redacted in document split: Date of Birth ³öÉúÈÕÆÚ...
INFO:chroma_service:PII detected and redacted in document split: (3) Change / Correction of Identi\ufb01cation 3 ¸ü¸Ä¨u¸üÕýÉí·Ö×CÃ÷ 3...
INFO:chroma_service:PII detected and redacted in document split: HKID Card Ïã¸ÛÉí·Ý×C...
INFO:chroma_service:PII detected and redacted in document split: Passport ×oÕÕ ( Applicable ONLY for an individual without HKID Card ƒH¹©›]ÓÐÏã¸ÛÉí·Ý×CÈËÊ¿ÌîŒ‘ )...
INFO:chroma_service:PII detected and redacted in document split: Document No. ×C¼þÌ–´a...
INFO:chroma_service:PII detected and redacted in document split: (4) Change of Nationality 3 ¸ü¸Ä‡ø¼® 3...
INFO:chroma_service:PII detected and redacted in document split: Nationality ‡ø¼®...
INFO:chroma_service:PII detected and redacted in document split: (5) Change / Correction of Name 3 and / or Signature Specimen 3 ¸ü¸Ä¨u¸üÕýÐÕÃû 3 ¼°¨u»òºžÊð˜ÓÊ½ 3...
INFO:chroma_service:PII detected and redacted in document split: (i) Member Name ³É†TÃû·Q ( As shown on HKID Card / Passport ÅcÏã¸ÛÉí·Ý×C¨u×oÕÕÉÏµÄÐÕÃûÏàÍ¬ )...
INFO:chroma_service:PII detected and redacted in document split: Surname in English Ó¢ÎÄÐÕÊÏ...
INFO:chroma_service:PII detected and redacted in document split: Given Name in English Ó¢ÎÄÃû×Ö...
INFO:chroma_service:PII detected and redacted in document split: Name in Chinese ÖÐÎÄÐÕÃû...
INFO:chroma_service:PII detected and redacted in document split: ( Surname ÐÕÊÏ )...
INFO:chroma_service:PII detected and redacted in document split: ( Given Name Ãû×Ö )...
INFO:chroma_service:PII detected and redacted in document split: (ii) New Signature Specimen ÐÂºžÊð˜ÓÊ½...
INFO:chroma_service:PII detected and redacted in document split: 1 For employee member, if you / your employer wish(es) to update member particulars in relation to y...
INFO:chroma_service:PII detected and redacted in document split: 2 P.O. Box address is not accepted. Ë¡²»½ÓÊÜà]ÕþÐÅÏäµØÖ·¡£ 3 Please refer to Appendix B for the required docume...
INFO:chroma_service:PII detected and redacted in document split: subsequent MPF related services. Õˆ…¢é†¸½ä› B ÒÔÌá¹©¸ü¸ÄÙYÁÏËùÐèÎÄ¼þ¡£ÈçÎ´ÄÜÌá¹©ËùÐèÎÄ¼þ£¬·e½ðÒ×Æ½Ì¨Œ¢Ÿo·¨Ìá¹©ëSááµÄŠ·e½ðÏàêP·þ„Õ¡£...
INFO:chroma_service:PII detected and redacted in document split: If you have invested in the Default Investment Strategy, according to the automatic de-risking mecha...
INFO:chroma_service:PII detected and redacted in document split: C. CHANGE OF COMMUNICATION MEANS OF THE SCHEME ¸ü¸ÄÓ‹„µÄÍ¨ÓÍ¾½...
INFO:chroma_service:PII detected and redacted in document split: I hereby withdraw the consent to receive, inter alia, notices or other documents by electronic means...
INFO:chroma_service:PII detected and redacted in document split: . I understand and agree that such withdrawal (i) will be irrevocable; (ii) ( applicable if I have r...
INFO:chroma_service:PII detected and redacted in document split: and until my consent given to eMPF Platform Company is revoked; and (iii) will not have any impact o...
INFO:chroma_service:PII detected and redacted in document split: . ±¾ÈËÖ”´Ë³·»ØÏÈÇ°°üÀ¨¾Í¡¶ŠÖÆÐÔ¹«·e½ðÓ‹„£¨Ò»°ã£©ÒŽÀý¡·µÚ 206(2) —lÒÔëŠ×Ó·½Ê½½ÓÊÕÏàêPÍ¨Öª»ò ÆäËûÎÄ¼þµÄÍ¬Òâ£¬ßmÓÃì¶ ( ÈçÉÏËùÊ¾ ) ±¾ÈËËùÓÐÓÉ·e½ðÒ×Æ½Ì¨ÓÐÏÞ¹«Ë¾¹ÜÀíµÄŠ·e½ðŽ¤‘ô£¬»òÉÏÊöÖ¸...
INFO:chroma_service:PII detected and redacted in document split: Terms and Conditions for Receiving Notices, Documents and Other Communications by Electronic Means ÒÔ...
INFO:chroma_service:PII detected and redacted in document split: D. DIRECT MARKETING CONSENT OF THE SCHEME Ó‹„µÄÖ±½Ó´ÙäNÒâÏò...
INFO:chroma_service:PII detected and redacted in document split: You agree to (i) provide your consent for eMPF Platform Company Limited to transfer your personal da...
INFO:chroma_service:PII detected and redacted in document split: . ÄãÍ¬Òâ (a) ·e½ðÒ×Æ½Ì¨ÓÐÏÞ¹«Ë¾¸ù“þÆä‚€ÈËÙYÁÏÊÕ¼¯Â•Ã÷¼°ÄãËùµÇÓ›µÄŠ·e½ðÓ‹„ÊÜÓšÈË¸ù“þÆä‚€ÈËÙYÁÏÊÕ¼¯Â•Ã÷²¿·Ö (i) ÞDÒÆÄãµÄ‚€ÈËÙYÁÏÓèÄãËù µÇÓ›µÄŠ·e½ðÓ‹„µÄÊÜÓšÈË£¬¼° (ii) Ô“ÊÜÓšÈËÞDÒÆ...
INFO:chroma_service:PII detected and redacted in document split: Yes Í¬Òâ No ·´Œ¦ 3 of 9 1...
INFO:chroma_service:PII detected and redacted in document split: E. CHANGE OF PAYMENT METHOD 5 ¸ü¸Ä¸¶¿î·½Ê½ 5 £¨ For Self-Employed Person only ƒHÏÞ×ÔƒlÈËÊ¿ £©...
INFO:chroma_service:PII detected and redacted in document split: If you would like to change the payment method in relation to direct debit 6, please download "Direc...
INFO:chroma_service:PII detected and redacted in document split: Form Centre ±í¸ñÖÐÐÄ...
INFO:chroma_service:PII detected and redacted in document split: 5 This part is not applicable for SHKP MPF Employer Sponsored Scheme. ´Ë²¿·Ö²»ßmÓÃì¶ÐÂµØŠ·e½ðƒlÖ÷ IÞkÓ‹„¡£ 6 The setu...
INFO:chroma_service:PII detected and redacted in document split: F. AUTHORIZATION AND DECLARATION ÊÚ™à¼°Â•Ã÷...
INFO:chroma_service:PII detected and redacted in document split: By signing this form, the Member ( "I" ) ÔÚºžÊð±¾±í¸ñ£¬³É†T ( ÏÂ·Q¡¸±¾ÈË¡¹) : 1....
INFO:chroma_service:PII detected and redacted in document split: I hereby confirm that I have received, read and understood the General Terms and Conditions of the e...
INFO:chroma_service:PII detected and redacted in document split: . I confirm that the information provided by me to the eMPF Platform / the Trustee(s) in this form i...
INFO:chroma_service:PII detected and redacted in document split: I agree to indemnify and keep the eMPF Platform / the Trustee(s) indemnified against any and all los...
INFO:chroma_service:PII detected and redacted in document split: Signature of Member ¨‹...
INFO:chroma_service:PII detected and redacted in document split: ³É†TºžÊð ¨‹ Date ÈÕÆÚ...
INFO:chroma_service:PII detected and redacted in document split: ¨‹ The signature should match with the signature specimen maintained by the eMPF Platform. If you are...
INFO:chroma_service:PII detected and redacted in document split: Centres. ºžÊð±ØíšÅc·e½ðÒ×Æ½Ì¨µÄºžÊð˜ÓÊ½Ïà·û¡£ÈçÄãŸo·¨Ìá¹©ÓÐÐ§µÄºžÊðÒÔ¹©ºËŒ£¬ÕˆÇ°Íù·e½ðÒ×·þ„ÕÖÐÐÄ¡£...
INFO:chroma_service:PII detected and redacted in document split: \u2726 Warning ¾¯¸æ : Pursuant to section 43E of the Mandatory Provident Fund Schemes Ordinance ( Cap...
INFO:chroma_service:PII detected and redacted in document split: . 485 ), a person who, in any document given to (i) the MPFA, (ii) a system operator of the eMPF Pla...
INFO:chroma_service:PII detected and redacted in document split: . A person who knowingly and wilfully makes ( otherwise than on oath ) a statement false in a materi...
INFO:chroma_service:PII detected and redacted in document split: . 200 ) and is liable on conviction to imprisonment for two years and to a fine. ¸ù“þ¡¶ŠÖÆÐÔ¹«·e½ðÓ‹„—lÀý¡·( µÚ 4...
INFO:chroma_service:PII detected and redacted in document split: Submission Channels ßf½»Í¾½...
INFO:chroma_service:PII detected and redacted in document split: Enquiries ²éÔƒ...
INFO:chroma_service:PII detected and redacted in document split: Post: PO Box 98929 Tsim Sha Tsui Post O\ufb03ce à]¼Ä : ¼âÉ³¾×à]Õþ¾Öà]ÕþÐÅÏä 98929 Ì–...
INFO:chroma_service:PII detected and redacted in document split: eMPF Customer Service Hotline ·e½ðÒ×¿Í‘ô·þ„ÕŸá¾€ : 183 2622...
INFO:chroma_service:PII detected and redacted in document split: Drop-in Box in any one of the eMPF Service Centres below ÏÂÁÐÈÎºÎÒ»ég·e½ðÒ×·þ„ÕÖÐÐÄµÄÍ¶ßfÏä...
INFO:chroma_service:PII detected and redacted in document split: Email address ëŠà]µØÖ· : enquiry@support.empf.org.hk...
INFO:chroma_service:PII detected and redacted in document split: Email address * ëŠà]µØÖ· * : forms@support.empf.org.hk...
INFO:chroma_service:PII detected and redacted in document split: Fax ‚÷Õæ : 3197 2922...
INFO:chroma_service:PII detected and redacted in document split: Fax * ‚÷Õæ * : 3197 2988...
INFO:chroma_service:PII detected and redacted in document split: Please do NOT submit duplicate copies to avoid duplication....
INFO:chroma_service:PII detected and redacted in document split: ÕˆÎðßf½»ÏàÍ¬±í¸ñ£¬ÒÔÃâÖØÑ}¡£...
INFO:chroma_service:PII detected and redacted in document split: eMPF Service Centres Address & Service Hours ·e½ðÒ×·þ„ÕÖÐÐÄµØÖ·¼°·þ„Õ•rég...
INFO:chroma_service:PII detected and redacted in document split: Hong Kong Island Ïã¸Ûu Unit 601B, 6/F, Dah Sing Financial Centre,...
INFO:chroma_service:PII detected and redacted in document split: Kowloon ¾Åýˆ Suites 1205-6, 12/F, Chinachem Golden Plaza,...
INFO:chroma_service:PII detected and redacted in document split: New Territories ÐÂ½ç Suite 1802A, 18/F, Tower 2, Nina Tower,...
INFO:chroma_service:PII detected and redacted in document split: No. 248 Queen's Road East, Wanchai, Hong Kong Ïã¸Ûž³×Ð»Êºó´óµÀ–| 248 Ì–´óÐÂ½ðÈÚÖÐÐÄ 6 ˜Ç 601B ÊÒ...
INFO:chroma_service:PII detected and redacted in document split: No. 77 Mody Road, Tsim Sha Tsui East, Kowloon ¾Åýˆ¼âÉ³¾×–|²¿üNµØµÀ 77 Ì–ÈAí®Vˆö 12 ˜Ç 1205-6 ÊÒ...
INFO:chroma_service:PII detected and redacted in document split: No. 8 Yeung Uk Road, Tsuen Wan, New Territories ÐÂ½çÜõž³—îÎÝµÀ 8 Ì–ÈçÐÄVˆöµÚ 2 ×ù 18 ˜Ç 1802A ÊÒ...
INFO:chroma_service:PII detected and redacted in document split: Service Hours ·þ„Õ•rég : Monday to Friday Saturday Sunday & Public Holiday...
INFO:chroma_service:PII detected and redacted in document split: ÐÇÆÚÒ»ÖÁÎå ÐÇÆÚÁù ÐÇÆÚÈÕ¼°¹«±Š¼ÙÆÚ...
INFO:chroma_service:PII detected and redacted in document split: 9:00 am ¨C 6:00 pm 9:00 am ¨C 1:00 pm Closed ÐÝÏ¢...
INFO:chroma_service:PII detected and redacted in document split: ÉÏÎç 9 •r ÖÁ ÏÂÎç 6 •r ÉÏÎç 9 •r ÖÁ ÏÂÎç 1 •r...
INFO:chroma_service:PII detected and redacted in document split: eMPF Customer Service Hotline Service Hours ·e½ðÒ×¿Í‘ô·þ„ÕŸá¾€·þ„Õ•rég...
INFO:chroma_service:PII detected and redacted in document split: Monday to Friday Saturday Sunday & Public Holiday...
INFO:chroma_service:PII detected and redacted in document split: ÐÇÆÚÒ»ÖÁÎå ÐÇÆÚÁù ÐÇÆÚÈÕ¼°¹«±Š¼ÙÆÚ...
INFO:chroma_service:PII detected and redacted in document split: 9:00 am ¨C 7:00 pm 9:00 am ¨C 1:00 pm Closed ÐÝÏ¢...
INFO:chroma_service:PII detected and redacted in document split: ÉÏÎç 9 •r ÖÁ ÏÂÎç 7 •r ÉÏÎç 9 •r ÖÁ ÏÂÎç 1 •r...
INFO:chroma_service:PII detected and redacted in document split: Not applicable for submission of certified true copy ( if any ). ²»ßmÓÃì¶ßf½»ÕJ×C¸±±¾ ( ÈçÓÐ )¡£...
INFO:chroma_service:PII detected and redacted in document split: APPENDIX A: LIST OF "PERSONAL INFORMATION COLLECTION STATEMENT" ( "PICS" ) OF THE eMPF PLATFORM AND ...
INFO:chroma_service:PII detected and redacted in document split: Below are the PICS of the eMPF Platform and the onboarded MPF schemes. Please download and read the ...
INFO:chroma_service:PII detected and redacted in document split: . ÏÂÁÐžé·e½ðÒ×Æ½Ì¨¼°ÒÑÞDÒÆÖÁ·e½ðÒ×Æ½Ì¨µÄŠ·e½ðÓ‹„µÄ¡¸Â•Ã÷¡¹¡£ÕˆžgÓ[·e ½ðÒ×Æ½Ì¨µÄ¾Wí“»ò’ßÃèÏàêP¶þ¾S´aÏÂÝd¼°Ô”é†·e½ðÒ×Æ½Ì¨¼°ÒÑÞDÒÆÖÁ·e½ðÒ×Æ½Ì¨µÄŠ·e½ðÓ‹„¡¸Â•Ã÷¡¹¡£ÄãÒà¿ÉÖÂëŠ·e½ðÒ×¿Í‘ô·þ„ÕŸá¾€ 18...
INFO:chroma_service:PII detected and redacted in document split: Personal Information Collection Statement of The eMPF Platform ·e½ðÒ×Æ½Ì¨ÊÕ¼¯‚€ÈËÙYÁÏÂ•Ã÷...
INFO:chroma_service:PII detected and redacted in document split: Link / QR Code ßB½Y¨u¶þ¾S´a...
INFO:chroma_service:PII detected and redacted in document split: The eMPF Platform ·e½ðÒ×Æ½Ì¨...
INFO:chroma_service:PII detected and redacted in document split: Personal Information Collection Statement of The Onboarded MPF Schemes ÒÑÞDÒÆÖÁ·e½ðÒ×Æ½Ì¨µÄŠ·e½ðÓ‹„ÊÕ¼¯‚€ÈËÙYÁÏÂ•Ã÷...
INFO:chroma_service:PII detected and redacted in document split: Scheme Name Ó‹„Ãû·Q...
INFO:chroma_service:PII detected and redacted in document split: Trustee Name ÊÜÓšÈËÃû·Q...
INFO:chroma_service:PII detected and redacted in document split: Scheme Onboarding Date Ó‹„ÞDÒÆÈÕÆÚ ( DD / MM / YYYY ÈÕ¨uÔÂ¨uÄê )...
INFO:chroma_service:PII detected and redacted in document split: Link / QR Code ßB½Y¨u¶þ¾S´a...
INFO:chroma_service:PII detected and redacted in document split: AIA MPF - Prime Value Choice ÓÑ°îŠ·e½ðƒžßxÓ‹„...
INFO:chroma_service:PII detected and redacted in document split: AIA Company (Trustee) Limited ÓÑ°î£¨ÐÅÓš£©ÓÐÏÞ¹«Ë¾...
INFO:chroma_service:PII detected and redacted in document split: AMTD MPF Scheme AMTD Š·e½ðÓ‹„...
INFO:chroma_service:PII detected and redacted in document split: Bank Consortium Trust Company Limited ãyÂ“ÐÅÓšÓÐÏÞ¹«Ë¾...
INFO:chroma_service:PII detected and redacted in document split: BCOM Joyful Retirement MPF Scheme ½»Í¨ãyÐÐÓäÓ¯ÍËÐÝŠ·e½ðÓ‹„...
INFO:chroma_service:PII detected and redacted in document split: Bank of Communications Trustee Limited ½»Í¨ãyÐÐÐÅÓšÓÐÏÞ¹«Ë¾...
INFO:chroma_service:PII detected and redacted in document split: BCT (MPF) Pro Choice BCT ·e½ðÖ®ßx...
INFO:chroma_service:PII detected and redacted in document split: Bank Consortium Trust Company Limited ãyÂ“ÐÅÓšÓÐÏÞ¹«Ë¾...
INFO:chroma_service:PII detected and redacted in document split: BCT Strategic MPF Scheme BCT Š·e½ð²ßÂÔÓ‹„...
INFO:chroma_service:PII detected and redacted in document split: BEA (MPF) Master Trust Scheme –|†£¨Š·e½ð£©¼¯³ÉÐÅÓšÓ‹„...
INFO:chroma_service:PII detected and redacted in document split: Bank of East Asia (Trustees) Limited –|†ãyÐÐ£¨ÐÅÓš£©ÓÐÏÞ¹«Ë¾...
INFO:chroma_service:PII detected and redacted in document split: BEA (MPF) Value Scheme –|†£¨Š·e½ð£©Ïí»ÝÓ‹„...
INFO:chroma_service:PII detected and redacted in document split: BOC-Prudential Easy-Choice Mandatory Provident Fund Scheme ÖÐãy±£Õ\º†Ò×Š·e½ðÓ‹„...
INFO:chroma_service:PII detected and redacted in document split: BOCI-Prudential Trustee Limited ÖÐãy‡øëHÓ¢‡ø±£Õ\ÐÅÓšÓÐÏÞ¹«Ë¾...
INFO:chroma_service:PII detected and redacted in document split: China Life MPF Master Trust Scheme ÖÐ‡øÈË‰ÛŠ·e½ð¼¯³ÉÐÅÓšÓ‹„...
INFO:chroma_service:PII detected and redacted in document split: China Life Trustees Limited ÖÐ‡øÈË‰ÛÐÅÓšÓÐÏÞ¹«Ë¾...
INFO:chroma_service:PII detected and redacted in document split: Manulife RetireChoice (MPF) Scheme ºêÀûÍËÐÝ¾«ßx£¨Š·e½ð£©Ó‹„...
INFO:chroma_service:PII detected and redacted in document split: Bank Consortium Trust Company Limited ãyÂ“ÐÅÓšÓÐÏÞ¹«Ë¾...
INFO:chroma_service:PII detected and redacted in document split: MASS Mandatory Provident Fund Scheme ÈfÈ«ŠÖÆÐÔ¹«·e½ðÓ‹„...
INFO:chroma_service:PII detected and redacted in document split: YF Life Trustees Limited ÈfÍ¨ÐÅÓšÓÐÏÞ¹«Ë¾...
INFO:chroma_service:PII detected and redacted in document split: My Choice Mandatory Provident Fund Scheme ÎÒµÄŠ·e½ðÓ‹„...
INFO:chroma_service:PII detected and redacted in document split: BOCI-Prudential Trustee Limited ÖÐãy‡øëHÓ¢‡ø±£Õ\ÐÅÓšÓÐÏÞ¹«Ë¾...
INFO:chroma_service:PII detected and redacted in document split: Personal Information Collection Statement of The Onboarded MPF Schemes ÒÑÞDÒÆÖÁ·e½ðÒ×Æ½Ì¨µÄŠ·e½ðÓ‹„ÊÕ¼¯‚€ÈËÙYÁÏÂ•Ã÷...
INFO:chroma_service:PII detected and redacted in document split: Scheme Name Ó‹„Ãû·Q...
INFO:chroma_service:PII detected and redacted in document split: Trustee Name ÊÜÓšÈËÃû·Q...
INFO:chroma_service:PII detected and redacted in document split: Scheme Onboarding Date Ó‹„ÞDÒÆÈÕÆÚ ( DD / MM / YYYY ÈÕ¨uÔÂ¨uÄê )...
INFO:chroma_service:PII detected and redacted in document split: Link / QR Code ßB½Y¨u¶þ¾S´a...
INFO:chroma_service:PII detected and redacted in document split: Principal MPF ¨C Simple Plan ÐÅ°²Š·e½ð ¨C Ò×¸»Ö®ßx...
INFO:chroma_service:PII detected and redacted in document split: Principal MPF ¨C Smart Plan ÐÅ°²Š·e½ð ¨C Ã÷ÖÇÖ®ßx...
INFO:chroma_service:PII detected and redacted in document split: Principal Trust Company (Asia) Limited ÐÅ°²ÐÅÓš£¨†ÖÞ£©ÓÐÏÞ¹«Ë¾...
INFO:chroma_service:PII detected and redacted in document split: Principal MPF Scheme Series 800 ÐÅ°²Š·e½ðÓ‹„ 800 ÏµÁÐ...
INFO:chroma_service:PII detected and redacted in document split: SHKP MPF Employer Sponsored Scheme ÐÂµØŠ·e½ðƒlÖ÷ IÞkÓ‹„...
INFO:chroma_service:PII detected and redacted in document split: Standard Chartered Trustee (Hong Kong) Limited Ôü´òÐÅÓš ( Ïã¸Û ) ÓÐÏÞ¹«Ë¾...
INFO:chroma_service:PII detected and redacted in document split: APPENDIX B: LIST OF REQUIRED DOCUMENT(S) FOR MEMBER INFORMATION CHANGE ¸½ä› B: ³É†T¸ü¸ÄÙYÁÏËùÐèÎÄ¼þÁÐ±í...
INFO:chroma_service:PII detected and redacted in document split: Change Items ¸ü¸Äí—Ä¿ ( Please refer to List of Required Documents table below for document code details...
INFO:chroma_service:PII detected and redacted in document split: Scheme Name Ó‹„Ãû·Q...
INFO:chroma_service:PII detected and redacted in document split: (1) Member Name ³É†TÃû·Q...
INFO:chroma_service:PII detected and redacted in document split: (2) HKID Card / Passport No. Ïã¸ÛÉí·Ý×C¨u ×oÕÕÌ–´a...
INFO:chroma_service:PII detected and redacted in document split: (3) Date of Birth ³öÉúÈÕÆÚ...
INFO:chroma_service:PII detected and redacted in document split: (4) Nationality ‡ø¼®...
INFO:chroma_service:PII detected and redacted in document split: (5) Signature Specimen ¦¸ ºžÊð˜ÓÊ½...
INFO:chroma_service:PII detected and redacted in document split: AIA MPF - Prime Value Choice ÓÑ°îŠ·e½ðƒžßxÓ‹„...
INFO:chroma_service:PII detected and redacted in document split: A1, A2, A3 ( if applicable ÈçßmÓÃ )...
INFO:chroma_service:PII detected and redacted in document split: AMTD MPF Scheme AMTD Š·e½ðÓ‹„...
INFO:chroma_service:PII detected and redacted in document split: A3, B1, B2 ( if applicable ÈçßmÓÃ )...
INFO:chroma_service:PII detected and redacted in document split: BCOM Joyful Retirement MPF Scheme ½»Í¨ãyÐÐÓäÓ¯ÍËÐÝŠ·e½ðÓ‹„...
INFO:chroma_service:PII detected and redacted in document split: BCT (MPF) Pro Choice BCT ·e½ðÖ®ßx...
INFO:chroma_service:PII detected and redacted in document split: BCT Strategic MPF Scheme BCT Š·e½ð²ßÂÔÓ‹„...
INFO:chroma_service:PII detected and redacted in document split: A3, B1, B2 ( if applicable ÈçßmÓÃ )...
INFO:chroma_service:PII detected and redacted in document split: BEA (MPF) Master Trust Scheme –|†£¨Š·e½ð£©¼¯³ÉÐÅÓšÓ‹„...
INFO:chroma_service:PII detected and redacted in document split: BEA (MPF) Value Scheme –|†©vŠ·e½ð©wÏí»ÝÓ‹„...
INFO:chroma_service:PII detected and redacted in document split: BOC-Prudential Easy-Choice Mandatory Provident Fund Scheme ÖÐãy±£Õ\º†Ò×Š·e½ðÓ‹„...
INFO:chroma_service:PII detected and redacted in document split: A1, A2, A3 ( if applicable ÈçßmÓÃ )...
INFO:chroma_service:PII detected and redacted in document split: China Life MPF Master Trust Scheme ÖÐ‡øÈË‰ÛŠ·e½ð¼¯³ÉÐÅÓšÓ‹„...
INFO:chroma_service:PII detected and redacted in document split: Manulife RetireChoice (MPF) Scheme ºêÀûÍËÐÝ¾«ßx£¨Š·e½ð£©Ó‹„...
INFO:chroma_service:PII detected and redacted in document split: A3, B1, B2 ( if applicable ÈçßmÓÃ )...
INFO:chroma_service:PII detected and redacted in document split: MASS Mandatory Provident Fund Scheme ÈfÈ«ŠÖÆÐÔ¹«·e½ðÓ‹„...
INFO:chroma_service:PII detected and redacted in document split: My Choice Mandatory Provident Fund Scheme ÎÒµÄŠ·e½ðÓ‹„...
INFO:chroma_service:PII detected and redacted in document split: A1, A2, A3 ( if applicable ÈçßmÓÃ )...
INFO:chroma_service:PII detected and redacted in document split: Principal MPF ¨C Simple Plan ÐÅ°²Š·e½ð ¨C Ò×¸»Ö®ßx...
INFO:chroma_service:PII detected and redacted in document split: Principal MPF ¨C Smart Plan ÐÅ°²Š·e½ð ¨C Ã÷ÖÇÖ®ßx...
INFO:chroma_service:PII detected and redacted in document split: A1, A2, A3 ( if applicable ÈçßmÓÃ )...
INFO:chroma_service:PII detected and redacted in document split: Principal MPF Scheme Series 800 ÐÅ°²Š·e½ðÓ‹„ 800 ÏµÁÐ...
INFO:chroma_service:PII detected and redacted in document split: SHKP MPF Employer Sponsored Scheme ÐÂµØŠ·e½ðƒlÖ÷ IÞkÓ‹„...
INFO:chroma_service:PII detected and redacted in document split: (i) A1 and ¼° , (ii) A2 and / or ¼°¨u »ò A3 ( if applicable ÈçßmÓÃ )...
INFO:chroma_service:PII detected and redacted in document split: ¦¸ If member fails to provide the signature that matches with the signature specimen of the eMPF Plat...
INFO:chroma_service:PII detected and redacted in document split: ¡ø For an employee member, please provide a copy. If not, please provide a certified true copy. ÈçŒÙƒl†T³É...
INFO:chroma_service:PII detected and redacted in document split: List of Required Documents ^ ËùÐèÎÄ¼þÁÐ±í ^...
INFO:chroma_service:PII detected and redacted in document split: Document Types ÎÄ¼þî„e...
INFO:chroma_service:PII detected and redacted in document split: Copy ¸±±¾...
INFO:chroma_service:PII detected and redacted in document split: Certi\ufb01ed True Copy...
INFO:chroma_service:PII detected and redacted in document split: ¨Œ ÕJ×C¸±±¾ ¨Œ...
INFO:chroma_service:PII detected and redacted in document split: Identity Proof Document Éí·Ö×CÃ÷ÎÄ¼þ ( e.g. HKID Card / Passport ÀýÈçÏã¸ÛÉí·Ý×C¨u×oÕÕ )...
INFO:chroma_service:PII detected and redacted in document split: Deed Poll ¸ÄÃûÆõ...
INFO:chroma_service:PII detected and redacted in document split: Marriage Certificate / Legal Documents issued by Family Court ( for divorce case ) ½Y»é×C•ø¨u ¼ÒÊÂ·¨Í¥°l³öµÄ·¨¶¨ÎÄ¼þ...
INFO:chroma_service:PII detected and redacted in document split: Statutory Declaration of the Relevant Change ÏàêP¸ü¸ÄµÄ·¨¶¨Â•Ã÷...
INFO:chroma_service:PII detected and redacted in document split: ^ Apart from the above required documents, additional documents may be requested on a case-by-case b...
INFO:chroma_service:PII detected and redacted in document split: . ³ýÉÏÊöËùÐèÎÄ¼þÍâ£¬·e½ðÒ×Æ½Ì¨•þ¸ù“þ¾ßówÇé›rÒªÇóÌá¹©î~ÍâÎÄ¼þ¡£ÈçÎ´ÄÜÌá¹©ËùÐèÎÄ¼þ£¬·e½ðÒ× Æ½Ì¨Œ¢Ÿo·¨Ìá¹©ëSááµÄŠ·e½ðÏàêP·þ„Õ¡£ Certified true copies should be cer...
INFO:chroma_service:PII detected and redacted in document split: ¨uÂÉŽŸ¨u¹«×CÈË¨uŒ£˜I¹«Ë¾ÃØ•ø£»»ò...
INFO:chroma_service:PII detected and redacted in document split: (ii) a person from any designated channel(s) acceptable by the Trustee(s) of the Scheme(s). For deta...
INFO:chroma_service:PII detected and redacted in document split: ¿ÉµÄÖ¸¶¨ÈËÊ¿£¬ÕˆÍ¸ß^ÊÜÓšÈË¾Wí“¨uŸá¾€Â“½jÊÜÓšÈË²éÔƒÔ”Çé¡£...
INFO:root:File MPF SCHEME - MEMBER INFORMATION CHANGE FORM.pdf uploaded and indexed with file_id 64
INFO:sentence_transformers.SentenceTransformer:Use pytorch device_name: cpu
INFO:sentence_transformers.SentenceTransformer:Load pretrained SentenceTransformer: sentence-transformers/all-MiniLM-L6-v2
INFO:chromadb.telemetry.product.posthog:Anonymized telemetry enabled. See                     https://docs.trychroma.com/telemetry for more information.
INFO:sentence_transformers.SentenceTransformer:Use pytorch device_name: cpu
INFO:sentence_transformers.SentenceTransformer:Load pretrained SentenceTransformer: sentence-transformers/all-MiniLM-L6-v2
INFO:sentence_transformers.SentenceTransformer:Use pytorch device_name: cpu
INFO:sentence_transformers.SentenceTransformer:Load pretrained SentenceTransformer: sentence-transformers/all-MiniLM-L6-v2
INFO:sentence_transformers.SentenceTransformer:Use pytorch device_name: cpu
INFO:sentence_transformers.SentenceTransformer:Load pretrained SentenceTransformer: sentence-transformers/all-MiniLM-L6-v2
INFO:chromadb.telemetry.product.posthog:Anonymized telemetry enabled. See                     https://docs.trychroma.com/telemetry for more information.
INFO:sentence_transformers.SentenceTransformer:Use pytorch device_name: cpu
INFO:sentence_transformers.SentenceTransformer:Load pretrained SentenceTransformer: sentence-transformers/all-MiniLM-L6-v2
INFO:sentence_transformers.SentenceTransformer:Use pytorch device_name: cpu
INFO:sentence_transformers.SentenceTransformer:Load pretrained SentenceTransformer: sentence-transformers/all-MiniLM-L6-v2
WARNING:huggingface_hub.file_download:Xet Storage is enabled for this repo, but the 'hf_xet' package is not installed. Falling back to regular HTTP download. For better performance, install the package with: `pip install huggingface_hub[hf_xet]` or `pip install hf_xet`
INFO:sentence_transformers.SentenceTransformer:Use pytorch device_name: cpu
INFO:sentence_transformers.SentenceTransformer:Load pretrained SentenceTransformer: sentence-transformers/all-MiniLM-L6-v2
INFO:chromadb.telemetry.product.posthog:Anonymized telemetry enabled. See                     https://docs.trychroma.com/telemetry for more information.
INFO:sentence_transformers.SentenceTransformer:Use pytorch device_name: cpu
INFO:sentence_transformers.SentenceTransformer:Load pretrained SentenceTransformer: sentence-transformers/all-MiniLM-L6-v2
INFO:sentence_transformers.SentenceTransformer:Use pytorch device_name: cpu
INFO:sentence_transformers.SentenceTransformer:Load pretrained SentenceTransformer: sentence-transformers/all-MiniLM-L6-v2
INFO:sentence_transformers.SentenceTransformer:Use pytorch device_name: cpu
INFO:sentence_transformers.SentenceTransformer:Load pretrained SentenceTransformer: sentence-transformers/all-MiniLM-L6-v2
INFO:sentence_transformers.SentenceTransformer:Use pytorch device_name: cpu
INFO:sentence_transformers.SentenceTransformer:Load pretrained SentenceTransformer: sentence-transformers/all-MiniLM-L6-v2
INFO:chromadb.telemetry.product.posthog:Anonymized telemetry enabled. See                     https://docs.trychroma.com/telemetry for more information.
INFO:sentence_transformers.SentenceTransformer:Use pytorch device_name: cpu
INFO:sentence_transformers.SentenceTransformer:Load pretrained SentenceTransformer: sentence-transformers/all-MiniLM-L6-v2
INFO:sentence_transformers.SentenceTransformer:Use pytorch device_name: cpu
INFO:sentence_transformers.SentenceTransformer:Load pretrained SentenceTransformer: sentence-transformers/all-MiniLM-L6-v2
INFO:chromadb.telemetry.product.posthog:Anonymized telemetry enabled. See                     https://docs.trychroma.com/telemetry for more information.
INFO:sentence_transformers.SentenceTransformer:Use pytorch device_name: cpu
INFO:sentence_transformers.SentenceTransformer:Load pretrained SentenceTransformer: sentence-transformers/all-MiniLM-L6-v2
INFO:sentence_transformers.SentenceTransformer:Use pytorch device_name: cpu
INFO:sentence_transformers.SentenceTransformer:Load pretrained SentenceTransformer: sentence-transformers/all-MiniLM-L6-v2
INFO:chromadb.telemetry.product.posthog:Anonymized telemetry enabled. See                     https://docs.trychroma.com/telemetry for more information.
INFO:sentence_transformers.SentenceTransformer:Use pytorch device_name: cpu
INFO:sentence_transformers.SentenceTransformer:Load pretrained SentenceTransformer: sentence-transformers/all-MiniLM-L6-v2
INFO:sentence_transformers.SentenceTransformer:Use pytorch device_name: cpu
INFO:sentence_transformers.SentenceTransformer:Load pretrained SentenceTransformer: sentence-transformers/all-MiniLM-L6-v2
INFO:sentence_transformers.SentenceTransformer:Use pytorch device_name: cpu
INFO:sentence_transformers.SentenceTransformer:Load pretrained SentenceTransformer: sentence-transformers/all-MiniLM-L6-v2
INFO:sentence_transformers.SentenceTransformer:Use pytorch device_name: cpu
INFO:sentence_transformers.SentenceTransformer:Load pretrained SentenceTransformer: sentence-transformers/all-MiniLM-L6-v2
INFO:sentence_transformers.SentenceTransformer:Use pytorch device_name: cpu
INFO:sentence_transformers.SentenceTransformer:Load pretrained SentenceTransformer: sentence-transformers/all-MiniLM-L6-v2
INFO:backoff:Backing off send_request(...) for 0.4s (requests.exceptions.ReadTimeout: HTTPSConnectionPool(host='us.i.posthog.com', port=443): Read timed out. (read timeout=15))
INFO:sentence_transformers.SentenceTransformer:Use pytorch device_name: cpu
INFO:sentence_transformers.SentenceTransformer:Load pretrained SentenceTransformer: sentence-transformers/all-MiniLM-L6-v2
INFO:pikepdf._core:pikepdf C++ to Python logger bridge initialized
INFO:chroma_service:PII detected and redacted in document split: JEREMIAH: Finding God in Chaos...
INFO:chroma_service:PII detected and redacted in document split: JON KEHRER | 12 SESSIONS...
INFO:chroma_service:PII detected and redacted in document split: Jeremiah: Finding God in Chaos...
INFO:chroma_service:PII detected and redacted in document split: Session 1: Jeremiah 1...
INFO:chroma_service:PII detected and redacted in document split: Session Notes:...
INFO:chroma_service:PII detected and redacted in document split: ¢Ù How would you summarize the message of Jeremiah 1?...
INFO:chroma_service:PII detected and redacted in document split: ¢Ú What about this text or about Jeremiah¡¯s call resonated with you?...
INFO:chroma_service:PII detected and redacted in document split: How have you experienced loss or trauma in your life? Can you relate to the...
INFO:chroma_service:PII detected and redacted in document split: experience as ¡°disorienting¡±?...
INFO:chroma_service:PII detected and redacted in document split: ¢Û Read Psalm 23. How does this text speak to God¡¯s presence with his people in the midst of di\ufb03cult ...
INFO:chroma_service:PII detected and redacted in document split: ¢Ü Do you believe that God walks with you in the midst of your pain? How would your life be di\ufb00erent ...
INFO:chroma_service:PII detected and redacted in document split: ¢Ý Do you consistently meditate on the fact that God is with you, even in your pain? What would it lo...
INFO:chroma_service:PII detected and redacted in document split: Additional Ideas for Practicing Faith: Consider adding an alarm to your phone or watch every day thi...
INFO:chroma_service:PII detected and redacted in document split: Jeremiah: Finding God in Chaos...
INFO:chroma_service:PII detected and redacted in document split: Session 2: Jeremiah 2...
INFO:chroma_service:PII detected and redacted in document split: Session Notes:...
INFO:chroma_service:PII detected and redacted in document split: ¢Ù How would you summarize the message of Jeremiah 2?...
INFO:chroma_service:PII detected and redacted in document split: ¢Ú Which of the metaphors from Jeremiah 2 resonated most with how God has worked in your life?...
INFO:chroma_service:PII detected and redacted in document split: Are there any other metaphors that come to your mind about your relationship...
INFO:chroma_service:PII detected and redacted in document split: with God in the past?...
INFO:chroma_service:PII detected and redacted in document split: ¢Û Read Deuteronomy 32:7-14. How is God¡¯s relationship with his people described there?...
INFO:chroma_service:PII detected and redacted in document split: Now read Deuteronomy 32:15-38. How is this similar to God¡¯s words in Jeremiah...
INFO:chroma_service:PII detected and redacted in document split: ¢Ü What metaphor best describes your relationship with God currently? How could you press in to the L...
INFO:chroma_service:PII detected and redacted in document split: ¢Ý Spend some time this week asking the Lord for wisdom and guidance to know how to align your heart ...
INFO:chroma_service:PII detected and redacted in document split: Additional Ideas for Practicing Faith: Spend thirty minutes or so charting out a timeline of your sp...
INFO:chroma_service:PII detected and redacted in document split: Jeremiah: Finding God in Chaos...
INFO:chroma_service:PII detected and redacted in document split: Session 3: Jeremiah 7:1-8:3...
INFO:chroma_service:PII detected and redacted in document split: Session Notes:...
INFO:chroma_service:PII detected and redacted in document split: ¢Ù How would you summarize the message of Jeremiah 7:1-8:3?...
INFO:chroma_service:PII detected and redacted in document split: ¢Ú The video discussed several forms of improper worship. Were any of these surprising for you? Why o...
INFO:chroma_service:PII detected and redacted in document split: ¢Û Read Mark 7:1-13. What were some forms of improper worship in use by the religious leaders in Jesu...
INFO:chroma_service:PII detected and redacted in document split: ¢Ü Think about your own worship. While you may not be o\ufb00ering sacri\ufb01ces to the Queen of Heaven, in wh...
INFO:chroma_service:PII detected and redacted in document split: ¢Ý Consider taking some time this week to re\ufb02ect on your worship. Ask the Lord for help in aligning y...
INFO:chroma_service:PII detected and redacted in document split: Additional Ideas for Practicing Faith: Experiment with a new form of worship this week. Consider vis...
INFO:chroma_service:PII detected and redacted in document split: Jeremiah: Finding God in Chaos...
INFO:chroma_service:PII detected and redacted in document split: Session 4: Jeremiah 8:4-9:22...
INFO:chroma_service:PII detected and redacted in document split: Session Notes:...
INFO:chroma_service:PII detected and redacted in document split: ¢Ù How would you summarize the message of Jeremiah 8:4-9:22?...
INFO:chroma_service:PII detected and redacted in document split: ¢Ú How have you experienced grief in the past? Do you \ufb01nd it di\ufb03cult to weep over heartbreak and trag...
INFO:chroma_service:PII detected and redacted in document split: ¢Û It may be di\ufb03cult for us to think about God expressing lament and grief over fallen Jerusalem. Is ...
INFO:chroma_service:PII detected and redacted in document split: Read John 11:28-37. How did Jesus respond to loss in the story? How is that similar...
INFO:chroma_service:PII detected and redacted in document split: or di\ufb00erent from Jeremiah 8-9?...
INFO:chroma_service:PII detected and redacted in document split: ¢Ü Sometimes, we move too quickly through grief. Are there any losses in your life that you need to r...
INFO:chroma_service:PII detected and redacted in document split: ¢Ý How does it change your life knowing that God walks with his people even in the midst of their pai...
INFO:chroma_service:PII detected and redacted in document split: Additional Ideas for Practicing Faith: Spend one hour this week alone with the Lord. Ask him if ther...
INFO:chroma_service:PII detected and redacted in document split: Jeremiah: Finding God in Chaos...
INFO:chroma_service:PII detected and redacted in document split: Session 5: Jeremiah 17:1-13...
INFO:chroma_service:PII detected and redacted in document split: Session Notes:...
INFO:chroma_service:PII detected and redacted in document split: ¢Ù How would you summarize the message of Jeremiah 17:1-13?...
INFO:chroma_service:PII detected and redacted in document split: ¢Ú What ideas or images stood out to you from this text?...
INFO:chroma_service:PII detected and redacted in document split: ¢Û Read Psalm 1. How is this similar to this text? How is it di\ufb00erent?...
INFO:chroma_service:PII detected and redacted in document split: If you were to describe your spiritual life with an agricultural metaphor...
INFO:chroma_service:PII detected and redacted in document split: (\ufb02ourishing oak tree, dry cactus in the desert, withering rose bush, etc.), what image would you cho...
INFO:chroma_service:PII detected and redacted in document split: ¢Ü Do you really believe that it is better to trust in the Lord than to trust in humans? List out som...
INFO:chroma_service:PII detected and redacted in document split: ¢Ý How would your life look di\ufb00erent this week if you chose to trust in the Lord in every situation? ...
INFO:chroma_service:PII detected and redacted in document split: Additional Ideas for Practicing Faith: Take a walk through nature and meditate on Jeremiah 17. Spend...
INFO:chroma_service:PII detected and redacted in document split: Jeremiah: Finding God in Chaos...
INFO:chroma_service:PII detected and redacted in document split: Session 6: Jeremiah 18:1-17...
INFO:chroma_service:PII detected and redacted in document split: Session Notes:...
INFO:chroma_service:PII detected and redacted in document split: ¢Ù How would you summarize the message of Jeremiah 18:1-17?...
INFO:chroma_service:PII detected and redacted in document split: ¢Ú What stood out to you from this text?...
INFO:chroma_service:PII detected and redacted in document split: ¢Û Read Genesis 1. How is God pictured at work in creation? Make a list of his characteristics and at...
INFO:chroma_service:PII detected and redacted in document split: ¢Ü Do you regularly recognize God¡¯s sovereignty over all of life? What would it look like for you to ...
INFO:chroma_service:PII detected and redacted in document split: ¢Ý Think about a big decision you will need to make this week. How could you take a step towards trus...
INFO:chroma_service:PII detected and redacted in document split: Additional Ideas for Practicing Faith: Search online for a video with a potter...
INFO:chroma_service:PII detected and redacted in document split: working at a wheel. As you watch the video, ask the Lord to speak into your heart like he did to Jer...
INFO:chroma_service:PII detected and redacted in document split: Jeremiah: Finding God in Chaos...
INFO:chroma_service:PII detected and redacted in document split: Session 7: Jeremiah 29:1-14...
INFO:chroma_service:PII detected and redacted in document split: Session Notes:...
INFO:chroma_service:PII detected and redacted in document split: ¢Ù How would you summarize the message of Jeremiah 29:1-14?...
INFO:chroma_service:PII detected and redacted in document split: ¢Ú Have you heard parts of this text before, like Jeremiah 29:11? If so, how does it change the messa...
INFO:chroma_service:PII detected and redacted in document split: ¢Û Read Psalm 88:1-7. How does the Psalmist feel in this text? How could this be similar to the feeli...
INFO:chroma_service:PII detected and redacted in document split: ¢Ü Do you have a hard time trusting God in the midst of your darkness and pain? How does this text sp...
INFO:chroma_service:PII detected and redacted in document split: ¢Ý How could you trust God in the midst of your life this week? What speci\ufb01c verse from Jeremiah 29 c...
INFO:chroma_service:PII detected and redacted in document split: Additional Ideas for Practicing Faith: Do an inductive study on the word ¡°hope¡± in the book of Psalm...
INFO:chroma_service:PII detected and redacted in document split: Jeremiah: Finding God in Chaos...
INFO:chroma_service:PII detected and redacted in document split: Session 8: Jeremiah 31:1-34...
INFO:chroma_service:PII detected and redacted in document split: Session Notes:...
INFO:chroma_service:PII detected and redacted in document split: ¢Ù How would you summarize the message of Jeremiah 31:1-34?...
INFO:chroma_service:PII detected and redacted in document split: ¢Ú Which of the pictures of renewal most resonated with you? Why?...
INFO:chroma_service:PII detected and redacted in document split: ¢Û Read Hebrews 8. How does the writer of Hebrews use this text from Jeremiah?...
INFO:chroma_service:PII detected and redacted in document split: ¢Ü Do you believe that God could renew you? What areas of your life are most in need of God¡¯s renewal...
INFO:chroma_service:PII detected and redacted in document split: What barriers do you think you will face if you invite God in to renew these areas?...
INFO:chroma_service:PII detected and redacted in document split: ¢Ý Jesus has initiated the new covenant with us. How could you celebrate his sacri\ufb01ce this week?...
INFO:chroma_service:PII detected and redacted in document split: Additional Ideas for Practicing Faith: Search online for the painting, Christ...
INFO:chroma_service:PII detected and redacted in document split: Carrying the Cross by Tiziano Vecellio. Spend some time meditating on Jesus¡¯ sacri\ufb01ce for us while r...
INFO:chroma_service:PII detected and redacted in document split: Jeremiah: Finding God in Chaos...
INFO:chroma_service:PII detected and redacted in document split: Session 9: Jeremiah 36...
INFO:chroma_service:PII detected and redacted in document split: Session Notes:...
INFO:chroma_service:PII detected and redacted in document split: ¢Ù How would you summarize the message of Jeremiah 36?...
INFO:chroma_service:PII detected and redacted in document split: ¢Ú What elements of the story stood out to you?...
INFO:chroma_service:PII detected and redacted in document split: ¢Û Read 2 Kings 23:36-24:7. How is Jehoiakim described in that text? What do we learn about his chara...
INFO:chroma_service:PII detected and redacted in document split: ¢Ü Jehoiakim joined a long line of world rulers who tried to silence God¡¯s word. Read Isaiah 40:6-8. ...
INFO:chroma_service:PII detected and redacted in document split: Now read 1 Peter 1:22-25. What impact does the Word of God have on us?...
INFO:chroma_service:PII detected and redacted in document split: ¢Ý How could you honor the Word of God in your life this week?...
INFO:chroma_service:PII detected and redacted in document split: Additional Ideas for Practicing Faith: Spend some time meditating on how many individuals were respo...
INFO:chroma_service:PII detected and redacted in document split: Jeremiah: Finding God in Chaos...
INFO:chroma_service:PII detected and redacted in document split: Session 10: Jeremiah 39:1-40:6...
INFO:chroma_service:PII detected and redacted in document split: Session Notes:...
INFO:chroma_service:PII detected and redacted in document split: ¢Ù How would you summarize the message of Jeremiah 39:1-40:6?...
INFO:chroma_service:PII detected and redacted in document split: ¢Ú The book of Jeremiah has predicted this moment from chapter 1. How did it strike you to \ufb01nally rea...
INFO:chroma_service:PII detected and redacted in document split: ¢Û Read Jeremiah 52. How does this text provide a fuller or di\ufb00erent picture of Jerusalem¡¯s destructi...
INFO:chroma_service:PII detected and redacted in document split: ¢Ü Although this tragedy was predictable, God was still faithful. How have you seen God faithful thro...
INFO:chroma_service:PII detected and redacted in document split: Jeremiah¡¯s ministry involved faithful service. What kind of faithful service is God...
INFO:chroma_service:PII detected and redacted in document split: calling you into in your own life?...
INFO:chroma_service:PII detected and redacted in document split: ¢Ý What would it look like for you to choose faithful service to the Lord instead of a comfortable li...
INFO:chroma_service:PII detected and redacted in document split: Additional Ideas for Practicing Faith: Spend some time this week reading about Christian martyrs who...
INFO:chroma_service:PII detected and redacted in document split: Jeremiah: Finding God in Chaos...
INFO:chroma_service:PII detected and redacted in document split: Session 11: Jeremiah 44...
INFO:chroma_service:PII detected and redacted in document split: Session Notes:...
INFO:chroma_service:PII detected and redacted in document split: ¢Ù How would you summarize the message of Jeremiah 44?...
INFO:chroma_service:PII detected and redacted in document split: ¢Ú What similarities do you see between God¡¯s word in Jeremiah 44 and earlier sections of Jeremiah?...
INFO:chroma_service:PII detected and redacted in document split: ¢Û Spend some time reading through Deuteronomy 28:15-68. How have the covenant curses come on the peo...
INFO:chroma_service:PII detected and redacted in document split: ¢Ü If God sent a prophet to you this week, what problems or issues might he address in your life? Con...
INFO:chroma_service:PII detected and redacted in document split: ¢Ý Praise the Lord that the sacri\ufb01ce of Jesus covers our sin and rebellion. What are some ways you ca...
INFO:chroma_service:PII detected and redacted in document split: Additional Ideas for Practicing Faith: On a sheet of paper, make a list of all the...
INFO:chroma_service:PII detected and redacted in document split: ways you have turned away from the Lord in the last 3 months. Now, surrender that list to the Lord, ...
INFO:chroma_service:PII detected and redacted in document split: Jeremiah: Finding God in Chaos...
INFO:chroma_service:PII detected and redacted in document split: Session 12: Jeremiah 46-51...
INFO:chroma_service:PII detected and redacted in document split: Session Notes:...
INFO:chroma_service:PII detected and redacted in document split: ¢Ù How would you summarize the message of Jeremiah 46-51?...
INFO:chroma_service:PII detected and redacted in document split: ¢Ú How does this section provide any comfort or hope for the people of Judah?...
INFO:chroma_service:PII detected and redacted in document split: ¢Û Read Jeremiah 25:15-29. What is the cup of God¡¯s wrath? Why do the nations drink it?...
INFO:chroma_service:PII detected and redacted in document split: ¢Ü Before his cruci\ufb01xion, Jesus asked God to let the cup pass from him (see Matthew 26:36-46). Do you...
INFO:chroma_service:PII detected and redacted in document split: What does it mean that Jesus drank from the cup and endured death? What...
INFO:chroma_service:PII detected and redacted in document split: implications are there for us?...
INFO:chroma_service:PII detected and redacted in document split: ¢Ý The message of Jeremiah involves trusting in the Lord; this seems to be the answer to \ufb01nding God i...
INFO:chroma_service:PII detected and redacted in document split: Additional Ideas for Practicing Faith: Take a day of solitude away from your busy life to be by your...
INFO:chroma_service:PII detected and redacted in document split: This video was made possible with support from:...
INFO:root:File Jeremiah_Finding_God_in_Chaos_7789.PDF uploaded and indexed with file_id 65
INFO:sentence_transformers.SentenceTransformer:Use pytorch device_name: cpu
INFO:sentence_transformers.SentenceTransformer:Load pretrained SentenceTransformer: sentence-transformers/all-MiniLM-L6-v2
INFO:chroma_service:PII detected and redacted in document split: JEREMIAH: Finding God in Chaos...
INFO:chroma_service:PII detected and redacted in document split: JON KEHRER | 12 SESSIONS...
INFO:chroma_service:PII detected and redacted in document split: Jeremiah: Finding God in Chaos...
INFO:chroma_service:PII detected and redacted in document split: Session 1: Jeremiah 1...
INFO:chroma_service:PII detected and redacted in document split: Session Notes:...
INFO:chroma_service:PII detected and redacted in document split: ¢Ù How would you summarize the message of Jeremiah 1?...
INFO:chroma_service:PII detected and redacted in document split: ¢Ú What about this text or about Jeremiah¡¯s call resonated with you?...
INFO:chroma_service:PII detected and redacted in document split: How have you experienced loss or trauma in your life? Can you relate to the...
INFO:chroma_service:PII detected and redacted in document split: experience as ¡°disorienting¡±?...
INFO:chroma_service:PII detected and redacted in document split: ¢Û Read Psalm 23. How does this text speak to God¡¯s presence with his people in the midst of di\ufb03cult ...
INFO:chroma_service:PII detected and redacted in document split: ¢Ü Do you believe that God walks with you in the midst of your pain? How would your life be di\ufb00erent ...
INFO:chroma_service:PII detected and redacted in document split: ¢Ý Do you consistently meditate on the fact that God is with you, even in your pain? What would it lo...
INFO:chroma_service:PII detected and redacted in document split: Additional Ideas for Practicing Faith: Consider adding an alarm to your phone or watch every day thi...
INFO:chroma_service:PII detected and redacted in document split: Jeremiah: Finding God in Chaos...
INFO:chroma_service:PII detected and redacted in document split: Session 2: Jeremiah 2...
INFO:chroma_service:PII detected and redacted in document split: Session Notes:...
INFO:chroma_service:PII detected and redacted in document split: ¢Ù How would you summarize the message of Jeremiah 2?...
INFO:chroma_service:PII detected and redacted in document split: ¢Ú Which of the metaphors from Jeremiah 2 resonated most with how God has worked in your life?...
INFO:chroma_service:PII detected and redacted in document split: Are there any other metaphors that come to your mind about your relationship...
INFO:chroma_service:PII detected and redacted in document split: with God in the past?...
INFO:chroma_service:PII detected and redacted in document split: ¢Û Read Deuteronomy 32:7-14. How is God¡¯s relationship with his people described there?...
INFO:chroma_service:PII detected and redacted in document split: Now read Deuteronomy 32:15-38. How is this similar to God¡¯s words in Jeremiah...
INFO:chroma_service:PII detected and redacted in document split: ¢Ü What metaphor best describes your relationship with God currently? How could you press in to the L...
INFO:chroma_service:PII detected and redacted in document split: ¢Ý Spend some time this week asking the Lord for wisdom and guidance to know how to align your heart ...
INFO:chroma_service:PII detected and redacted in document split: Additional Ideas for Practicing Faith: Spend thirty minutes or so charting out a timeline of your sp...
INFO:chroma_service:PII detected and redacted in document split: Jeremiah: Finding God in Chaos...
INFO:chroma_service:PII detected and redacted in document split: Session 3: Jeremiah 7:1-8:3...
INFO:chroma_service:PII detected and redacted in document split: Session Notes:...
INFO:chroma_service:PII detected and redacted in document split: ¢Ù How would you summarize the message of Jeremiah 7:1-8:3?...
INFO:chroma_service:PII detected and redacted in document split: ¢Ú The video discussed several forms of improper worship. Were any of these surprising for you? Why o...
INFO:chroma_service:PII detected and redacted in document split: ¢Û Read Mark 7:1-13. What were some forms of improper worship in use by the religious leaders in Jesu...
INFO:chroma_service:PII detected and redacted in document split: ¢Ü Think about your own worship. While you may not be o\ufb00ering sacri\ufb01ces to the Queen of Heaven, in wh...
INFO:chroma_service:PII detected and redacted in document split: ¢Ý Consider taking some time this week to re\ufb02ect on your worship. Ask the Lord for help in aligning y...
INFO:chroma_service:PII detected and redacted in document split: Additional Ideas for Practicing Faith: Experiment with a new form of worship this week. Consider vis...
INFO:chroma_service:PII detected and redacted in document split: Jeremiah: Finding God in Chaos...
INFO:chroma_service:PII detected and redacted in document split: Session 4: Jeremiah 8:4-9:22...
INFO:chroma_service:PII detected and redacted in document split: Session Notes:...
INFO:chroma_service:PII detected and redacted in document split: ¢Ù How would you summarize the message of Jeremiah 8:4-9:22?...
INFO:chroma_service:PII detected and redacted in document split: ¢Ú How have you experienced grief in the past? Do you \ufb01nd it di\ufb03cult to weep over heartbreak and trag...
INFO:chroma_service:PII detected and redacted in document split: ¢Û It may be di\ufb03cult for us to think about God expressing lament and grief over fallen Jerusalem. Is ...
INFO:chroma_service:PII detected and redacted in document split: Read John 11:28-37. How did Jesus respond to loss in the story? How is that similar...
INFO:chroma_service:PII detected and redacted in document split: or di\ufb00erent from Jeremiah 8-9?...
INFO:chroma_service:PII detected and redacted in document split: ¢Ü Sometimes, we move too quickly through grief. Are there any losses in your life that you need to r...
INFO:chroma_service:PII detected and redacted in document split: ¢Ý How does it change your life knowing that God walks with his people even in the midst of their pai...
INFO:chroma_service:PII detected and redacted in document split: Additional Ideas for Practicing Faith: Spend one hour this week alone with the Lord. Ask him if ther...
INFO:chroma_service:PII detected and redacted in document split: Jeremiah: Finding God in Chaos...
INFO:chroma_service:PII detected and redacted in document split: Session 5: Jeremiah 17:1-13...
INFO:chroma_service:PII detected and redacted in document split: Session Notes:...
INFO:chroma_service:PII detected and redacted in document split: ¢Ù How would you summarize the message of Jeremiah 17:1-13?...
INFO:chroma_service:PII detected and redacted in document split: ¢Ú What ideas or images stood out to you from this text?...
INFO:chroma_service:PII detected and redacted in document split: ¢Û Read Psalm 1. How is this similar to this text? How is it di\ufb00erent?...
INFO:chroma_service:PII detected and redacted in document split: If you were to describe your spiritual life with an agricultural metaphor...
INFO:chroma_service:PII detected and redacted in document split: (\ufb02ourishing oak tree, dry cactus in the desert, withering rose bush, etc.), what image would you cho...
INFO:chroma_service:PII detected and redacted in document split: ¢Ü Do you really believe that it is better to trust in the Lord than to trust in humans? List out som...
INFO:chroma_service:PII detected and redacted in document split: ¢Ý How would your life look di\ufb00erent this week if you chose to trust in the Lord in every situation? ...
INFO:chroma_service:PII detected and redacted in document split: Additional Ideas for Practicing Faith: Take a walk through nature and meditate on Jeremiah 17. Spend...
INFO:chroma_service:PII detected and redacted in document split: Jeremiah: Finding God in Chaos...
INFO:chroma_service:PII detected and redacted in document split: Session 6: Jeremiah 18:1-17...
INFO:chroma_service:PII detected and redacted in document split: Session Notes:...
INFO:chroma_service:PII detected and redacted in document split: ¢Ù How would you summarize the message of Jeremiah 18:1-17?...
INFO:chroma_service:PII detected and redacted in document split: ¢Ú What stood out to you from this text?...
INFO:chroma_service:PII detected and redacted in document split: ¢Û Read Genesis 1. How is God pictured at work in creation? Make a list of his characteristics and at...
INFO:chroma_service:PII detected and redacted in document split: ¢Ü Do you regularly recognize God¡¯s sovereignty over all of life? What would it look like for you to ...
INFO:chroma_service:PII detected and redacted in document split: ¢Ý Think about a big decision you will need to make this week. How could you take a step towards trus...
INFO:chroma_service:PII detected and redacted in document split: Additional Ideas for Practicing Faith: Search online for a video with a potter...
INFO:chroma_service:PII detected and redacted in document split: working at a wheel. As you watch the video, ask the Lord to speak into your heart like he did to Jer...
INFO:chroma_service:PII detected and redacted in document split: Jeremiah: Finding God in Chaos...
INFO:chroma_service:PII detected and redacted in document split: Session 7: Jeremiah 29:1-14...
INFO:chroma_service:PII detected and redacted in document split: Session Notes:...
INFO:chroma_service:PII detected and redacted in document split: ¢Ù How would you summarize the message of Jeremiah 29:1-14?...
INFO:chroma_service:PII detected and redacted in document split: ¢Ú Have you heard parts of this text before, like Jeremiah 29:11? If so, how does it change the messa...
INFO:chroma_service:PII detected and redacted in document split: ¢Û Read Psalm 88:1-7. How does the Psalmist feel in this text? How could this be similar to the feeli...
INFO:chroma_service:PII detected and redacted in document split: ¢Ü Do you have a hard time trusting God in the midst of your darkness and pain? How does this text sp...
INFO:chroma_service:PII detected and redacted in document split: ¢Ý How could you trust God in the midst of your life this week? What speci\ufb01c verse from Jeremiah 29 c...
INFO:chroma_service:PII detected and redacted in document split: Additional Ideas for Practicing Faith: Do an inductive study on the word ¡°hope¡± in the book of Psalm...
INFO:chroma_service:PII detected and redacted in document split: Jeremiah: Finding God in Chaos...
INFO:chroma_service:PII detected and redacted in document split: Session 8: Jeremiah 31:1-34...
INFO:chroma_service:PII detected and redacted in document split: Session Notes:...
INFO:chroma_service:PII detected and redacted in document split: ¢Ù How would you summarize the message of Jeremiah 31:1-34?...
INFO:chroma_service:PII detected and redacted in document split: ¢Ú Which of the pictures of renewal most resonated with you? Why?...
INFO:chroma_service:PII detected and redacted in document split: ¢Û Read Hebrews 8. How does the writer of Hebrews use this text from Jeremiah?...
INFO:chroma_service:PII detected and redacted in document split: ¢Ü Do you believe that God could renew you? What areas of your life are most in need of God¡¯s renewal...
INFO:chroma_service:PII detected and redacted in document split: What barriers do you think you will face if you invite God in to renew these areas?...
INFO:chroma_service:PII detected and redacted in document split: ¢Ý Jesus has initiated the new covenant with us. How could you celebrate his sacri\ufb01ce this week?...
INFO:chroma_service:PII detected and redacted in document split: Additional Ideas for Practicing Faith: Search online for the painting, Christ...
INFO:chroma_service:PII detected and redacted in document split: Carrying the Cross by Tiziano Vecellio. Spend some time meditating on Jesus¡¯ sacri\ufb01ce for us while r...
INFO:chroma_service:PII detected and redacted in document split: Jeremiah: Finding God in Chaos...
INFO:chroma_service:PII detected and redacted in document split: Session 9: Jeremiah 36...
INFO:chroma_service:PII detected and redacted in document split: Session Notes:...
INFO:chroma_service:PII detected and redacted in document split: ¢Ù How would you summarize the message of Jeremiah 36?...
INFO:chroma_service:PII detected and redacted in document split: ¢Ú What elements of the story stood out to you?...
INFO:chroma_service:PII detected and redacted in document split: ¢Û Read 2 Kings 23:36-24:7. How is Jehoiakim described in that text? What do we learn about his chara...
INFO:chroma_service:PII detected and redacted in document split: ¢Ü Jehoiakim joined a long line of world rulers who tried to silence God¡¯s word. Read Isaiah 40:6-8. ...
INFO:chroma_service:PII detected and redacted in document split: Now read 1 Peter 1:22-25. What impact does the Word of God have on us?...
INFO:chroma_service:PII detected and redacted in document split: ¢Ý How could you honor the Word of God in your life this week?...
INFO:chroma_service:PII detected and redacted in document split: Additional Ideas for Practicing Faith: Spend some time meditating on how many individuals were respo...
INFO:chroma_service:PII detected and redacted in document split: Jeremiah: Finding God in Chaos...
INFO:chroma_service:PII detected and redacted in document split: Session 10: Jeremiah 39:1-40:6...
INFO:chroma_service:PII detected and redacted in document split: Session Notes:...
INFO:chroma_service:PII detected and redacted in document split: ¢Ù How would you summarize the message of Jeremiah 39:1-40:6?...
INFO:chroma_service:PII detected and redacted in document split: ¢Ú The book of Jeremiah has predicted this moment from chapter 1. How did it strike you to \ufb01nally rea...
INFO:chroma_service:PII detected and redacted in document split: ¢Û Read Jeremiah 52. How does this text provide a fuller or di\ufb00erent picture of Jerusalem¡¯s destructi...
INFO:chroma_service:PII detected and redacted in document split: ¢Ü Although this tragedy was predictable, God was still faithful. How have you seen God faithful thro...
INFO:chroma_service:PII detected and redacted in document split: Jeremiah¡¯s ministry involved faithful service. What kind of faithful service is God...
INFO:chroma_service:PII detected and redacted in document split: calling you into in your own life?...
INFO:chroma_service:PII detected and redacted in document split: ¢Ý What would it look like for you to choose faithful service to the Lord instead of a comfortable li...
INFO:chroma_service:PII detected and redacted in document split: Additional Ideas for Practicing Faith: Spend some time this week reading about Christian martyrs who...
INFO:chroma_service:PII detected and redacted in document split: Jeremiah: Finding God in Chaos...
INFO:chroma_service:PII detected and redacted in document split: Session 11: Jeremiah 44...
INFO:chroma_service:PII detected and redacted in document split: Session Notes:...
INFO:chroma_service:PII detected and redacted in document split: ¢Ù How would you summarize the message of Jeremiah 44?...
INFO:chroma_service:PII detected and redacted in document split: ¢Ú What similarities do you see between God¡¯s word in Jeremiah 44 and earlier sections of Jeremiah?...
INFO:chroma_service:PII detected and redacted in document split: ¢Û Spend some time reading through Deuteronomy 28:15-68. How have the covenant curses come on the peo...
INFO:chroma_service:PII detected and redacted in document split: ¢Ü If God sent a prophet to you this week, what problems or issues might he address in your life? Con...
INFO:chroma_service:PII detected and redacted in document split: ¢Ý Praise the Lord that the sacri\ufb01ce of Jesus covers our sin and rebellion. What are some ways you ca...
INFO:chroma_service:PII detected and redacted in document split: Additional Ideas for Practicing Faith: On a sheet of paper, make a list of all the...
INFO:chroma_service:PII detected and redacted in document split: ways you have turned away from the Lord in the last 3 months. Now, surrender that list to the Lord, ...
INFO:chroma_service:PII detected and redacted in document split: Jeremiah: Finding God in Chaos...
INFO:chroma_service:PII detected and redacted in document split: Session 12: Jeremiah 46-51...
INFO:chroma_service:PII detected and redacted in document split: Session Notes:...
INFO:chroma_service:PII detected and redacted in document split: ¢Ù How would you summarize the message of Jeremiah 46-51?...
INFO:chroma_service:PII detected and redacted in document split: ¢Ú How does this section provide any comfort or hope for the people of Judah?...
INFO:chroma_service:PII detected and redacted in document split: ¢Û Read Jeremiah 25:15-29. What is the cup of God¡¯s wrath? Why do the nations drink it?...
INFO:chroma_service:PII detected and redacted in document split: ¢Ü Before his cruci\ufb01xion, Jesus asked God to let the cup pass from him (see Matthew 26:36-46). Do you...
INFO:chroma_service:PII detected and redacted in document split: What does it mean that Jesus drank from the cup and endured death? What...
INFO:chroma_service:PII detected and redacted in document split: implications are there for us?...
INFO:chroma_service:PII detected and redacted in document split: ¢Ý The message of Jeremiah involves trusting in the Lord; this seems to be the answer to \ufb01nding God i...
INFO:chroma_service:PII detected and redacted in document split: Additional Ideas for Practicing Faith: Take a day of solitude away from your busy life to be by your...
INFO:chroma_service:PII detected and redacted in document split: This video was made possible with support from:...
INFO:root:File Jeremiah_Finding_God_in_Chaos_7789.PDF uploaded and indexed with file_id 66
INFO:sentence_transformers.SentenceTransformer:Use pytorch device_name: cpu
INFO:sentence_transformers.SentenceTransformer:Load pretrained SentenceTransformer: sentence-transformers/all-MiniLM-L6-v2
INFO:chroma_service:PII detected and redacted in document split: JEREMIAH: Finding God in Chaos...
INFO:chroma_service:PII detected and redacted in document split: JON KEHRER | 12 SESSIONS...
INFO:chroma_service:PII detected and redacted in document split: Jeremiah: Finding God in Chaos...
INFO:chroma_service:PII detected and redacted in document split: Session 1: Jeremiah 1...
INFO:chroma_service:PII detected and redacted in document split: Session Notes:...
INFO:chroma_service:PII detected and redacted in document split: ¢Ù How would you summarize the message of Jeremiah 1?...
INFO:chroma_service:PII detected and redacted in document split: ¢Ú What about this text or about Jeremiah¡¯s call resonated with you?...
INFO:chroma_service:PII detected and redacted in document split: How have you experienced loss or trauma in your life? Can you relate to the...
INFO:chroma_service:PII detected and redacted in document split: experience as ¡°disorienting¡±?...
INFO:chroma_service:PII detected and redacted in document split: ¢Û Read Psalm 23. How does this text speak to God¡¯s presence with his people in the midst of di\ufb03cult ...
INFO:chroma_service:PII detected and redacted in document split: ¢Ü Do you believe that God walks with you in the midst of your pain? How would your life be di\ufb00erent ...
INFO:chroma_service:PII detected and redacted in document split: ¢Ý Do you consistently meditate on the fact that God is with you, even in your pain? What would it lo...
INFO:chroma_service:PII detected and redacted in document split: Additional Ideas for Practicing Faith: Consider adding an alarm to your phone or watch every day thi...
INFO:chroma_service:PII detected and redacted in document split: Jeremiah: Finding God in Chaos...
INFO:chroma_service:PII detected and redacted in document split: Session 2: Jeremiah 2...
INFO:chroma_service:PII detected and redacted in document split: Session Notes:...
INFO:chroma_service:PII detected and redacted in document split: ¢Ù How would you summarize the message of Jeremiah 2?...
INFO:chroma_service:PII detected and redacted in document split: ¢Ú Which of the metaphors from Jeremiah 2 resonated most with how God has worked in your life?...
INFO:chroma_service:PII detected and redacted in document split: Are there any other metaphors that come to your mind about your relationship...
INFO:chroma_service:PII detected and redacted in document split: with God in the past?...
INFO:chroma_service:PII detected and redacted in document split: ¢Û Read Deuteronomy 32:7-14. How is God¡¯s relationship with his people described there?...
INFO:chroma_service:PII detected and redacted in document split: Now read Deuteronomy 32:15-38. How is this similar to God¡¯s words in Jeremiah...
INFO:chroma_service:PII detected and redacted in document split: ¢Ü What metaphor best describes your relationship with God currently? How could you press in to the L...
INFO:chroma_service:PII detected and redacted in document split: ¢Ý Spend some time this week asking the Lord for wisdom and guidance to know how to align your heart ...
INFO:chroma_service:PII detected and redacted in document split: Additional Ideas for Practicing Faith: Spend thirty minutes or so charting out a timeline of your sp...
INFO:chroma_service:PII detected and redacted in document split: Jeremiah: Finding God in Chaos...
INFO:chroma_service:PII detected and redacted in document split: Session 3: Jeremiah 7:1-8:3...
INFO:chroma_service:PII detected and redacted in document split: Session Notes:...
INFO:chroma_service:PII detected and redacted in document split: ¢Ù How would you summarize the message of Jeremiah 7:1-8:3?...
INFO:chroma_service:PII detected and redacted in document split: ¢Ú The video discussed several forms of improper worship. Were any of these surprising for you? Why o...
INFO:chroma_service:PII detected and redacted in document split: ¢Û Read Mark 7:1-13. What were some forms of improper worship in use by the religious leaders in Jesu...
INFO:chroma_service:PII detected and redacted in document split: ¢Ü Think about your own worship. While you may not be o\ufb00ering sacri\ufb01ces to the Queen of Heaven, in wh...
INFO:chroma_service:PII detected and redacted in document split: ¢Ý Consider taking some time this week to re\ufb02ect on your worship. Ask the Lord for help in aligning y...
INFO:chroma_service:PII detected and redacted in document split: Additional Ideas for Practicing Faith: Experiment with a new form of worship this week. Consider vis...
INFO:chroma_service:PII detected and redacted in document split: Jeremiah: Finding God in Chaos...
INFO:chroma_service:PII detected and redacted in document split: Session 4: Jeremiah 8:4-9:22...
INFO:chroma_service:PII detected and redacted in document split: Session Notes:...
INFO:chroma_service:PII detected and redacted in document split: ¢Ù How would you summarize the message of Jeremiah 8:4-9:22?...
INFO:chroma_service:PII detected and redacted in document split: ¢Ú How have you experienced grief in the past? Do you \ufb01nd it di\ufb03cult to weep over heartbreak and trag...
INFO:chroma_service:PII detected and redacted in document split: ¢Û It may be di\ufb03cult for us to think about God expressing lament and grief over fallen Jerusalem. Is ...
INFO:chroma_service:PII detected and redacted in document split: Read John 11:28-37. How did Jesus respond to loss in the story? How is that similar...
INFO:chroma_service:PII detected and redacted in document split: or di\ufb00erent from Jeremiah 8-9?...
INFO:chroma_service:PII detected and redacted in document split: ¢Ü Sometimes, we move too quickly through grief. Are there any losses in your life that you need to r...
INFO:chroma_service:PII detected and redacted in document split: ¢Ý How does it change your life knowing that God walks with his people even in the midst of their pai...
INFO:chroma_service:PII detected and redacted in document split: Additional Ideas for Practicing Faith: Spend one hour this week alone with the Lord. Ask him if ther...
INFO:chroma_service:PII detected and redacted in document split: Jeremiah: Finding God in Chaos...
INFO:chroma_service:PII detected and redacted in document split: Session 5: Jeremiah 17:1-13...
INFO:chroma_service:PII detected and redacted in document split: Session Notes:...
INFO:chroma_service:PII detected and redacted in document split: ¢Ù How would you summarize the message of Jeremiah 17:1-13?...
INFO:chroma_service:PII detected and redacted in document split: ¢Ú What ideas or images stood out to you from this text?...
INFO:chroma_service:PII detected and redacted in document split: ¢Û Read Psalm 1. How is this similar to this text? How is it di\ufb00erent?...
INFO:chroma_service:PII detected and redacted in document split: If you were to describe your spiritual life with an agricultural metaphor...
INFO:chroma_service:PII detected and redacted in document split: (\ufb02ourishing oak tree, dry cactus in the desert, withering rose bush, etc.), what image would you cho...
INFO:chroma_service:PII detected and redacted in document split: ¢Ü Do you really believe that it is better to trust in the Lord than to trust in humans? List out som...
INFO:chroma_service:PII detected and redacted in document split: ¢Ý How would your life look di\ufb00erent this week if you chose to trust in the Lord in every situation? ...
INFO:chroma_service:PII detected and redacted in document split: Additional Ideas for Practicing Faith: Take a walk through nature and meditate on Jeremiah 17. Spend...
INFO:chroma_service:PII detected and redacted in document split: Jeremiah: Finding God in Chaos...
INFO:chroma_service:PII detected and redacted in document split: Session 6: Jeremiah 18:1-17...
INFO:chroma_service:PII detected and redacted in document split: Session Notes:...
INFO:chroma_service:PII detected and redacted in document split: ¢Ù How would you summarize the message of Jeremiah 18:1-17?...
INFO:chroma_service:PII detected and redacted in document split: ¢Ú What stood out to you from this text?...
INFO:chroma_service:PII detected and redacted in document split: ¢Û Read Genesis 1. How is God pictured at work in creation? Make a list of his characteristics and at...
INFO:chroma_service:PII detected and redacted in document split: ¢Ü Do you regularly recognize God¡¯s sovereignty over all of life? What would it look like for you to ...
INFO:chroma_service:PII detected and redacted in document split: ¢Ý Think about a big decision you will need to make this week. How could you take a step towards trus...
INFO:chroma_service:PII detected and redacted in document split: Additional Ideas for Practicing Faith: Search online for a video with a potter...
INFO:chroma_service:PII detected and redacted in document split: working at a wheel. As you watch the video, ask the Lord to speak into your heart like he did to Jer...
INFO:chroma_service:PII detected and redacted in document split: Jeremiah: Finding God in Chaos...
INFO:chroma_service:PII detected and redacted in document split: Session 7: Jeremiah 29:1-14...
INFO:chroma_service:PII detected and redacted in document split: Session Notes:...
INFO:chroma_service:PII detected and redacted in document split: ¢Ù How would you summarize the message of Jeremiah 29:1-14?...
INFO:chroma_service:PII detected and redacted in document split: ¢Ú Have you heard parts of this text before, like Jeremiah 29:11? If so, how does it change the messa...
INFO:chroma_service:PII detected and redacted in document split: ¢Û Read Psalm 88:1-7. How does the Psalmist feel in this text? How could this be similar to the feeli...
INFO:chroma_service:PII detected and redacted in document split: ¢Ü Do you have a hard time trusting God in the midst of your darkness and pain? How does this text sp...
INFO:chroma_service:PII detected and redacted in document split: ¢Ý How could you trust God in the midst of your life this week? What speci\ufb01c verse from Jeremiah 29 c...
INFO:chroma_service:PII detected and redacted in document split: Additional Ideas for Practicing Faith: Do an inductive study on the word ¡°hope¡± in the book of Psalm...
INFO:chroma_service:PII detected and redacted in document split: Jeremiah: Finding God in Chaos...
INFO:chroma_service:PII detected and redacted in document split: Session 8: Jeremiah 31:1-34...
INFO:chroma_service:PII detected and redacted in document split: Session Notes:...
INFO:chroma_service:PII detected and redacted in document split: ¢Ù How would you summarize the message of Jeremiah 31:1-34?...
INFO:chroma_service:PII detected and redacted in document split: ¢Ú Which of the pictures of renewal most resonated with you? Why?...
INFO:chroma_service:PII detected and redacted in document split: ¢Û Read Hebrews 8. How does the writer of Hebrews use this text from Jeremiah?...
INFO:chroma_service:PII detected and redacted in document split: ¢Ü Do you believe that God could renew you? What areas of your life are most in need of God¡¯s renewal...
INFO:chroma_service:PII detected and redacted in document split: What barriers do you think you will face if you invite God in to renew these areas?...
INFO:chroma_service:PII detected and redacted in document split: ¢Ý Jesus has initiated the new covenant with us. How could you celebrate his sacri\ufb01ce this week?...
INFO:chroma_service:PII detected and redacted in document split: Additional Ideas for Practicing Faith: Search online for the painting, Christ...
INFO:chroma_service:PII detected and redacted in document split: Carrying the Cross by Tiziano Vecellio. Spend some time meditating on Jesus¡¯ sacri\ufb01ce for us while r...
INFO:chroma_service:PII detected and redacted in document split: Jeremiah: Finding God in Chaos...
INFO:chroma_service:PII detected and redacted in document split: Session 9: Jeremiah 36...
INFO:chroma_service:PII detected and redacted in document split: Session Notes:...
INFO:chroma_service:PII detected and redacted in document split: ¢Ù How would you summarize the message of Jeremiah 36?...
INFO:chroma_service:PII detected and redacted in document split: ¢Ú What elements of the story stood out to you?...
INFO:chroma_service:PII detected and redacted in document split: ¢Û Read 2 Kings 23:36-24:7. How is Jehoiakim described in that text? What do we learn about his chara...
INFO:chroma_service:PII detected and redacted in document split: ¢Ü Jehoiakim joined a long line of world rulers who tried to silence God¡¯s word. Read Isaiah 40:6-8. ...
INFO:chroma_service:PII detected and redacted in document split: Now read 1 Peter 1:22-25. What impact does the Word of God have on us?...
INFO:chroma_service:PII detected and redacted in document split: ¢Ý How could you honor the Word of God in your life this week?...
INFO:chroma_service:PII detected and redacted in document split: Additional Ideas for Practicing Faith: Spend some time meditating on how many individuals were respo...
INFO:chroma_service:PII detected and redacted in document split: Jeremiah: Finding God in Chaos...
INFO:chroma_service:PII detected and redacted in document split: Session 10: Jeremiah 39:1-40:6...
INFO:chroma_service:PII detected and redacted in document split: Session Notes:...
INFO:chroma_service:PII detected and redacted in document split: ¢Ù How would you summarize the message of Jeremiah 39:1-40:6?...
INFO:chroma_service:PII detected and redacted in document split: ¢Ú The book of Jeremiah has predicted this moment from chapter 1. How did it strike you to \ufb01nally rea...
INFO:chroma_service:PII detected and redacted in document split: ¢Û Read Jeremiah 52. How does this text provide a fuller or di\ufb00erent picture of Jerusalem¡¯s destructi...
INFO:chroma_service:PII detected and redacted in document split: ¢Ü Although this tragedy was predictable, God was still faithful. How have you seen God faithful thro...
INFO:chroma_service:PII detected and redacted in document split: Jeremiah¡¯s ministry involved faithful service. What kind of faithful service is God...
INFO:chroma_service:PII detected and redacted in document split: calling you into in your own life?...
INFO:chroma_service:PII detected and redacted in document split: ¢Ý What would it look like for you to choose faithful service to the Lord instead of a comfortable li...
INFO:chroma_service:PII detected and redacted in document split: Additional Ideas for Practicing Faith: Spend some time this week reading about Christian martyrs who...
INFO:chroma_service:PII detected and redacted in document split: Jeremiah: Finding God in Chaos...
INFO:chroma_service:PII detected and redacted in document split: Session 11: Jeremiah 44...
INFO:chroma_service:PII detected and redacted in document split: Session Notes:...
INFO:chroma_service:PII detected and redacted in document split: ¢Ù How would you summarize the message of Jeremiah 44?...
INFO:chroma_service:PII detected and redacted in document split: ¢Ú What similarities do you see between God¡¯s word in Jeremiah 44 and earlier sections of Jeremiah?...
INFO:chroma_service:PII detected and redacted in document split: ¢Û Spend some time reading through Deuteronomy 28:15-68. How have the covenant curses come on the peo...
INFO:chroma_service:PII detected and redacted in document split: ¢Ü If God sent a prophet to you this week, what problems or issues might he address in your life? Con...
INFO:chroma_service:PII detected and redacted in document split: ¢Ý Praise the Lord that the sacri\ufb01ce of Jesus covers our sin and rebellion. What are some ways you ca...
INFO:chroma_service:PII detected and redacted in document split: Additional Ideas for Practicing Faith: On a sheet of paper, make a list of all the...
INFO:chroma_service:PII detected and redacted in document split: ways you have turned away from the Lord in the last 3 months. Now, surrender that list to the Lord, ...
INFO:chroma_service:PII detected and redacted in document split: Jeremiah: Finding God in Chaos...
INFO:chroma_service:PII detected and redacted in document split: Session 12: Jeremiah 46-51...
INFO:chroma_service:PII detected and redacted in document split: Session Notes:...
INFO:chroma_service:PII detected and redacted in document split: ¢Ù How would you summarize the message of Jeremiah 46-51?...
INFO:chroma_service:PII detected and redacted in document split: ¢Ú How does this section provide any comfort or hope for the people of Judah?...
INFO:chroma_service:PII detected and redacted in document split: ¢Û Read Jeremiah 25:15-29. What is the cup of God¡¯s wrath? Why do the nations drink it?...
INFO:chroma_service:PII detected and redacted in document split: ¢Ü Before his cruci\ufb01xion, Jesus asked God to let the cup pass from him (see Matthew 26:36-46). Do you...
INFO:chroma_service:PII detected and redacted in document split: What does it mean that Jesus drank from the cup and endured death? What...
INFO:chroma_service:PII detected and redacted in document split: implications are there for us?...
INFO:chroma_service:PII detected and redacted in document split: ¢Ý The message of Jeremiah involves trusting in the Lord; this seems to be the answer to \ufb01nding God i...
INFO:chroma_service:PII detected and redacted in document split: Additional Ideas for Practicing Faith: Take a day of solitude away from your busy life to be by your...
INFO:chroma_service:PII detected and redacted in document split: This video was made possible with support from:...
INFO:root:File Jeremiah_Finding_God_in_Chaos_7789.PDF uploaded and indexed with file_id 67
INFO:sentence_transformers.SentenceTransformer:Use pytorch device_name: cpu
INFO:sentence_transformers.SentenceTransformer:Load pretrained SentenceTransformer: sentence-transformers/all-MiniLM-L6-v2
INFO:chroma_service:PII detected and redacted in document split: JEREMIAH: Finding God in Chaos...
INFO:chroma_service:PII detected and redacted in document split: JON KEHRER | 12 SESSIONS...
INFO:chroma_service:PII detected and redacted in document split: Jeremiah: Finding God in Chaos...
INFO:chroma_service:PII detected and redacted in document split: Session 1: Jeremiah 1...
INFO:chroma_service:PII detected and redacted in document split: Session Notes:...
INFO:chroma_service:PII detected and redacted in document split: ¢Ù How would you summarize the message of Jeremiah 1?...
INFO:chroma_service:PII detected and redacted in document split: ¢Ú What about this text or about Jeremiah¡¯s call resonated with you?...
INFO:chroma_service:PII detected and redacted in document split: How have you experienced loss or trauma in your life? Can you relate to the...
INFO:chroma_service:PII detected and redacted in document split: experience as ¡°disorienting¡±?...
INFO:chroma_service:PII detected and redacted in document split: ¢Û Read Psalm 23. How does this text speak to God¡¯s presence with his people in the midst of di\ufb03cult ...
INFO:chroma_service:PII detected and redacted in document split: ¢Ü Do you believe that God walks with you in the midst of your pain? How would your life be di\ufb00erent ...
INFO:chroma_service:PII detected and redacted in document split: ¢Ý Do you consistently meditate on the fact that God is with you, even in your pain? What would it lo...
INFO:chroma_service:PII detected and redacted in document split: Additional Ideas for Practicing Faith: Consider adding an alarm to your phone or watch every day thi...
INFO:chroma_service:PII detected and redacted in document split: Jeremiah: Finding God in Chaos...
INFO:chroma_service:PII detected and redacted in document split: Session 2: Jeremiah 2...
INFO:chroma_service:PII detected and redacted in document split: Session Notes:...
INFO:chroma_service:PII detected and redacted in document split: ¢Ù How would you summarize the message of Jeremiah 2?...
INFO:chroma_service:PII detected and redacted in document split: ¢Ú Which of the metaphors from Jeremiah 2 resonated most with how God has worked in your life?...
INFO:chroma_service:PII detected and redacted in document split: Are there any other metaphors that come to your mind about your relationship...
INFO:chroma_service:PII detected and redacted in document split: with God in the past?...
INFO:chroma_service:PII detected and redacted in document split: ¢Û Read Deuteronomy 32:7-14. How is God¡¯s relationship with his people described there?...
INFO:chroma_service:PII detected and redacted in document split: Now read Deuteronomy 32:15-38. How is this similar to God¡¯s words in Jeremiah...
INFO:chroma_service:PII detected and redacted in document split: ¢Ü What metaphor best describes your relationship with God currently? How could you press in to the L...
INFO:chroma_service:PII detected and redacted in document split: ¢Ý Spend some time this week asking the Lord for wisdom and guidance to know how to align your heart ...
INFO:chroma_service:PII detected and redacted in document split: Additional Ideas for Practicing Faith: Spend thirty minutes or so charting out a timeline of your sp...
INFO:chroma_service:PII detected and redacted in document split: Jeremiah: Finding God in Chaos...
INFO:chroma_service:PII detected and redacted in document split: Session 3: Jeremiah 7:1-8:3...
INFO:chroma_service:PII detected and redacted in document split: Session Notes:...
INFO:chroma_service:PII detected and redacted in document split: ¢Ù How would you summarize the message of Jeremiah 7:1-8:3?...
INFO:chroma_service:PII detected and redacted in document split: ¢Ú The video discussed several forms of improper worship. Were any of these surprising for you? Why o...
INFO:chroma_service:PII detected and redacted in document split: ¢Û Read Mark 7:1-13. What were some forms of improper worship in use by the religious leaders in Jesu...
INFO:chroma_service:PII detected and redacted in document split: ¢Ü Think about your own worship. While you may not be o\ufb00ering sacri\ufb01ces to the Queen of Heaven, in wh...
INFO:chroma_service:PII detected and redacted in document split: ¢Ý Consider taking some time this week to re\ufb02ect on your worship. Ask the Lord for help in aligning y...
INFO:chroma_service:PII detected and redacted in document split: Additional Ideas for Practicing Faith: Experiment with a new form of worship this week. Consider vis...
INFO:chroma_service:PII detected and redacted in document split: Jeremiah: Finding God in Chaos...
INFO:chroma_service:PII detected and redacted in document split: Session 4: Jeremiah 8:4-9:22...
INFO:chroma_service:PII detected and redacted in document split: Session Notes:...
INFO:chroma_service:PII detected and redacted in document split: ¢Ù How would you summarize the message of Jeremiah 8:4-9:22?...
INFO:chroma_service:PII detected and redacted in document split: ¢Ú How have you experienced grief in the past? Do you \ufb01nd it di\ufb03cult to weep over heartbreak and trag...
INFO:chroma_service:PII detected and redacted in document split: ¢Û It may be di\ufb03cult for us to think about God expressing lament and grief over fallen Jerusalem. Is ...
INFO:chroma_service:PII detected and redacted in document split: Read John 11:28-37. How did Jesus respond to loss in the story? How is that similar...
INFO:chroma_service:PII detected and redacted in document split: or di\ufb00erent from Jeremiah 8-9?...
INFO:chroma_service:PII detected and redacted in document split: ¢Ü Sometimes, we move too quickly through grief. Are there any losses in your life that you need to r...
INFO:chroma_service:PII detected and redacted in document split: ¢Ý How does it change your life knowing that God walks with his people even in the midst of their pai...
INFO:chroma_service:PII detected and redacted in document split: Additional Ideas for Practicing Faith: Spend one hour this week alone with the Lord. Ask him if ther...
INFO:chroma_service:PII detected and redacted in document split: Jeremiah: Finding God in Chaos...
INFO:chroma_service:PII detected and redacted in document split: Session 5: Jeremiah 17:1-13...
INFO:chroma_service:PII detected and redacted in document split: Session Notes:...
INFO:chroma_service:PII detected and redacted in document split: ¢Ù How would you summarize the message of Jeremiah 17:1-13?...
INFO:chroma_service:PII detected and redacted in document split: ¢Ú What ideas or images stood out to you from this text?...
INFO:chroma_service:PII detected and redacted in document split: ¢Û Read Psalm 1. How is this similar to this text? How is it di\ufb00erent?...
INFO:chroma_service:PII detected and redacted in document split: If you were to describe your spiritual life with an agricultural metaphor...
INFO:chroma_service:PII detected and redacted in document split: (\ufb02ourishing oak tree, dry cactus in the desert, withering rose bush, etc.), what image would you cho...
INFO:chroma_service:PII detected and redacted in document split: ¢Ü Do you really believe that it is better to trust in the Lord than to trust in humans? List out som...
INFO:chroma_service:PII detected and redacted in document split: ¢Ý How would your life look di\ufb00erent this week if you chose to trust in the Lord in every situation? ...
INFO:chroma_service:PII detected and redacted in document split: Additional Ideas for Practicing Faith: Take a walk through nature and meditate on Jeremiah 17. Spend...
INFO:chroma_service:PII detected and redacted in document split: Jeremiah: Finding God in Chaos...
INFO:chroma_service:PII detected and redacted in document split: Session 6: Jeremiah 18:1-17...
INFO:chroma_service:PII detected and redacted in document split: Session Notes:...
INFO:chroma_service:PII detected and redacted in document split: ¢Ù How would you summarize the message of Jeremiah 18:1-17?...
INFO:chroma_service:PII detected and redacted in document split: ¢Ú What stood out to you from this text?...
INFO:chroma_service:PII detected and redacted in document split: ¢Û Read Genesis 1. How is God pictured at work in creation? Make a list of his characteristics and at...
INFO:chroma_service:PII detected and redacted in document split: ¢Ü Do you regularly recognize God¡¯s sovereignty over all of life? What would it look like for you to ...
INFO:chroma_service:PII detected and redacted in document split: ¢Ý Think about a big decision you will need to make this week. How could you take a step towards trus...
INFO:chroma_service:PII detected and redacted in document split: Additional Ideas for Practicing Faith: Search online for a video with a potter...
INFO:chroma_service:PII detected and redacted in document split: working at a wheel. As you watch the video, ask the Lord to speak into your heart like he did to Jer...
INFO:chroma_service:PII detected and redacted in document split: Jeremiah: Finding God in Chaos...
INFO:chroma_service:PII detected and redacted in document split: Session 7: Jeremiah 29:1-14...
INFO:chroma_service:PII detected and redacted in document split: Session Notes:...
INFO:chroma_service:PII detected and redacted in document split: ¢Ù How would you summarize the message of Jeremiah 29:1-14?...
INFO:chroma_service:PII detected and redacted in document split: ¢Ú Have you heard parts of this text before, like Jeremiah 29:11? If so, how does it change the messa...
INFO:chroma_service:PII detected and redacted in document split: ¢Û Read Psalm 88:1-7. How does the Psalmist feel in this text? How could this be similar to the feeli...
INFO:chroma_service:PII detected and redacted in document split: ¢Ü Do you have a hard time trusting God in the midst of your darkness and pain? How does this text sp...
INFO:chroma_service:PII detected and redacted in document split: ¢Ý How could you trust God in the midst of your life this week? What speci\ufb01c verse from Jeremiah 29 c...
INFO:chroma_service:PII detected and redacted in document split: Additional Ideas for Practicing Faith: Do an inductive study on the word ¡°hope¡± in the book of Psalm...
INFO:chroma_service:PII detected and redacted in document split: Jeremiah: Finding God in Chaos...
INFO:chroma_service:PII detected and redacted in document split: Session 8: Jeremiah 31:1-34...
INFO:chroma_service:PII detected and redacted in document split: Session Notes:...
INFO:chroma_service:PII detected and redacted in document split: ¢Ù How would you summarize the message of Jeremiah 31:1-34?...
INFO:chroma_service:PII detected and redacted in document split: ¢Ú Which of the pictures of renewal most resonated with you? Why?...
INFO:chroma_service:PII detected and redacted in document split: ¢Û Read Hebrews 8. How does the writer of Hebrews use this text from Jeremiah?...
INFO:chroma_service:PII detected and redacted in document split: ¢Ü Do you believe that God could renew you? What areas of your life are most in need of God¡¯s renewal...
INFO:chroma_service:PII detected and redacted in document split: What barriers do you think you will face if you invite God in to renew these areas?...
INFO:chroma_service:PII detected and redacted in document split: ¢Ý Jesus has initiated the new covenant with us. How could you celebrate his sacri\ufb01ce this week?...
INFO:chroma_service:PII detected and redacted in document split: Additional Ideas for Practicing Faith: Search online for the painting, Christ...
INFO:chroma_service:PII detected and redacted in document split: Carrying the Cross by Tiziano Vecellio. Spend some time meditating on Jesus¡¯ sacri\ufb01ce for us while r...
INFO:chroma_service:PII detected and redacted in document split: Jeremiah: Finding God in Chaos...
INFO:chroma_service:PII detected and redacted in document split: Session 9: Jeremiah 36...
INFO:chroma_service:PII detected and redacted in document split: Session Notes:...
INFO:chroma_service:PII detected and redacted in document split: ¢Ù How would you summarize the message of Jeremiah 36?...
INFO:chroma_service:PII detected and redacted in document split: ¢Ú What elements of the story stood out to you?...
INFO:chroma_service:PII detected and redacted in document split: ¢Û Read 2 Kings 23:36-24:7. How is Jehoiakim described in that text? What do we learn about his chara...
INFO:chroma_service:PII detected and redacted in document split: ¢Ü Jehoiakim joined a long line of world rulers who tried to silence God¡¯s word. Read Isaiah 40:6-8. ...
INFO:chroma_service:PII detected and redacted in document split: Now read 1 Peter 1:22-25. What impact does the Word of God have on us?...
INFO:chroma_service:PII detected and redacted in document split: ¢Ý How could you honor the Word of God in your life this week?...
INFO:chroma_service:PII detected and redacted in document split: Additional Ideas for Practicing Faith: Spend some time meditating on how many individuals were respo...
INFO:chroma_service:PII detected and redacted in document split: Jeremiah: Finding God in Chaos...
INFO:chroma_service:PII detected and redacted in document split: Session 10: Jeremiah 39:1-40:6...
INFO:chroma_service:PII detected and redacted in document split: Session Notes:...
INFO:chroma_service:PII detected and redacted in document split: ¢Ù How would you summarize the message of Jeremiah 39:1-40:6?...
INFO:chroma_service:PII detected and redacted in document split: ¢Ú The book of Jeremiah has predicted this moment from chapter 1. How did it strike you to \ufb01nally rea...
INFO:chroma_service:PII detected and redacted in document split: ¢Û Read Jeremiah 52. How does this text provide a fuller or di\ufb00erent picture of Jerusalem¡¯s destructi...
INFO:chroma_service:PII detected and redacted in document split: ¢Ü Although this tragedy was predictable, God was still faithful. How have you seen God faithful thro...
INFO:chroma_service:PII detected and redacted in document split: Jeremiah¡¯s ministry involved faithful service. What kind of faithful service is God...
INFO:chroma_service:PII detected and redacted in document split: calling you into in your own life?...
INFO:chroma_service:PII detected and redacted in document split: ¢Ý What would it look like for you to choose faithful service to the Lord instead of a comfortable li...
INFO:chroma_service:PII detected and redacted in document split: Additional Ideas for Practicing Faith: Spend some time this week reading about Christian martyrs who...
INFO:chroma_service:PII detected and redacted in document split: Jeremiah: Finding God in Chaos...
INFO:chroma_service:PII detected and redacted in document split: Session 11: Jeremiah 44...
INFO:chroma_service:PII detected and redacted in document split: Session Notes:...
INFO:chroma_service:PII detected and redacted in document split: ¢Ù How would you summarize the message of Jeremiah 44?...
INFO:chroma_service:PII detected and redacted in document split: ¢Ú What similarities do you see between God¡¯s word in Jeremiah 44 and earlier sections of Jeremiah?...
INFO:chroma_service:PII detected and redacted in document split: ¢Û Spend some time reading through Deuteronomy 28:15-68. How have the covenant curses come on the peo...
INFO:chroma_service:PII detected and redacted in document split: ¢Ü If God sent a prophet to you this week, what problems or issues might he address in your life? Con...
INFO:chroma_service:PII detected and redacted in document split: ¢Ý Praise the Lord that the sacri\ufb01ce of Jesus covers our sin and rebellion. What are some ways you ca...
INFO:chroma_service:PII detected and redacted in document split: Additional Ideas for Practicing Faith: On a sheet of paper, make a list of all the...
INFO:chroma_service:PII detected and redacted in document split: ways you have turned away from the Lord in the last 3 months. Now, surrender that list to the Lord, ...
INFO:chroma_service:PII detected and redacted in document split: Jeremiah: Finding God in Chaos...
INFO:chroma_service:PII detected and redacted in document split: Session 12: Jeremiah 46-51...
INFO:chroma_service:PII detected and redacted in document split: Session Notes:...
INFO:chroma_service:PII detected and redacted in document split: ¢Ù How would you summarize the message of Jeremiah 46-51?...
INFO:chroma_service:PII detected and redacted in document split: ¢Ú How does this section provide any comfort or hope for the people of Judah?...
INFO:chroma_service:PII detected and redacted in document split: ¢Û Read Jeremiah 25:15-29. What is the cup of God¡¯s wrath? Why do the nations drink it?...
INFO:chroma_service:PII detected and redacted in document split: ¢Ü Before his cruci\ufb01xion, Jesus asked God to let the cup pass from him (see Matthew 26:36-46). Do you...
INFO:chroma_service:PII detected and redacted in document split: What does it mean that Jesus drank from the cup and endured death? What...
INFO:chroma_service:PII detected and redacted in document split: implications are there for us?...
INFO:chroma_service:PII detected and redacted in document split: ¢Ý The message of Jeremiah involves trusting in the Lord; this seems to be the answer to \ufb01nding God i...
INFO:chroma_service:PII detected and redacted in document split: Additional Ideas for Practicing Faith: Take a day of solitude away from your busy life to be by your...
INFO:chroma_service:PII detected and redacted in document split: This video was made possible with support from:...
INFO:root:File Jeremiah_Finding_God_in_Chaos_7789.PDF uploaded and indexed with file_id 68
INFO:sentence_transformers.SentenceTransformer:Use pytorch device_name: cpu
INFO:sentence_transformers.SentenceTransformer:Load pretrained SentenceTransformer: sentence-transformers/all-MiniLM-L6-v2
INFO:chroma_service:PII detected and redacted in document split: JEREMIAH: Finding God in Chaos...
INFO:chroma_service:PII detected and redacted in document split: JON KEHRER | 12 SESSIONS...
INFO:chroma_service:PII detected and redacted in document split: Jeremiah: Finding God in Chaos...
INFO:chroma_service:PII detected and redacted in document split: Session 1: Jeremiah 1...
INFO:chroma_service:PII detected and redacted in document split: Session Notes:...
INFO:chroma_service:PII detected and redacted in document split: ¢Ù How would you summarize the message of Jeremiah 1?...
INFO:chroma_service:PII detected and redacted in document split: ¢Ú What about this text or about Jeremiah¡¯s call resonated with you?...
INFO:chroma_service:PII detected and redacted in document split: How have you experienced loss or trauma in your life? Can you relate to the...
INFO:chroma_service:PII detected and redacted in document split: experience as ¡°disorienting¡±?...
INFO:chroma_service:PII detected and redacted in document split: ¢Û Read Psalm 23. How does this text speak to God¡¯s presence with his people in the midst of di\ufb03cult ...
INFO:chroma_service:PII detected and redacted in document split: ¢Ü Do you believe that God walks with you in the midst of your pain? How would your life be di\ufb00erent ...
INFO:chroma_service:PII detected and redacted in document split: ¢Ý Do you consistently meditate on the fact that God is with you, even in your pain? What would it lo...
INFO:chroma_service:PII detected and redacted in document split: Additional Ideas for Practicing Faith: Consider adding an alarm to your phone or watch every day thi...
INFO:chroma_service:PII detected and redacted in document split: Jeremiah: Finding God in Chaos...
INFO:chroma_service:PII detected and redacted in document split: Session 2: Jeremiah 2...
INFO:chroma_service:PII detected and redacted in document split: Session Notes:...
INFO:chroma_service:PII detected and redacted in document split: ¢Ù How would you summarize the message of Jeremiah 2?...
INFO:chroma_service:PII detected and redacted in document split: ¢Ú Which of the metaphors from Jeremiah 2 resonated most with how God has worked in your life?...
INFO:chroma_service:PII detected and redacted in document split: Are there any other metaphors that come to your mind about your relationship...
INFO:chroma_service:PII detected and redacted in document split: with God in the past?...
INFO:chroma_service:PII detected and redacted in document split: ¢Û Read Deuteronomy 32:7-14. How is God¡¯s relationship with his people described there?...
INFO:chroma_service:PII detected and redacted in document split: Now read Deuteronomy 32:15-38. How is this similar to God¡¯s words in Jeremiah...
INFO:chroma_service:PII detected and redacted in document split: ¢Ü What metaphor best describes your relationship with God currently? How could you press in to the L...
INFO:chroma_service:PII detected and redacted in document split: ¢Ý Spend some time this week asking the Lord for wisdom and guidance to know how to align your heart ...
INFO:chroma_service:PII detected and redacted in document split: Additional Ideas for Practicing Faith: Spend thirty minutes or so charting out a timeline of your sp...
INFO:chroma_service:PII detected and redacted in document split: Jeremiah: Finding God in Chaos...
INFO:chroma_service:PII detected and redacted in document split: Session 3: Jeremiah 7:1-8:3...
INFO:chroma_service:PII detected and redacted in document split: Session Notes:...
INFO:chroma_service:PII detected and redacted in document split: ¢Ù How would you summarize the message of Jeremiah 7:1-8:3?...
INFO:chroma_service:PII detected and redacted in document split: ¢Ú The video discussed several forms of improper worship. Were any of these surprising for you? Why o...
INFO:chroma_service:PII detected and redacted in document split: ¢Û Read Mark 7:1-13. What were some forms of improper worship in use by the religious leaders in Jesu...
INFO:chroma_service:PII detected and redacted in document split: ¢Ü Think about your own worship. While you may not be o\ufb00ering sacri\ufb01ces to the Queen of Heaven, in wh...
INFO:chroma_service:PII detected and redacted in document split: ¢Ý Consider taking some time this week to re\ufb02ect on your worship. Ask the Lord for help in aligning y...
INFO:chroma_service:PII detected and redacted in document split: Additional Ideas for Practicing Faith: Experiment with a new form of worship this week. Consider vis...
INFO:chroma_service:PII detected and redacted in document split: Jeremiah: Finding God in Chaos...
INFO:chroma_service:PII detected and redacted in document split: Session 4: Jeremiah 8:4-9:22...
INFO:chroma_service:PII detected and redacted in document split: Session Notes:...
INFO:chroma_service:PII detected and redacted in document split: ¢Ù How would you summarize the message of Jeremiah 8:4-9:22?...
INFO:chroma_service:PII detected and redacted in document split: ¢Ú How have you experienced grief in the past? Do you \ufb01nd it di\ufb03cult to weep over heartbreak and trag...
INFO:chroma_service:PII detected and redacted in document split: ¢Û It may be di\ufb03cult for us to think about God expressing lament and grief over fallen Jerusalem. Is ...
INFO:chroma_service:PII detected and redacted in document split: Read John 11:28-37. How did Jesus respond to loss in the story? How is that similar...
INFO:chroma_service:PII detected and redacted in document split: or di\ufb00erent from Jeremiah 8-9?...
INFO:chroma_service:PII detected and redacted in document split: ¢Ü Sometimes, we move too quickly through grief. Are there any losses in your life that you need to r...
INFO:chroma_service:PII detected and redacted in document split: ¢Ý How does it change your life knowing that God walks with his people even in the midst of their pai...
INFO:chroma_service:PII detected and redacted in document split: Additional Ideas for Practicing Faith: Spend one hour this week alone with the Lord. Ask him if ther...
INFO:chroma_service:PII detected and redacted in document split: Jeremiah: Finding God in Chaos...
INFO:chroma_service:PII detected and redacted in document split: Session 5: Jeremiah 17:1-13...
INFO:chroma_service:PII detected and redacted in document split: Session Notes:...
INFO:chroma_service:PII detected and redacted in document split: ¢Ù How would you summarize the message of Jeremiah 17:1-13?...
INFO:chroma_service:PII detected and redacted in document split: ¢Ú What ideas or images stood out to you from this text?...
INFO:chroma_service:PII detected and redacted in document split: ¢Û Read Psalm 1. How is this similar to this text? How is it di\ufb00erent?...
INFO:chroma_service:PII detected and redacted in document split: If you were to describe your spiritual life with an agricultural metaphor...
INFO:chroma_service:PII detected and redacted in document split: (\ufb02ourishing oak tree, dry cactus in the desert, withering rose bush, etc.), what image would you cho...
INFO:chroma_service:PII detected and redacted in document split: ¢Ü Do you really believe that it is better to trust in the Lord than to trust in humans? List out som...
INFO:chroma_service:PII detected and redacted in document split: ¢Ý How would your life look di\ufb00erent this week if you chose to trust in the Lord in every situation? ...
INFO:chroma_service:PII detected and redacted in document split: Additional Ideas for Practicing Faith: Take a walk through nature and meditate on Jeremiah 17. Spend...
INFO:chroma_service:PII detected and redacted in document split: Jeremiah: Finding God in Chaos...
INFO:chroma_service:PII detected and redacted in document split: Session 6: Jeremiah 18:1-17...
INFO:chroma_service:PII detected and redacted in document split: Session Notes:...
INFO:chroma_service:PII detected and redacted in document split: ¢Ù How would you summarize the message of Jeremiah 18:1-17?...
INFO:chroma_service:PII detected and redacted in document split: ¢Ú What stood out to you from this text?...
INFO:chroma_service:PII detected and redacted in document split: ¢Û Read Genesis 1. How is God pictured at work in creation? Make a list of his characteristics and at...
INFO:chroma_service:PII detected and redacted in document split: ¢Ü Do you regularly recognize God¡¯s sovereignty over all of life? What would it look like for you to ...
INFO:chroma_service:PII detected and redacted in document split: ¢Ý Think about a big decision you will need to make this week. How could you take a step towards trus...
INFO:chroma_service:PII detected and redacted in document split: Additional Ideas for Practicing Faith: Search online for a video with a potter...
INFO:chroma_service:PII detected and redacted in document split: working at a wheel. As you watch the video, ask the Lord to speak into your heart like he did to Jer...
INFO:chroma_service:PII detected and redacted in document split: Jeremiah: Finding God in Chaos...
INFO:chroma_service:PII detected and redacted in document split: Session 7: Jeremiah 29:1-14...
INFO:chroma_service:PII detected and redacted in document split: Session Notes:...
INFO:chroma_service:PII detected and redacted in document split: ¢Ù How would you summarize the message of Jeremiah 29:1-14?...
INFO:chroma_service:PII detected and redacted in document split: ¢Ú Have you heard parts of this text before, like Jeremiah 29:11? If so, how does it change the messa...
INFO:chroma_service:PII detected and redacted in document split: ¢Û Read Psalm 88:1-7. How does the Psalmist feel in this text? How could this be similar to the feeli...
INFO:chroma_service:PII detected and redacted in document split: ¢Ü Do you have a hard time trusting God in the midst of your darkness and pain? How does this text sp...
INFO:chroma_service:PII detected and redacted in document split: ¢Ý How could you trust God in the midst of your life this week? What speci\ufb01c verse from Jeremiah 29 c...
INFO:chroma_service:PII detected and redacted in document split: Additional Ideas for Practicing Faith: Do an inductive study on the word ¡°hope¡± in the book of Psalm...
INFO:chroma_service:PII detected and redacted in document split: Jeremiah: Finding God in Chaos...
INFO:chroma_service:PII detected and redacted in document split: Session 8: Jeremiah 31:1-34...
INFO:chroma_service:PII detected and redacted in document split: Session Notes:...
INFO:chroma_service:PII detected and redacted in document split: ¢Ù How would you summarize the message of Jeremiah 31:1-34?...
INFO:chroma_service:PII detected and redacted in document split: ¢Ú Which of the pictures of renewal most resonated with you? Why?...
INFO:chroma_service:PII detected and redacted in document split: ¢Û Read Hebrews 8. How does the writer of Hebrews use this text from Jeremiah?...
INFO:chroma_service:PII detected and redacted in document split: ¢Ü Do you believe that God could renew you? What areas of your life are most in need of God¡¯s renewal...
INFO:chroma_service:PII detected and redacted in document split: What barriers do you think you will face if you invite God in to renew these areas?...
INFO:chroma_service:PII detected and redacted in document split: ¢Ý Jesus has initiated the new covenant with us. How could you celebrate his sacri\ufb01ce this week?...
INFO:chroma_service:PII detected and redacted in document split: Additional Ideas for Practicing Faith: Search online for the painting, Christ...
INFO:chroma_service:PII detected and redacted in document split: Carrying the Cross by Tiziano Vecellio. Spend some time meditating on Jesus¡¯ sacri\ufb01ce for us while r...
INFO:chroma_service:PII detected and redacted in document split: Jeremiah: Finding God in Chaos...
INFO:chroma_service:PII detected and redacted in document split: Session 9: Jeremiah 36...
INFO:chroma_service:PII detected and redacted in document split: Session Notes:...
INFO:chroma_service:PII detected and redacted in document split: ¢Ù How would you summarize the message of Jeremiah 36?...
INFO:chroma_service:PII detected and redacted in document split: ¢Ú What elements of the story stood out to you?...
INFO:chroma_service:PII detected and redacted in document split: ¢Û Read 2 Kings 23:36-24:7. How is Jehoiakim described in that text? What do we learn about his chara...
INFO:chroma_service:PII detected and redacted in document split: ¢Ü Jehoiakim joined a long line of world rulers who tried to silence God¡¯s word. Read Isaiah 40:6-8. ...
INFO:chroma_service:PII detected and redacted in document split: Now read 1 Peter 1:22-25. What impact does the Word of God have on us?...
INFO:chroma_service:PII detected and redacted in document split: ¢Ý How could you honor the Word of God in your life this week?...
INFO:chroma_service:PII detected and redacted in document split: Additional Ideas for Practicing Faith: Spend some time meditating on how many individuals were respo...
INFO:chroma_service:PII detected and redacted in document split: Jeremiah: Finding God in Chaos...
INFO:chroma_service:PII detected and redacted in document split: Session 10: Jeremiah 39:1-40:6...
INFO:chroma_service:PII detected and redacted in document split: Session Notes:...
INFO:chroma_service:PII detected and redacted in document split: ¢Ù How would you summarize the message of Jeremiah 39:1-40:6?...
INFO:chroma_service:PII detected and redacted in document split: ¢Ú The book of Jeremiah has predicted this moment from chapter 1. How did it strike you to \ufb01nally rea...
INFO:chroma_service:PII detected and redacted in document split: ¢Û Read Jeremiah 52. How does this text provide a fuller or di\ufb00erent picture of Jerusalem¡¯s destructi...
INFO:chroma_service:PII detected and redacted in document split: ¢Ü Although this tragedy was predictable, God was still faithful. How have you seen God faithful thro...
INFO:chroma_service:PII detected and redacted in document split: Jeremiah¡¯s ministry involved faithful service. What kind of faithful service is God...
INFO:chroma_service:PII detected and redacted in document split: calling you into in your own life?...
INFO:chroma_service:PII detected and redacted in document split: ¢Ý What would it look like for you to choose faithful service to the Lord instead of a comfortable li...
INFO:chroma_service:PII detected and redacted in document split: Additional Ideas for Practicing Faith: Spend some time this week reading about Christian martyrs who...
INFO:chroma_service:PII detected and redacted in document split: Jeremiah: Finding God in Chaos...
INFO:chroma_service:PII detected and redacted in document split: Session 11: Jeremiah 44...
INFO:chroma_service:PII detected and redacted in document split: Session Notes:...
INFO:chroma_service:PII detected and redacted in document split: ¢Ù How would you summarize the message of Jeremiah 44?...
INFO:chroma_service:PII detected and redacted in document split: ¢Ú What similarities do you see between God¡¯s word in Jeremiah 44 and earlier sections of Jeremiah?...
INFO:chroma_service:PII detected and redacted in document split: ¢Û Spend some time reading through Deuteronomy 28:15-68. How have the covenant curses come on the peo...
INFO:chroma_service:PII detected and redacted in document split: ¢Ü If God sent a prophet to you this week, what problems or issues might he address in your life? Con...
INFO:chroma_service:PII detected and redacted in document split: ¢Ý Praise the Lord that the sacri\ufb01ce of Jesus covers our sin and rebellion. What are some ways you ca...
INFO:chroma_service:PII detected and redacted in document split: Additional Ideas for Practicing Faith: On a sheet of paper, make a list of all the...
INFO:chroma_service:PII detected and redacted in document split: ways you have turned away from the Lord in the last 3 months. Now, surrender that list to the Lord, ...
INFO:chroma_service:PII detected and redacted in document split: Jeremiah: Finding God in Chaos...
INFO:chroma_service:PII detected and redacted in document split: Session 12: Jeremiah 46-51...
INFO:chroma_service:PII detected and redacted in document split: Session Notes:...
INFO:chroma_service:PII detected and redacted in document split: ¢Ù How would you summarize the message of Jeremiah 46-51?...
INFO:chroma_service:PII detected and redacted in document split: ¢Ú How does this section provide any comfort or hope for the people of Judah?...
INFO:chroma_service:PII detected and redacted in document split: ¢Û Read Jeremiah 25:15-29. What is the cup of God¡¯s wrath? Why do the nations drink it?...
INFO:chroma_service:PII detected and redacted in document split: ¢Ü Before his cruci\ufb01xion, Jesus asked God to let the cup pass from him (see Matthew 26:36-46). Do you...
INFO:chroma_service:PII detected and redacted in document split: What does it mean that Jesus drank from the cup and endured death? What...
INFO:chroma_service:PII detected and redacted in document split: implications are there for us?...
INFO:chroma_service:PII detected and redacted in document split: ¢Ý The message of Jeremiah involves trusting in the Lord; this seems to be the answer to \ufb01nding God i...
INFO:chroma_service:PII detected and redacted in document split: Additional Ideas for Practicing Faith: Take a day of solitude away from your busy life to be by your...
INFO:chroma_service:PII detected and redacted in document split: This video was made possible with support from:...
INFO:root:File Jeremiah_Finding_God_in_Chaos_7789.PDF uploaded and indexed with file_id 69
INFO:sentence_transformers.SentenceTransformer:Use pytorch device_name: cpu
INFO:sentence_transformers.SentenceTransformer:Load pretrained SentenceTransformer: sentence-transformers/all-MiniLM-L6-v2
WARNING:pdfminer.pdfpage:The PDF <_io.BufferedReader name='temp_MPF SCHEME - MEMBER INFORMATION CHANGE FORM.pdf'> contains a metadata field indicating that it should not allow text extraction. Ignoring this field and proceeding. Use the check_extractable if you want to raise an error in this case
INFO:chroma_service:PII detected and redacted in document split: Internal use only ƒÈ²¿Œ£ÓÃ...
INFO:chroma_service:PII detected and redacted in document split: Go Green with E-Submission for E\ufb03ciency žé¸üÓÐÐ§ÂÊ ÕˆÊ¹ÓÃëŠ×Ó±í¸ñ...
INFO:chroma_service:PII detected and redacted in document split: eMPF Received Date:...
INFO:chroma_service:PII detected and redacted in document split: MPF SCHEME ¨C MEMBER INFORMATION CHANGE FORM Š·e½ðÓ‹„ £­ ³É†T¸ü¸ÄÙYÁÏ±í¸ñ...
INFO:chroma_service:PII detected and redacted in document split: eMPF Web Portal ·e½ðÒ×¾WÉÏÆ½Ì¨...
INFO:chroma_service:PII detected and redacted in document split: Important Notes ÖØÒªÊÂí— : 1. Please read the following notes before completing this form. Õˆì¶ÌîŒ‘±¾±í¸ñÇ°…¢é†ÒÔÏÂ×¢...
INFO:chroma_service:PII detected and redacted in document split: eMPF Platform Company Limited ( "eMPF Company" ), a wholly owned subsidiary of the Mandatory Provide...
INFO:chroma_service:PII detected and redacted in document split: . For details, please refer to the Appendix A: List of "Personal Information Collection Statement" (...
INFO:chroma_service:PII detected and redacted in document split: . If not, please submit your request via eMPF Member Portal or visit eMPF Service Centre to provide ...
INFO:chroma_service:PII detected and redacted in document split: General Terms and Conditions of the eMPF Platform ·e½ðÒ×Æ½Ì¨ Ò»°ã—l¿î¼°¼š„t...
INFO:chroma_service:PII detected and redacted in document split: (iii) The "Scheme(s)" refers to the MPF Scheme(s) which is / are listed in Part A of this form. For ...
INFO:chroma_service:PII detected and redacted in document split: A ²¿·ÖËùÁÐµÄŠ·e½ðÓ‹„¡£Ô”ÇéÕˆ…¢é†¸½ä› A¡£...
INFO:chroma_service:PII detected and redacted in document split: (iv) The "Trustee(s)" refers to the trustee(s) which is / are associated with the Scheme(s) listed i...
INFO:chroma_service:PII detected and redacted in document split: A.¡¸ÊÜÓšÈË¡¹Ö¸ì¶±¾±í¸ñ A ²¿·ÖËùÁÐµÄÓ‹„ÆäÏàêPÊÜÓšÈË£¬Ô”ÇéÕˆ…¢é†¸½ä› A¡£ The "Member" refers to the individual whose details are set ...
INFO:chroma_service:PII detected and redacted in document split: (v) The changes provided in this form will supersede any previous information which has been kept by...
INFO:chroma_service:PII detected and redacted in document split: 3. You must notify the eMPF Platform within 30 days via accessing eMPF Member Portal, or completing ...
INFO:chroma_service:PII detected and redacted in document split: . ÈçÄãµÄ‚€ÈËÙYÁÏ ( °üÀ¨µ«²»ÏÞì¶³É†TÐÕÃû¡¢Éí·Ö×CÃ÷ÎÄ¼þÌ–´a¡¢³öÉúÈÕÆÚ¡¢¾Ó×¡µØÖ·¡¢Í¨ÓµØÖ·¼°¶„Õ¾ÓÁôË¾·¨¹ÜÝ …^ ) ÓÐÈÎºÎ×ƒ¸ü ¶øŒ§ÖÂ¶„Õ¾ÓÃñÉí·Ö×ÔÎÒ×CÃ÷²»Õý´_¡¢²»œÊ´_»ò²»ÍêÕû£¬Äã±ØíšÔÚ×ƒ¸üááµÄ 3...
INFO:chroma_service:PII detected and redacted in document split: 4. Please complete this form in BLOCK LETTERS with black or blue pen and tick the appropriate box(es...
INFO:chroma_service:PII detected and redacted in document split: The signature ( including countersign ) in this form should match with the signature specimen of the...
INFO:chroma_service:PII detected and redacted in document split: . If there are any omissions ( including but not limited to missing page(s) / supporting document(s)...
INFO:chroma_service:PII detected and redacted in document split: . For details, please refer to the Appendix A. If you wish to update the use of your personal data f...
INFO:chroma_service:PII detected and redacted in document split: A. MEMBER PARTICULARS ³É†TÙYÁÏ...
INFO:chroma_service:PII detected and redacted in document split: (1) Member Account(s) Required To Be Updated ÐèÒª¸ü¸ÄµÄ³É†TŽ¤‘ô ( Please select option (i) OR (ii) and tick a...
INFO:chroma_service:PII detected and redacted in document split: (i) All my MPF accounts under the eMPF Platform ì¶·e½ðÒ×Æ½Ì¨ÏÂ±¾ÈËËùÓÐŠ·e½ðŽ¤‘ô...
INFO:chroma_service:PII detected and redacted in document split: (ii) My specific account under the eMPF Platform listed as below ·e½ðÒ×Æ½Ì¨ÏÂÏÂÁÐ±¾ÈËÖ¸¶¨µÄŠ·e½ðŽ¤‘ô...
INFO:chroma_service:PII detected and redacted in document split: ( Please fill in additional form(s) if you have more than 1 account under the same scheme or differe...
INFO:chroma_service:PII detected and redacted in document split: a. Scheme Name Ó‹„Ãû·Q ( Please refer to the Appendix A Õˆ…¢é†¸½ä› A )...
INFO:chroma_service:PII detected and redacted in document split: b. Member Account No. ³É†TŽ¤‘ôÌ–´a...
INFO:chroma_service:PII detected and redacted in document split: (2) Member Name ³É†TÃû·Q ( As shown on HKID Card / Passport ÅcÏã¸ÛÉí·Ý×C¨u×oÕÕÉÏµÄÐÕÃûÏàÍ¬ )...
INFO:chroma_service:PII detected and redacted in document split: (3) Identi\ufb01cation Éí·Ö×CÃ÷...
INFO:chroma_service:PII detected and redacted in document split: HKID Card Ïã¸ÛÉí·Ý×C...
INFO:chroma_service:PII detected and redacted in document split: Passport ×oÕÕ ( Applicable ONLY for an individual without HKID Card ƒH¹©›]ÓÐÏã¸ÛÉí·Ý×CÈËÊ¿ÌîŒ‘ )...
INFO:chroma_service:PII detected and redacted in document split: Document No. ×C¼þÌ–´a...
INFO:chroma_service:PII detected and redacted in document split: B. CHANGE OF MEMBER PARTICULARS 1 ¸ü¸Ä³É†TÙYÁÏ 1 ( Complete only those details to be changed Ö»ÐèÌîŒ‘Ðè¸ü¸ÄµÄÙYÁÏ )...
INFO:chroma_service:PII detected and redacted in document split: (1) Change of Contact Information ¸ü¸ÄÂ“½jÙYÁÏ...
INFO:chroma_service:PII detected and redacted in document split: (i) New Address ÐÂµØÖ·...
INFO:chroma_service:PII detected and redacted in document split: Please tick the appropriate type and provide the relevant information. ÕˆÔÚßm®”·½¸ñÌîÉÏÌÞÌ–KÌá¹©ÏàêPÙYÁÏ¡£...
INFO:chroma_service:PII detected and redacted in document split: Address Type µØÖ·î„e...
INFO:chroma_service:PII detected and redacted in document split: Residential Address 2 & 3 ¾Ó×¡µØÖ· 2 ¼° 3...
INFO:chroma_service:PII detected and redacted in document split: Correspondence Address Í¨ÓµØÖ·...
INFO:chroma_service:PII detected and redacted in document split: Please provide either English OR Chinese Address. If the space provided below is insu\ufb03cient, please ...
INFO:chroma_service:PII detected and redacted in document split: Flat / Room †ÎÎ»¨uÊÒ...
INFO:chroma_service:PII detected and redacted in document split: Floor ŒÓ”µ Block ×ù...
INFO:chroma_service:PII detected and redacted in document split: Building / Estate ´óB¨uÎÝÔ·...
INFO:chroma_service:PII detected and redacted in document split: Street ( Street No. and Street Name ) ½ÖµÀ ( ½ÖÌ–¼°½ÖµÀÃû·Q )...
INFO:chroma_service:PII detected and redacted in document split: District Area …^Óò...
INFO:chroma_service:PII detected and redacted in document split: Hong Kong Ïã¸Û...
INFO:chroma_service:PII detected and redacted in document split: Kowloon ¾Åýˆ...
INFO:chroma_service:PII detected and redacted in document split: New Territories...
INFO:chroma_service:PII detected and redacted in document split: ÐÂ½ç ¡ô City ³ÇÊÐ ¡ô ¡ô...
INFO:chroma_service:PII detected and redacted in document split: Country ‡ø¼Ò...
INFO:chroma_service:PII detected and redacted in document split: ¡ô¨uµØ…^ ¡ô...
INFO:chroma_service:PII detected and redacted in document split: Postal code à]Õþ¾ŽÌ–...
INFO:chroma_service:PII detected and redacted in document split: Applicable to address outside Hong Kong only Ö»ßmÓÃì¶Ïã¸ÛÒÔÍâµØÖ·...
INFO:chroma_service:PII detected and redacted in document split: (ii) New Telephone Nos. ÐÂëŠÔ’Ì–´a...
INFO:chroma_service:PII detected and redacted in document split: Mobile Phone No. ÊÖÌáëŠÔ’Ì–´a...
INFO:chroma_service:PII detected and redacted in document split: Secondary Telephone No. µÚ¶þÂ“½jëŠÔ’Ì–´a...
INFO:chroma_service:PII detected and redacted in document split: ( Country / Area Code # ‡ø¼Ò¨uµØ…^¾ŽÌ– # )...
INFO:chroma_service:PII detected and redacted in document split: ( Country / Area Code # ‡ø¼Ò¨uµØ…^¾ŽÌ– # )...
INFO:chroma_service:PII detected and redacted in document split: # SMS ( if applicable ) will be sent to Hong Kong mobile phone no. only. If no country / area code i...
INFO:chroma_service:PII detected and redacted in document split: (iii) New Email Address ÐÂëŠà]µØÖ·...
INFO:chroma_service:PII detected and redacted in document split: (2) Correction of Date of Birth 3 & 4 ¸üÕý³öÉúÈÕÆÚ 3 ¼° 4...
INFO:chroma_service:PII detected and redacted in document split: Date of Birth ³öÉúÈÕÆÚ...
INFO:chroma_service:PII detected and redacted in document split: (3) Change / Correction of Identi\ufb01cation 3 ¸ü¸Ä¨u¸üÕýÉí·Ö×CÃ÷ 3...
INFO:chroma_service:PII detected and redacted in document split: HKID Card Ïã¸ÛÉí·Ý×C...
INFO:chroma_service:PII detected and redacted in document split: Passport ×oÕÕ ( Applicable ONLY for an individual without HKID Card ƒH¹©›]ÓÐÏã¸ÛÉí·Ý×CÈËÊ¿ÌîŒ‘ )...
INFO:chroma_service:PII detected and redacted in document split: Document No. ×C¼þÌ–´a...
INFO:chroma_service:PII detected and redacted in document split: (4) Change of Nationality 3 ¸ü¸Ä‡ø¼® 3...
INFO:chroma_service:PII detected and redacted in document split: Nationality ‡ø¼®...
INFO:chroma_service:PII detected and redacted in document split: (5) Change / Correction of Name 3 and / or Signature Specimen 3 ¸ü¸Ä¨u¸üÕýÐÕÃû 3 ¼°¨u»òºžÊð˜ÓÊ½ 3...
INFO:chroma_service:PII detected and redacted in document split: (i) Member Name ³É†TÃû·Q ( As shown on HKID Card / Passport ÅcÏã¸ÛÉí·Ý×C¨u×oÕÕÉÏµÄÐÕÃûÏàÍ¬ )...
INFO:chroma_service:PII detected and redacted in document split: Surname in English Ó¢ÎÄÐÕÊÏ...
INFO:chroma_service:PII detected and redacted in document split: Given Name in English Ó¢ÎÄÃû×Ö...
INFO:chroma_service:PII detected and redacted in document split: Name in Chinese ÖÐÎÄÐÕÃû...
INFO:chroma_service:PII detected and redacted in document split: ( Surname ÐÕÊÏ )...
INFO:chroma_service:PII detected and redacted in document split: ( Given Name Ãû×Ö )...
INFO:chroma_service:PII detected and redacted in document split: (ii) New Signature Specimen ÐÂºžÊð˜ÓÊ½...
INFO:chroma_service:PII detected and redacted in document split: 1 For employee member, if you / your employer wish(es) to update member particulars in relation to y...
INFO:chroma_service:PII detected and redacted in document split: 2 P.O. Box address is not accepted. Ë¡²»½ÓÊÜà]ÕþÐÅÏäµØÖ·¡£ 3 Please refer to Appendix B for the required docume...
INFO:chroma_service:PII detected and redacted in document split: subsequent MPF related services. Õˆ…¢é†¸½ä› B ÒÔÌá¹©¸ü¸ÄÙYÁÏËùÐèÎÄ¼þ¡£ÈçÎ´ÄÜÌá¹©ËùÐèÎÄ¼þ£¬·e½ðÒ×Æ½Ì¨Œ¢Ÿo·¨Ìá¹©ëSááµÄŠ·e½ðÏàêP·þ„Õ¡£...
INFO:chroma_service:PII detected and redacted in document split: If you have invested in the Default Investment Strategy, according to the automatic de-risking mecha...
INFO:chroma_service:PII detected and redacted in document split: C. CHANGE OF COMMUNICATION MEANS OF THE SCHEME ¸ü¸ÄÓ‹„µÄÍ¨ÓÍ¾½...
INFO:chroma_service:PII detected and redacted in document split: I hereby withdraw the consent to receive, inter alia, notices or other documents by electronic means...
INFO:chroma_service:PII detected and redacted in document split: . I understand and agree that such withdrawal (i) will be irrevocable; (ii) ( applicable if I have r...
INFO:chroma_service:PII detected and redacted in document split: and until my consent given to eMPF Platform Company is revoked; and (iii) will not have any impact o...
INFO:chroma_service:PII detected and redacted in document split: . ±¾ÈËÖ”´Ë³·»ØÏÈÇ°°üÀ¨¾Í¡¶ŠÖÆÐÔ¹«·e½ðÓ‹„£¨Ò»°ã£©ÒŽÀý¡·µÚ 206(2) —lÒÔëŠ×Ó·½Ê½½ÓÊÕÏàêPÍ¨Öª»ò ÆäËûÎÄ¼þµÄÍ¬Òâ£¬ßmÓÃì¶ ( ÈçÉÏËùÊ¾ ) ±¾ÈËËùÓÐÓÉ·e½ðÒ×Æ½Ì¨ÓÐÏÞ¹«Ë¾¹ÜÀíµÄŠ·e½ðŽ¤‘ô£¬»òÉÏÊöÖ¸...
INFO:chroma_service:PII detected and redacted in document split: Terms and Conditions for Receiving Notices, Documents and Other Communications by Electronic Means ÒÔ...
INFO:chroma_service:PII detected and redacted in document split: D. DIRECT MARKETING CONSENT OF THE SCHEME Ó‹„µÄÖ±½Ó´ÙäNÒâÏò...
INFO:chroma_service:PII detected and redacted in document split: You agree to (i) provide your consent for eMPF Platform Company Limited to transfer your personal da...
INFO:chroma_service:PII detected and redacted in document split: . ÄãÍ¬Òâ (a) ·e½ðÒ×Æ½Ì¨ÓÐÏÞ¹«Ë¾¸ù“þÆä‚€ÈËÙYÁÏÊÕ¼¯Â•Ã÷¼°ÄãËùµÇÓ›µÄŠ·e½ðÓ‹„ÊÜÓšÈË¸ù“þÆä‚€ÈËÙYÁÏÊÕ¼¯Â•Ã÷²¿·Ö (i) ÞDÒÆÄãµÄ‚€ÈËÙYÁÏÓèÄãËù µÇÓ›µÄŠ·e½ðÓ‹„µÄÊÜÓšÈË£¬¼° (ii) Ô“ÊÜÓšÈËÞDÒÆ...
INFO:chroma_service:PII detected and redacted in document split: Yes Í¬Òâ No ·´Œ¦ 3 of 9 1...
INFO:chroma_service:PII detected and redacted in document split: E. CHANGE OF PAYMENT METHOD 5 ¸ü¸Ä¸¶¿î·½Ê½ 5 £¨ For Self-Employed Person only ƒHÏÞ×ÔƒlÈËÊ¿ £©...
INFO:chroma_service:PII detected and redacted in document split: If you would like to change the payment method in relation to direct debit 6, please download "Direc...
INFO:chroma_service:PII detected and redacted in document split: Form Centre ±í¸ñÖÐÐÄ...
INFO:chroma_service:PII detected and redacted in document split: 5 This part is not applicable for SHKP MPF Employer Sponsored Scheme. ´Ë²¿·Ö²»ßmÓÃì¶ÐÂµØŠ·e½ðƒlÖ÷ IÞkÓ‹„¡£ 6 The setu...
INFO:chroma_service:PII detected and redacted in document split: F. AUTHORIZATION AND DECLARATION ÊÚ™à¼°Â•Ã÷...
INFO:chroma_service:PII detected and redacted in document split: By signing this form, the Member ( "I" ) ÔÚºžÊð±¾±í¸ñ£¬³É†T ( ÏÂ·Q¡¸±¾ÈË¡¹) : 1....
INFO:chroma_service:PII detected and redacted in document split: I hereby confirm that I have received, read and understood the General Terms and Conditions of the e...
INFO:chroma_service:PII detected and redacted in document split: . I confirm that the information provided by me to the eMPF Platform / the Trustee(s) in this form i...
INFO:chroma_service:PII detected and redacted in document split: I agree to indemnify and keep the eMPF Platform / the Trustee(s) indemnified against any and all los...
INFO:chroma_service:PII detected and redacted in document split: Signature of Member ¨‹...
INFO:chroma_service:PII detected and redacted in document split: ³É†TºžÊð ¨‹ Date ÈÕÆÚ...
INFO:chroma_service:PII detected and redacted in document split: ¨‹ The signature should match with the signature specimen maintained by the eMPF Platform. If you are...
INFO:chroma_service:PII detected and redacted in document split: Centres. ºžÊð±ØíšÅc·e½ðÒ×Æ½Ì¨µÄºžÊð˜ÓÊ½Ïà·û¡£ÈçÄãŸo·¨Ìá¹©ÓÐÐ§µÄºžÊðÒÔ¹©ºËŒ£¬ÕˆÇ°Íù·e½ðÒ×·þ„ÕÖÐÐÄ¡£...
INFO:chroma_service:PII detected and redacted in document split: \u2726 Warning ¾¯¸æ : Pursuant to section 43E of the Mandatory Provident Fund Schemes Ordinance ( Cap...
INFO:chroma_service:PII detected and redacted in document split: . 485 ), a person who, in any document given to (i) the MPFA, (ii) a system operator of the eMPF Pla...
INFO:chroma_service:PII detected and redacted in document split: . A person who knowingly and wilfully makes ( otherwise than on oath ) a statement false in a materi...
INFO:chroma_service:PII detected and redacted in document split: . 200 ) and is liable on conviction to imprisonment for two years and to a fine. ¸ù“þ¡¶ŠÖÆÐÔ¹«·e½ðÓ‹„—lÀý¡·( µÚ 4...
INFO:chroma_service:PII detected and redacted in document split: Submission Channels ßf½»Í¾½...
INFO:chroma_service:PII detected and redacted in document split: Enquiries ²éÔƒ...
INFO:chroma_service:PII detected and redacted in document split: Post: PO Box 98929 Tsim Sha Tsui Post O\ufb03ce à]¼Ä : ¼âÉ³¾×à]Õþ¾Öà]ÕþÐÅÏä 98929 Ì–...
INFO:chroma_service:PII detected and redacted in document split: eMPF Customer Service Hotline ·e½ðÒ×¿Í‘ô·þ„ÕŸá¾€ : 183 2622...
INFO:chroma_service:PII detected and redacted in document split: Drop-in Box in any one of the eMPF Service Centres below ÏÂÁÐÈÎºÎÒ»ég·e½ðÒ×·þ„ÕÖÐÐÄµÄÍ¶ßfÏä...
INFO:chroma_service:PII detected and redacted in document split: Email address ëŠà]µØÖ· : enquiry@support.empf.org.hk...
INFO:chroma_service:PII detected and redacted in document split: Email address * ëŠà]µØÖ· * : forms@support.empf.org.hk...
INFO:chroma_service:PII detected and redacted in document split: Fax ‚÷Õæ : 3197 2922...
INFO:chroma_service:PII detected and redacted in document split: Fax * ‚÷Õæ * : 3197 2988...
INFO:chroma_service:PII detected and redacted in document split: Please do NOT submit duplicate copies to avoid duplication....
INFO:chroma_service:PII detected and redacted in document split: ÕˆÎðßf½»ÏàÍ¬±í¸ñ£¬ÒÔÃâÖØÑ}¡£...
INFO:chroma_service:PII detected and redacted in document split: eMPF Service Centres Address & Service Hours ·e½ðÒ×·þ„ÕÖÐÐÄµØÖ·¼°·þ„Õ•rég...
INFO:chroma_service:PII detected and redacted in document split: Hong Kong Island Ïã¸Ûu Unit 601B, 6/F, Dah Sing Financial Centre,...
INFO:chroma_service:PII detected and redacted in document split: Kowloon ¾Åýˆ Suites 1205-6, 12/F, Chinachem Golden Plaza,...
INFO:chroma_service:PII detected and redacted in document split: New Territories ÐÂ½ç Suite 1802A, 18/F, Tower 2, Nina Tower,...
INFO:chroma_service:PII detected and redacted in document split: No. 248 Queen's Road East, Wanchai, Hong Kong Ïã¸Ûž³×Ð»Êºó´óµÀ–| 248 Ì–´óÐÂ½ðÈÚÖÐÐÄ 6 ˜Ç 601B ÊÒ...
INFO:chroma_service:PII detected and redacted in document split: No. 77 Mody Road, Tsim Sha Tsui East, Kowloon ¾Åýˆ¼âÉ³¾×–|²¿üNµØµÀ 77 Ì–ÈAí®Vˆö 12 ˜Ç 1205-6 ÊÒ...
INFO:chroma_service:PII detected and redacted in document split: No. 8 Yeung Uk Road, Tsuen Wan, New Territories ÐÂ½çÜõž³—îÎÝµÀ 8 Ì–ÈçÐÄVˆöµÚ 2 ×ù 18 ˜Ç 1802A ÊÒ...
INFO:chroma_service:PII detected and redacted in document split: Service Hours ·þ„Õ•rég : Monday to Friday Saturday Sunday & Public Holiday...
INFO:chroma_service:PII detected and redacted in document split: ÐÇÆÚÒ»ÖÁÎå ÐÇÆÚÁù ÐÇÆÚÈÕ¼°¹«±Š¼ÙÆÚ...
INFO:chroma_service:PII detected and redacted in document split: 9:00 am ¨C 6:00 pm 9:00 am ¨C 1:00 pm Closed ÐÝÏ¢...
INFO:chroma_service:PII detected and redacted in document split: ÉÏÎç 9 •r ÖÁ ÏÂÎç 6 •r ÉÏÎç 9 •r ÖÁ ÏÂÎç 1 •r...
INFO:chroma_service:PII detected and redacted in document split: eMPF Customer Service Hotline Service Hours ·e½ðÒ×¿Í‘ô·þ„ÕŸá¾€·þ„Õ•rég...
INFO:chroma_service:PII detected and redacted in document split: Monday to Friday Saturday Sunday & Public Holiday...
INFO:chroma_service:PII detected and redacted in document split: ÐÇÆÚÒ»ÖÁÎå ÐÇÆÚÁù ÐÇÆÚÈÕ¼°¹«±Š¼ÙÆÚ...
INFO:chroma_service:PII detected and redacted in document split: 9:00 am ¨C 7:00 pm 9:00 am ¨C 1:00 pm Closed ÐÝÏ¢...
INFO:chroma_service:PII detected and redacted in document split: ÉÏÎç 9 •r ÖÁ ÏÂÎç 7 •r ÉÏÎç 9 •r ÖÁ ÏÂÎç 1 •r...
INFO:chroma_service:PII detected and redacted in document split: Not applicable for submission of certified true copy ( if any ). ²»ßmÓÃì¶ßf½»ÕJ×C¸±±¾ ( ÈçÓÐ )¡£...
INFO:chroma_service:PII detected and redacted in document split: APPENDIX A: LIST OF "PERSONAL INFORMATION COLLECTION STATEMENT" ( "PICS" ) OF THE eMPF PLATFORM AND ...
INFO:chroma_service:PII detected and redacted in document split: Below are the PICS of the eMPF Platform and the onboarded MPF schemes. Please download and read the ...
INFO:chroma_service:PII detected and redacted in document split: . ÏÂÁÐžé·e½ðÒ×Æ½Ì¨¼°ÒÑÞDÒÆÖÁ·e½ðÒ×Æ½Ì¨µÄŠ·e½ðÓ‹„µÄ¡¸Â•Ã÷¡¹¡£ÕˆžgÓ[·e ½ðÒ×Æ½Ì¨µÄ¾Wí“»ò’ßÃèÏàêP¶þ¾S´aÏÂÝd¼°Ô”é†·e½ðÒ×Æ½Ì¨¼°ÒÑÞDÒÆÖÁ·e½ðÒ×Æ½Ì¨µÄŠ·e½ðÓ‹„¡¸Â•Ã÷¡¹¡£ÄãÒà¿ÉÖÂëŠ·e½ðÒ×¿Í‘ô·þ„ÕŸá¾€ 18...
INFO:chroma_service:PII detected and redacted in document split: Personal Information Collection Statement of The eMPF Platform ·e½ðÒ×Æ½Ì¨ÊÕ¼¯‚€ÈËÙYÁÏÂ•Ã÷...
INFO:chroma_service:PII detected and redacted in document split: Link / QR Code ßB½Y¨u¶þ¾S´a...
INFO:chroma_service:PII detected and redacted in document split: The eMPF Platform ·e½ðÒ×Æ½Ì¨...
INFO:chroma_service:PII detected and redacted in document split: Personal Information Collection Statement of The Onboarded MPF Schemes ÒÑÞDÒÆÖÁ·e½ðÒ×Æ½Ì¨µÄŠ·e½ðÓ‹„ÊÕ¼¯‚€ÈËÙYÁÏÂ•Ã÷...
INFO:chroma_service:PII detected and redacted in document split: Scheme Name Ó‹„Ãû·Q...
INFO:chroma_service:PII detected and redacted in document split: Trustee Name ÊÜÓšÈËÃû·Q...
INFO:chroma_service:PII detected and redacted in document split: Scheme Onboarding Date Ó‹„ÞDÒÆÈÕÆÚ ( DD / MM / YYYY ÈÕ¨uÔÂ¨uÄê )...
INFO:chroma_service:PII detected and redacted in document split: Link / QR Code ßB½Y¨u¶þ¾S´a...
INFO:chroma_service:PII detected and redacted in document split: AIA MPF - Prime Value Choice ÓÑ°îŠ·e½ðƒžßxÓ‹„...
INFO:chroma_service:PII detected and redacted in document split: AIA Company (Trustee) Limited ÓÑ°î£¨ÐÅÓš£©ÓÐÏÞ¹«Ë¾...
INFO:chroma_service:PII detected and redacted in document split: AMTD MPF Scheme AMTD Š·e½ðÓ‹„...
INFO:chroma_service:PII detected and redacted in document split: Bank Consortium Trust Company Limited ãyÂ“ÐÅÓšÓÐÏÞ¹«Ë¾...
INFO:chroma_service:PII detected and redacted in document split: BCOM Joyful Retirement MPF Scheme ½»Í¨ãyÐÐÓäÓ¯ÍËÐÝŠ·e½ðÓ‹„...
INFO:chroma_service:PII detected and redacted in document split: Bank of Communications Trustee Limited ½»Í¨ãyÐÐÐÅÓšÓÐÏÞ¹«Ë¾...
INFO:chroma_service:PII detected and redacted in document split: BCT (MPF) Pro Choice BCT ·e½ðÖ®ßx...
INFO:chroma_service:PII detected and redacted in document split: Bank Consortium Trust Company Limited ãyÂ“ÐÅÓšÓÐÏÞ¹«Ë¾...
INFO:chroma_service:PII detected and redacted in document split: BCT Strategic MPF Scheme BCT Š·e½ð²ßÂÔÓ‹„...
INFO:chroma_service:PII detected and redacted in document split: BEA (MPF) Master Trust Scheme –|†£¨Š·e½ð£©¼¯³ÉÐÅÓšÓ‹„...
INFO:chroma_service:PII detected and redacted in document split: Bank of East Asia (Trustees) Limited –|†ãyÐÐ£¨ÐÅÓš£©ÓÐÏÞ¹«Ë¾...
INFO:chroma_service:PII detected and redacted in document split: BEA (MPF) Value Scheme –|†£¨Š·e½ð£©Ïí»ÝÓ‹„...
INFO:chroma_service:PII detected and redacted in document split: BOC-Prudential Easy-Choice Mandatory Provident Fund Scheme ÖÐãy±£Õ\º†Ò×Š·e½ðÓ‹„...
INFO:chroma_service:PII detected and redacted in document split: BOCI-Prudential Trustee Limited ÖÐãy‡øëHÓ¢‡ø±£Õ\ÐÅÓšÓÐÏÞ¹«Ë¾...
INFO:chroma_service:PII detected and redacted in document split: China Life MPF Master Trust Scheme ÖÐ‡øÈË‰ÛŠ·e½ð¼¯³ÉÐÅÓšÓ‹„...
INFO:chroma_service:PII detected and redacted in document split: China Life Trustees Limited ÖÐ‡øÈË‰ÛÐÅÓšÓÐÏÞ¹«Ë¾...
INFO:chroma_service:PII detected and redacted in document split: Manulife RetireChoice (MPF) Scheme ºêÀûÍËÐÝ¾«ßx£¨Š·e½ð£©Ó‹„...
INFO:chroma_service:PII detected and redacted in document split: Bank Consortium Trust Company Limited ãyÂ“ÐÅÓšÓÐÏÞ¹«Ë¾...
INFO:chroma_service:PII detected and redacted in document split: MASS Mandatory Provident Fund Scheme ÈfÈ«ŠÖÆÐÔ¹«·e½ðÓ‹„...
INFO:chroma_service:PII detected and redacted in document split: YF Life Trustees Limited ÈfÍ¨ÐÅÓšÓÐÏÞ¹«Ë¾...
INFO:chroma_service:PII detected and redacted in document split: My Choice Mandatory Provident Fund Scheme ÎÒµÄŠ·e½ðÓ‹„...
INFO:chroma_service:PII detected and redacted in document split: BOCI-Prudential Trustee Limited ÖÐãy‡øëHÓ¢‡ø±£Õ\ÐÅÓšÓÐÏÞ¹«Ë¾...
INFO:chroma_service:PII detected and redacted in document split: Personal Information Collection Statement of The Onboarded MPF Schemes ÒÑÞDÒÆÖÁ·e½ðÒ×Æ½Ì¨µÄŠ·e½ðÓ‹„ÊÕ¼¯‚€ÈËÙYÁÏÂ•Ã÷...
INFO:chroma_service:PII detected and redacted in document split: Scheme Name Ó‹„Ãû·Q...
INFO:chroma_service:PII detected and redacted in document split: Trustee Name ÊÜÓšÈËÃû·Q...
INFO:chroma_service:PII detected and redacted in document split: Scheme Onboarding Date Ó‹„ÞDÒÆÈÕÆÚ ( DD / MM / YYYY ÈÕ¨uÔÂ¨uÄê )...
INFO:chroma_service:PII detected and redacted in document split: Link / QR Code ßB½Y¨u¶þ¾S´a...
INFO:chroma_service:PII detected and redacted in document split: Principal MPF ¨C Simple Plan ÐÅ°²Š·e½ð ¨C Ò×¸»Ö®ßx...
INFO:chroma_service:PII detected and redacted in document split: Principal MPF ¨C Smart Plan ÐÅ°²Š·e½ð ¨C Ã÷ÖÇÖ®ßx...
INFO:chroma_service:PII detected and redacted in document split: Principal Trust Company (Asia) Limited ÐÅ°²ÐÅÓš£¨†ÖÞ£©ÓÐÏÞ¹«Ë¾...
INFO:chroma_service:PII detected and redacted in document split: Principal MPF Scheme Series 800 ÐÅ°²Š·e½ðÓ‹„ 800 ÏµÁÐ...
INFO:chroma_service:PII detected and redacted in document split: SHKP MPF Employer Sponsored Scheme ÐÂµØŠ·e½ðƒlÖ÷ IÞkÓ‹„...
INFO:chroma_service:PII detected and redacted in document split: Standard Chartered Trustee (Hong Kong) Limited Ôü´òÐÅÓš ( Ïã¸Û ) ÓÐÏÞ¹«Ë¾...
INFO:chroma_service:PII detected and redacted in document split: APPENDIX B: LIST OF REQUIRED DOCUMENT(S) FOR MEMBER INFORMATION CHANGE ¸½ä› B: ³É†T¸ü¸ÄÙYÁÏËùÐèÎÄ¼þÁÐ±í...
INFO:chroma_service:PII detected and redacted in document split: Change Items ¸ü¸Äí—Ä¿ ( Please refer to List of Required Documents table below for document code details...
INFO:chroma_service:PII detected and redacted in document split: Scheme Name Ó‹„Ãû·Q...
INFO:chroma_service:PII detected and redacted in document split: (1) Member Name ³É†TÃû·Q...
INFO:chroma_service:PII detected and redacted in document split: (2) HKID Card / Passport No. Ïã¸ÛÉí·Ý×C¨u ×oÕÕÌ–´a...
INFO:chroma_service:PII detected and redacted in document split: (3) Date of Birth ³öÉúÈÕÆÚ...
INFO:chroma_service:PII detected and redacted in document split: (4) Nationality ‡ø¼®...
INFO:chroma_service:PII detected and redacted in document split: (5) Signature Specimen ¦¸ ºžÊð˜ÓÊ½...
INFO:chroma_service:PII detected and redacted in document split: AIA MPF - Prime Value Choice ÓÑ°îŠ·e½ðƒžßxÓ‹„...
INFO:chroma_service:PII detected and redacted in document split: A1, A2, A3 ( if applicable ÈçßmÓÃ )...
INFO:chroma_service:PII detected and redacted in document split: AMTD MPF Scheme AMTD Š·e½ðÓ‹„...
INFO:chroma_service:PII detected and redacted in document split: A3, B1, B2 ( if applicable ÈçßmÓÃ )...
INFO:chroma_service:PII detected and redacted in document split: BCOM Joyful Retirement MPF Scheme ½»Í¨ãyÐÐÓäÓ¯ÍËÐÝŠ·e½ðÓ‹„...
INFO:chroma_service:PII detected and redacted in document split: BCT (MPF) Pro Choice BCT ·e½ðÖ®ßx...
INFO:chroma_service:PII detected and redacted in document split: BCT Strategic MPF Scheme BCT Š·e½ð²ßÂÔÓ‹„...
INFO:chroma_service:PII detected and redacted in document split: A3, B1, B2 ( if applicable ÈçßmÓÃ )...
INFO:chroma_service:PII detected and redacted in document split: BEA (MPF) Master Trust Scheme –|†£¨Š·e½ð£©¼¯³ÉÐÅÓšÓ‹„...
INFO:chroma_service:PII detected and redacted in document split: BEA (MPF) Value Scheme –|†©vŠ·e½ð©wÏí»ÝÓ‹„...
INFO:chroma_service:PII detected and redacted in document split: BOC-Prudential Easy-Choice Mandatory Provident Fund Scheme ÖÐãy±£Õ\º†Ò×Š·e½ðÓ‹„...
INFO:chroma_service:PII detected and redacted in document split: A1, A2, A3 ( if applicable ÈçßmÓÃ )...
INFO:chroma_service:PII detected and redacted in document split: China Life MPF Master Trust Scheme ÖÐ‡øÈË‰ÛŠ·e½ð¼¯³ÉÐÅÓšÓ‹„...
INFO:chroma_service:PII detected and redacted in document split: Manulife RetireChoice (MPF) Scheme ºêÀûÍËÐÝ¾«ßx£¨Š·e½ð£©Ó‹„...
INFO:chroma_service:PII detected and redacted in document split: A3, B1, B2 ( if applicable ÈçßmÓÃ )...
INFO:chroma_service:PII detected and redacted in document split: MASS Mandatory Provident Fund Scheme ÈfÈ«ŠÖÆÐÔ¹«·e½ðÓ‹„...
INFO:chroma_service:PII detected and redacted in document split: My Choice Mandatory Provident Fund Scheme ÎÒµÄŠ·e½ðÓ‹„...
INFO:chroma_service:PII detected and redacted in document split: A1, A2, A3 ( if applicable ÈçßmÓÃ )...
INFO:chroma_service:PII detected and redacted in document split: Principal MPF ¨C Simple Plan ÐÅ°²Š·e½ð ¨C Ò×¸»Ö®ßx...
INFO:chroma_service:PII detected and redacted in document split: Principal MPF ¨C Smart Plan ÐÅ°²Š·e½ð ¨C Ã÷ÖÇÖ®ßx...
INFO:chroma_service:PII detected and redacted in document split: A1, A2, A3 ( if applicable ÈçßmÓÃ )...
INFO:chroma_service:PII detected and redacted in document split: Principal MPF Scheme Series 800 ÐÅ°²Š·e½ðÓ‹„ 800 ÏµÁÐ...
INFO:chroma_service:PII detected and redacted in document split: SHKP MPF Employer Sponsored Scheme ÐÂµØŠ·e½ðƒlÖ÷ IÞkÓ‹„...
INFO:chroma_service:PII detected and redacted in document split: (i) A1 and ¼° , (ii) A2 and / or ¼°¨u »ò A3 ( if applicable ÈçßmÓÃ )...
INFO:chroma_service:PII detected and redacted in document split: ¦¸ If member fails to provide the signature that matches with the signature specimen of the eMPF Plat...
INFO:chroma_service:PII detected and redacted in document split: ¡ø For an employee member, please provide a copy. If not, please provide a certified true copy. ÈçŒÙƒl†T³É...
INFO:chroma_service:PII detected and redacted in document split: List of Required Documents ^ ËùÐèÎÄ¼þÁÐ±í ^...
INFO:chroma_service:PII detected and redacted in document split: Document Types ÎÄ¼þî„e...
INFO:chroma_service:PII detected and redacted in document split: Copy ¸±±¾...
INFO:chroma_service:PII detected and redacted in document split: Certi\ufb01ed True Copy...
INFO:chroma_service:PII detected and redacted in document split: ¨Œ ÕJ×C¸±±¾ ¨Œ...
INFO:chroma_service:PII detected and redacted in document split: Identity Proof Document Éí·Ö×CÃ÷ÎÄ¼þ ( e.g. HKID Card / Passport ÀýÈçÏã¸ÛÉí·Ý×C¨u×oÕÕ )...
INFO:chroma_service:PII detected and redacted in document split: Deed Poll ¸ÄÃûÆõ...
INFO:chroma_service:PII detected and redacted in document split: Marriage Certificate / Legal Documents issued by Family Court ( for divorce case ) ½Y»é×C•ø¨u ¼ÒÊÂ·¨Í¥°l³öµÄ·¨¶¨ÎÄ¼þ...
INFO:chroma_service:PII detected and redacted in document split: Statutory Declaration of the Relevant Change ÏàêP¸ü¸ÄµÄ·¨¶¨Â•Ã÷...
INFO:chroma_service:PII detected and redacted in document split: ^ Apart from the above required documents, additional documents may be requested on a case-by-case b...
INFO:chroma_service:PII detected and redacted in document split: . ³ýÉÏÊöËùÐèÎÄ¼þÍâ£¬·e½ðÒ×Æ½Ì¨•þ¸ù“þ¾ßówÇé›rÒªÇóÌá¹©î~ÍâÎÄ¼þ¡£ÈçÎ´ÄÜÌá¹©ËùÐèÎÄ¼þ£¬·e½ðÒ× Æ½Ì¨Œ¢Ÿo·¨Ìá¹©ëSááµÄŠ·e½ðÏàêP·þ„Õ¡£ Certified true copies should be cer...
INFO:chroma_service:PII detected and redacted in document split: ¨uÂÉŽŸ¨u¹«×CÈË¨uŒ£˜I¹«Ë¾ÃØ•ø£»»ò...
INFO:chroma_service:PII detected and redacted in document split: (ii) a person from any designated channel(s) acceptable by the Trustee(s) of the Scheme(s). For deta...
INFO:chroma_service:PII detected and redacted in document split: ¿ÉµÄÖ¸¶¨ÈËÊ¿£¬ÕˆÍ¸ß^ÊÜÓšÈË¾Wí“¨uŸá¾€Â“½jÊÜÓšÈË²éÔƒÔ”Çé¡£...
INFO:root:File MPF SCHEME - MEMBER INFORMATION CHANGE FORM.pdf uploaded and indexed with file_id 70
INFO:sentence_transformers.SentenceTransformer:Use pytorch device_name: cpu
INFO:sentence_transformers.SentenceTransformer:Load pretrained SentenceTransformer: sentence-transformers/all-MiniLM-L6-v2
INFO:sentence_transformers.SentenceTransformer:Use pytorch device_name: cpu
INFO:sentence_transformers.SentenceTransformer:Load pretrained SentenceTransformer: sentence-transformers/all-MiniLM-L6-v2
INFO:sentence_transformers.SentenceTransformer:Use pytorch device_name: cpu
INFO:sentence_transformers.SentenceTransformer:Load pretrained SentenceTransformer: sentence-transformers/all-MiniLM-L6-v2
INFO:sentence_transformers.SentenceTransformer:Use pytorch device_name: cpu
INFO:sentence_transformers.SentenceTransformer:Load pretrained SentenceTransformer: sentence-transformers/all-MiniLM-L6-v2
INFO:sentence_transformers.SentenceTransformer:Use pytorch device_name: cpu
INFO:sentence_transformers.SentenceTransformer:Load pretrained SentenceTransformer: sentence-transformers/all-MiniLM-L6-v2
INFO:sentence_transformers.SentenceTransformer:Use pytorch device_name: cpu
INFO:sentence_transformers.SentenceTransformer:Load pretrained SentenceTransformer: sentence-transformers/all-MiniLM-L6-v2
INFO:sentence_transformers.SentenceTransformer:Use pytorch device_name: cpu
INFO:sentence_transformers.SentenceTransformer:Load pretrained SentenceTransformer: sentence-transformers/all-MiniLM-L6-v2
INFO:sentence_transformers.SentenceTransformer:Use pytorch device_name: cpu
INFO:sentence_transformers.SentenceTransformer:Load pretrained SentenceTransformer: sentence-transformers/all-MiniLM-L6-v2
INFO:sentence_transformers.SentenceTransformer:Use pytorch device_name: cpu
INFO:sentence_transformers.SentenceTransformer:Load pretrained SentenceTransformer: sentence-transformers/all-MiniLM-L6-v2
INFO:sentence_transformers.SentenceTransformer:Use pytorch device_name: cpu
INFO:sentence_transformers.SentenceTransformer:Load pretrained SentenceTransformer: sentence-transformers/all-MiniLM-L6-v2
INFO:sentence_transformers.SentenceTransformer:Use pytorch device_name: cpu
INFO:sentence_transformers.SentenceTransformer:Load pretrained SentenceTransformer: sentence-transformers/all-MiniLM-L6-v2
INFO:sentence_transformers.SentenceTransformer:Use pytorch device_name: cpu
INFO:sentence_transformers.SentenceTransformer:Load pretrained SentenceTransformer: sentence-transformers/all-MiniLM-L6-v2
INFO:sentence_transformers.SentenceTransformer:Use pytorch device_name: cpu
INFO:sentence_transformers.SentenceTransformer:Load pretrained SentenceTransformer: sentence-transformers/all-MiniLM-L6-v2
INFO:sentence_transformers.SentenceTransformer:Use pytorch device_name: cpu
INFO:sentence_transformers.SentenceTransformer:Load pretrained SentenceTransformer: sentence-transformers/all-MiniLM-L6-v2
